{
    "id": 76497319,
    "name": "Shitty Abandoned",
    "author": "Scware",
    "creators": [],
    "verifier": "hexuri",
    "verification": "https://www.youtube.com/watch?v=Tlzh9FZq3XI&lc=UgwjISsnJXkzSYwWtLR4AaABAg",
    "percentToQualify": 100,
    "password": "Not Copyable",
    "records": [
        {
            "user": "Shel",
            "link": "https://youtu.be/t0u13d7scFc",
            "percent": 100,
            "hz": 144
        },
        {
            "user": "ObvSilver",
            "link": "https://youtu.be/D9SwbnMjsbA",
            "percent": 100,
            "hz": 165
        },
        {
            "user": "attrixia",
            "link": "https://youtu.be/PiXietwg8v0",
            "percent": 100,
            "hz": 150
        },
        {
            "user": "andredragon",
            "link": "https://www.youtube.com/watch?v=lJmF_j6XxKQ",
            "percent": 100,
            "hz": 360
        },
        {
            "user": "Dandy Chiggins",
            "link": "https://www.youtube.com/watch?v=jEnK0NEC67c",
            "percent": 100,
            "hz": 240
        },
        {
            "user": "NoumnoumGD",
            "link": "https://youtu.be/nx9XdxkScj0",
            "percent": 82,
            "hz": 300
        },
        {
            "user": "LzKlauss",
            "link": "https://www.youtube.com/watch?v=uMpNiU5sa9E",
            "percent": 100,
            "hz": 240
        },
        {
            "user": "ii_Savageboy",
            "link": "https://youtu.be/SXZMlII6HUY",
            "percent": 100,
            "hz": 144
        },
        {
            "user": "iRaily",
            "link": "https://youtu.be/yNNE81lWPww",
            "percent": 100,
            "hz": 288
        },
        {
            "user": "Cric2",
            "link": "https://www.youtube.com/watch?v=BjB9B1Iwx-k",
            "percent": 100,
            "hz": 240
        },
        {
            "user": "Riptide",
            "link": "https://youtu.be/tXl3NdMGrk4",
            "percent": 100,
            "hz": 120
        },
        {
            "user": "fox",
            "link": "https://www.youtube.com/watch?v=elrmfDD_T8U",
            "percent": 100,
            "hz": 240
        },
        {
            "user": "Droixzz",
            "link": "https://www.youtube.com/watch?v=TYZgYGO1MgE&ab_channel=Droixz",
            "percent": 70,
            "hz": 360
        },
        {
            "user": "T333",
            "link": "https://youtu.be/mh38yAwMX6g",
            "percent": 100,
            "hz": 240
        },
        {
            "user": "Juanjoim2007",
            "link": "https://youtu.be/hxKmYkMCsg4",
            "percent": 100,
            "hz": 144
        },
        {
            "user": "UnhealthyPoro",
            "link": "https://www.youtube.com/watch?v=cP7TfdMXteE",
            "percent": 69,
            "hz": 240
        },
        {
            "user": "biskit",
            "link": "https://www.youtube.com/watch?v=fMEE-yC6LXU",
            "percent": 100,
            "hz": 360
        },
        {
            "user": "Snakez363",
            "link": "https://youtu.be/Gt3Lf6wxBgM",
            "percent": 100,
            "hz": 144
        },
        {
            "user": "Samuuu18",
            "link": "https://www.youtube.com/watch?v=ONldu0DVx3c",
            "percent": 100,
            "hz": 360
        },
        {
            "user": "JaByUs",
            "link": "https://youtu.be/JZBc_nU3MOs",
            "percent": 100,
            "hz": 300
        }
    ]
}
