{
    "id": 72189223,
    "name": "Shitty Acheron",
    "author": "FireRift",
    "creators": [],
    "verifier": "Slayer",
    "verification": "https://youtu.be/WESWXRytQNU",
    "percentToQualify": 100,
    "records": [
        {
            "user": "iRaily",
            "link": "https://youtu.be/qqkdkZiYjnI",
            "percent": 100,
            "hz": 288
        },
        {
            "user": "Davine_007",
            "link": "https://www.youtube.com/watch?v=NHL7pymObrU",
            "percent": 100,
            "hz": 144
        },
        {
            "user": "attrixia",
            "link": "https://youtu.be/Cq3NFRhnOyo",
            "percent": 100,
            "hz": 150
        },
        {
            "user": "Holojen",
            "link": "https://youtu.be/Txf8TqDCc0k",
            "percent": 100,
            "hz": 288
        },
        {
            "user": "Echo",
            "link": "https://www.youtube.com/watch?v=LPdG4CniX2U",
            "percent": 100,
            "hz": 144
        },
        {
            "user": "Emonadeo",
            "link": "https://youtu.be/tINci8HuhC8",
            "percent": 100,
            "hz": 240
        },
        {
            "user": "VenenoG",
            "link": "https://www.youtube.com/watch?v=WKhIZeM5gko",
            "percent": 95,
            "hz": 288
        },
        {
            "user": "Samuuu18",
            "link": "https://youtu.be/LpMutRkK3KI",
            "percent": 100,
            "hz": 180
        },
        {
            "user": "WaveAZ",
            "link": "https://www.youtube.com/watch?v=jSYbopJYH_k",
            "percent": 100,
            "hz": 360
        },
        {
            "user": "Shel",
            "link": "https://youtu.be/XNBFR4GZjmE",
            "percent": 100,
            "hz": 144
        },
        {
            "user": "Tai0",
            "link": "https://youtu.be/bE-em5g4zgk",
            "percent": 100,
            "hz": 144
        },
        {
            "user": "zygimantux",
            "link": "https://www.youtube.com/watch?v=Mqwz6_X1zDs",
            "percent": 91,
            "hz": 144
        },
        {
            "user": "SupaX_",
            "link": "https://youtu.be/RpD8EPoLBzQ",
            "percent": 100,
            "hz": 240
        },
        {
            "user": "Nolife",
            "link": "https://youtu.be/D8VerARizr4",
            "percent": 100,
            "hz": 240
        },
        {
            "user": "WilltheRen",
            "link": "https://www.youtube.com/7r2gmBbvN8E",
            "percent": 100,
            "hz": 165
        },
        {
            "user": "BrightBird",
            "link": "https://www.youtube.com/watch?v=NT2PjDXHvy0",
            "percent": 100,
            "hz": 288
        },
        {
            "user": "Dandy Chiggins",
            "link": "https://www.youtube.com/watch?v=e1SKLIwhsr8",
            "percent": 100,
            "hz": 240
        },
        {
            "user": "Blueberry",
            "link": "https://www.youtube.com/watch?v=senTPWHCZUY",
            "percent": 100,
            "hz": 360
        },
        {
            "user": "Decin0",
            "link": "https://youtu.be/r25Ytpdo-hI",
            "percent": 100,
            "hz": 288
        },
        {
            "user": "sketch",
            "link": "https://youtu.be/kSp_4lwvpss",
            "percent": 100,
            "hz": 360
        },
        {
            "user": "ObvSilver",
            "link": "https://youtu.be/7x7nX7qQuoM",
            "percent": 100,
            "hz": 165
        },
        {
            "user": "RealEB2610",
            "link": "https://www.youtube.com/watch?v=VUdNN-gMCXo",
            "percent": 100,
            "hz": 288
        },
        {
            "user": "Acacia",
            "link": "https://www.youtube.com/watch?v=LDHSaeZDA70",
            "percent": 100,
            "hz": 288
        },
        {
            "user": "LzKlauss",
            "link": "https://www.youtube.com/watch?v=23Fgr8YrOsc",
            "percent": 100,
            "hz": 360
        },
        {
            "user": "LexTank",
            "link": "https://youtu.be/O1I5U1zH0zc",
            "percent": 100,
            "hz": 360
        },
        {
            "user": "IDeltaPhantomI",
            "link": "https://youtu.be/cHL-stWFBZk",
            "percent": 100,
            "hz": 360
        },
        {
            "user": "Delinquenst",
            "link": "https://youtu.be/QcK5sDnQsJc",
            "percent": 100,
            "hz": 360
        },
        {
            "user": "NiXaNTy",
            "link": "https://www.youtube.com/watch?v=E5bG0Z6yBHk",
            "percent": 100,
            "hz": 360
        },
        {
            "user": "HeartLess",
            "link": "https://youtu.be/5BQ2k-o4NHU",
            "percent": 100,
            "hz": 360
        },
        {
            "user": "ThirtyTwelve",
            "link": "https://youtu.be/7jiOh3ZfnAI",
            "percent": 100,
            "hz": 240
        },
        {
            "user": "Riptide",
            "link": "https://youtu.be/frFVwJd-eCw",
            "percent": 100,
            "hz": 120
        },
        {
            "user": "Andrxw",
            "link": "https://www.youtube.com/watch?v=jhf1v2JXnhc",
            "percent": 100,
            "hz": 144
        },
        {
            "user": "Robulaattori",
            "link": "https://www.youtube.com/watch?v=27OltMSR3Ls",
            "percent": 90,
            "hz": 360
        },
        {
            "user": "Delay",
            "link": "https://www.youtube.com/watch?v=76bFF7y7pQc",
            "percent": 100,
            "hz": 144
        },
        {
            "user": "ItzKuster",
            "link": "https://youtu.be/mYWzt1UAkuw",
            "percent": 100,
            "hz": 300
        },
        {
            "user": "biskit",
            "link": "https://www.youtube.com/watch?v=KdYCTVVUi64",
            "percent": 100,
            "hz": 360
        },
        {
            "user": "Chronic",
            "link": "https://youtu.be/LM86QlVs1dA",
            "percent": 100,
            "hz": 144
        },
        {
            "user": "vKaii",
            "link": "https://www.youtube.com/watch?v=7R95QtHa-QM",
            "percent": 100,
            "hz": 360
        },
        {
            "user": "Jitt3rGD",
            "link": "https://youtu.be/CywiF7rX3tM",
            "percent": 100,
            "hz": 360
        },
        {
            "user": "Andrew14916",
            "link": "https://youtu.be/iL7IDcsvcoY",
            "percent": 100,
            "hz": 288
        },
        {
            "user": "Blotch",
            "link": "https://www.youtube.com/watch?v=uwRJ0e7QVMc",
            "percent": 100,
            "hz": 360
        },
        {
            "user": "damian",
            "link": "https://youtu.be/5POu3QxtoWY",
            "percent": 100,
            "hz": 288
        },
        {
            "user": "Lonrana1278",
            "link": "https://www.youtube.com/watch?v=5Rxg1jEbSxk",
            "percent": 100,
            "hz": 240
        },
        {
            "user": "MgeeN",
            "link": "https://www.youtube.com/watch?v=SQERKIizPAk",
            "percent": 100,
            "hz": 240
        },
        {
            "user": "j4mes",
            "link": "https://www.youtube.com/watch?v=IfcwG8_1asU",
            "percent": 90,
            "hz": 330
        },
        {
            "user": "BlackChaleur",
            "link": "https://youtu.be/CfyldJXEc98",
            "percent": 100,
            "hz": 360
        },
        {
            "user": "Nobelix",
            "link": "https://youtu.be/0OmyrB9Ypng",
            "percent": 100,
            "hz": 360
        },
        {
            "user": "bnuuy",
            "link": "https://www.youtube.com/watch?v=rMSTuqjEWiI",
            "percent": 100,
            "hz": 240
        },
        {
            "user": "Newghs88",
            "link": "https://www.youtube.com/watch?v=dZfqrz_vvx8",
            "percent": 100,
            "hz": 288
        },
        {
            "user": "WaveWarrior",
            "link": "https://youtu.be/ihvtu3xwSeQ",
            "percent": 100,
            "hz": 240
        },
        {
            "user": "Vicrf",
            "link": "https://www.youtube.com/watch?v=wzcwEhYDxXw",
            "percent": 100,
            "hz": 288
        },
        {
            "user": "ksenos",
            "link": "https://youtu.be/DuSzn788Ivc",
            "percent": 100,
            "hz": 360
        },
        {
            "user": "woi",
            "link": "https://www.youtube.com/watch?v=PUmoh5bs3bE",
            "percent": 100,
            "hz": 300
        },
        {
            "user": "Acacia",
            "link": "https://www.youtube.com/watch?v=NoYuu8e9cu0",
            "percent": 100,
            "hz": 360
        },
        {
            "user": "Willow",
            "link": "https://youtu.be/Fe99WP036tQ",
            "percent": 100,
            "hz": 240
        },
        {
            "user": "asdsdvb",
            "link": "https://www.youtube.com/watch?v=1Uvp_3SwkJg",
            "percent": 100,
            "hz": 240
        }
    ]
}
