{
    "id": 67942768,
    "name": "Shitty Aerial Gleam",
    "author": "chspchips",
    "creators": [],
    "verifier": "iRaily",
    "verification": "https://www.youtube.com/watch?v=ghMSAgmih0U",
    "percentToQualify": 53,
      "records": [
        {
            "user": "BrightBird",
            "link": "https://youtu.be/Ler6bBSk-SQ",
            "percent": 100,
            "hz": 288
        },
        {
            "user": "Kacro",
            "link": "https://youtu.be/36HYC46hoLA",
            "percent": 100,
            "hz": 360
        },
        {
            "user": "Alaniz004",
            "link": "https://youtu.be/MF_Vbgv5UUI",
            "percent": 100,
            "hz": 360
        },
        {
            "user": "biskit",
            "link": "https://youtu.be/--0oGvYUcoo",
            "percent": 100,
            "hz": 360
        },
        {
            "user": "Marke",
            "link": "https://youtu.be/ubot5PGTX5I",
            "percent": 100,
            "hz": 288
        },
        {
            "user": "Dandy Chiggins",
            "link": "https://www.youtube.com/watch?v=mkmVJ1MR_LY",
            "percent": 100,
            "hz": 360
        },
        {
            "user": "KylashTheKiller",
            "link": "https://youtu.be/YbH58puf28E",
            "percent": 100,
            "hz": 60
        },
        {
            "user": "Kenos Song",
            "link": "https://youtu.be/UBGcrpl688g",
            "percent": 100,
            "hz": 360
        },
        {
            "user": "Gamez",
            "link": "https://www.youtube.com/watch?v=_ar1fTF4hFQ",
            "percent": 100,
            "hz": 240
        },
        {
            "user": "antisynth",
            "link": "https://www.youtube.com/watch?v=2lnXtIqH5Eg",
            "percent": 100,
            "hz": 330
        },
        {
            "user": "Hollow",
            "link": "https://www.youtube.com/watch?v=ceOP6YFixT8",
            "percent": 100,
            "hz": 144
        },
        {
            "user": "Holy",
            "link": "https://www.youtube.com/watch?v=Pg--sBUzRoA",
            "percent": 100,
            "hz": 144
        },
        {
            "user": "SoWOW",
            "link": "https://youtu.be/HEhuflnFJVE",
            "percent": 100,
            "hz": 120
        },
        {
            "user": "HeartLess",
            "link": "https://youtu.be/0ti3_xNfbqg",
            "percent": 100,
            "hz": 360
        }
    ]
}
