{
    "id": 78632408,
    "name": "Shitty Aesthetic",
    "author": "Whitar",
    "creators": [],
    "verifier": "Andrew14916",
    "verification": "https://www.youtube.com/watch?v=TUb7Wtb-o5w",
    "percentToQualify": 62,
    "records": [
        {
            "user": "Shel",
            "link": "https://youtu.be/KIE2QdhBhCM",
            "percent": 100,
            "hz": 144
        },
        {
            "user": "KylashTheKiller",
            "link": "https://www.youtube.com/watch?v=W7JRBGb0-N4",
            "percent": 100,
            "hz": 60
        },
        {
            "user": "Decin0",
            "link": "https://youtu.be/wXP7cQn1_x4",
            "percent": 100,
            "hz": 288
        },
        {
            "user": "LBoke",
            "link": "https://youtu.be/nnF-xuq1D9s",
            "percent": 100,
            "hz": 180
        },
        {
            "user": "Vink",
            "link": "https://youtu.be/orjVKN9LS58",
            "percent": 100,
            "hz": 120
        },
        {
            "user": "iRaily",
            "link": "https://youtu.be/NPiMQbue0Gk",
            "percent": 100,
            "hz": 288
        },
        {
            "user": "V1PEX7",
            "link": "https://youtu.be/2YLw21KS7JU",
            "percent": 100,
            "hz": 360
        },
        {
            "user": "Snakez363",
            "link": "https://youtu.be/-52nJv-Cy9Q",
            "percent": 100,
            "hz": 144
        },
        {
            "user": "Riptide",
            "link": "https://youtu.be/AV0e6XFdy3w",
            "percent": 100,
            "hz": 120
        }
    ]
}
