{
    "id": 82164293,
    "name": "Shitty AfterCataBath",
    "author": "Prometheus",
    "creators": [
    "CarlIsBored",
    "Sorrym8",
    "WeezL",
    "zFice7",
    "NourTheKing",
    "LairotCaf62",
    "Seabroly",
    "Pandaa"
    ],
    "verifier": "KylashTheKiller",
    "verification": "https://youtu.be/R2JSH3XBdDc",
    "percentToQualify": 57,
    "records": [
        {
            "user": "homegrowntag",
            "link": "https://youtu.be/mTk3hm2RzvA",
            "percent": 100,
            "hz": 360
        }
    ]
}
