{
    "id": 72816893,
    "name": "Shitty Anemesis",
    "author": "strix",
    "creators": [],
    "verifier": "Tai0",
    "verification": "https://youtu.be/ljt0d9WPrCQ",
    "percentToQualify": 63,
    "records": [
        {
            "user": "iRaily",
            "link": "https://www.youtube.com/watch?v=pY7rkwQLxx8",
            "percent": 100,
            "hz": 288
        },
        {
            "user": "Nolife",
            "link": "https://youtu.be/7y97CawWAl0",
            "percent": 100,
            "hz": 240
        },
        {
            "user": "BlueTomcat",
            "link": "https://youtu.be/1wtva0bcYkE",
            "percent": 100,
            "hz": 288
        },
        {
            "user": "orizu",
            "link": "https://youtu.be/fDWnUogvgH8",
            "percent": 100,
            "hz": 360
        },
        {
            "user": "Galaxyx",
            "link": "https://www.youtube.com/watch?v=2g6CK0azGDc&t=12s",
            "percent": 100,
            "hz": 360
        },
        {
            "user": "shovel",
            "link": "https://www.youtube.com/watch?v=nAWRBI2x9Bg",
            "percent": 100,
            "hz": 240
        },
        {
            "user": "WilltheRen",
            "link": "https://www.youtube.com/watch?v=YTNQCt-52uE",
            "percent": 100,
            "hz": 165
        },
        {
            "user": "Sushiboys",
            "link": "https://www.youtube.com/watch?v=GqpiGfixPQ8",
            "percent": 100,
            "hz": 300
        },
        {
            "user": "Dandy Chiggins",
            "link": "https://www.youtube.com/watch?v=k62TwMrbeFM",
            "percent": 100,
            "hz": 240
        },
        {
            "user": "Sydney",
            "link": "https://youtu.be/DfjDfylf65Q",
            "percent": 100,
            "hz": 288
        },
        {
            "user": "CookieGMD",
            "link": "https://www.youtube.com/watch?v=y1JC9nhp3Ps&t=0s",
            "percent": 100,
            "hz": 240
        },
        {
            "user": "attrixia",
            "link": "https://youtu.be/Tf6J51L4quQ",
            "percent": 100,
            "hz": 150
        },
        {
            "user": "BrightBird",
            "link": "https://www.youtube.com/watch?v=f-vSgSLwBT8",
            "percent": 100,
            "hz": 288
        },
        {
            "user": "kacro",
            "link": "https://www.youtube.com/watch?v=gzZlss-OWbU",
            "percent": 100,
            "hz": 300
        },
        {
            "user": "excist",
            "link": "https://youtu.be/ArsYFNO-uD0",
            "percent": 100,
            "hz": 288
        },
        {
            "user": "Gamez",
            "link": "https://www.youtube.com/watch?v=aJ9y-5w5AlE",
            "percent": 100,
            "hz": 144
        },
        {
            "user": "Vicrf",
            "link": "https://www.youtube.com/watch?v=Z9y-L-DcJ9s",
            "percent": 100,
            "hz": 240
        },
        {
            "user": "Shel",
            "link": "https://youtu.be/QiaofFCzmRs",
            "percent": 100,
            "hz": 144
        },
        {
            "user": "Davine_007",
            "link": "https://www.youtube.com/watch?v=zA_myxukALA",
            "percent": 100,
            "hz": 144
        },
        {
            "user": "Solid",
            "link": "https://www.youtube.com/watch?v=beT24UnAzfU",
            "percent": 100,
            "hz": 240
        },
        {
            "user": "Abdul Kareem",
            "link": "https://youtu.be/YH0_bI8QK-8",
            "percent": 100,
            "hz": 360
        },
        {
            "user": "Santyr",
            "link": "https://www.youtube.com/watch?v=CjKq56FE3JI",
            "percent": 100,
            "hz": 360
        },
        {
            "user": "GD CrimsonKing22",
            "link": "https://www.youtube.com/watch?v=ck-JdJJu98o&t=1s",
            "percent": 100,
            "hz": 288
        },
        {
            "user": "Spinach",
            "link": "https://www.youtube.com/watch?v=z2anXJ-WqxA",
            "percent": 100,
            "hz": 288
        },
        {
            "user": "KylashTheKiller",
            "link": "https://youtu.be/on2yINzjels",
            "percent": 100,
            "hz": 60
        },
        {
            "user": "LzKlauss",
            "link": "https://www.youtube.com/watch?v=24oF_lmcYYw",
            "percent": 100,
            "hz": 360
        },
        {
            "user": "RealEB2610",
            "link": "https://www.youtube.com/watch?v=mL6Mp75G8-c",
            "percent": 86,
            "hz": 288
        },
        {
            "user": "Kresuu",
            "link": "https://www.youtube.com/watch?v=j5_SYjSityo",
            "percent": 100,
            "hz": 240
        },
        {
            "user": "IDeltaPhantomI",
            "link": "https://www.youtube.com/watch?v=rGkJdEtArPY",
            "percent": 100,
            "hz": 360
        },
        {
            "user": "Breakcore",
            "link": "https://www.youtube.com/watch?v=D6hJ6x5GXkc",
            "percent": 100,
            "hz": 360
        },
        {
            "user": "Chudrow",
            "link": "https://www.youtube.com/watch?v=oT7umxtiGHI",
            "percent": 100,
            "hz": 288
        },
        {
            "user": "Kenos Song",
            "link": "https://www.youtube.com/watch?v=HrxNIkCjq-4",
            "percent": 100,
            "hz": 360
        },
        {
            "user": "ZerniasX",
            "link": "https://youtu.be/ZlUJoOAZeZQ",
            "percent": 100,
            "hz": 360
        },
        {
            "user": "TheRandomStuff",
            "link": "https://www.youtube.com/watch?v=JzcFXYwlU4E",
            "percent": 100,
            "hz": 240
        },
        {
            "user": "Holojen",
            "link": "https://www.youtube.com/watch?v=Gq7PWkVCsyk",
            "percent": 100,
            "hz": 288
        },
        {
            "user": "Andrxw",
            "link": "https://www.youtube.com/watch?v=238_JmsFEyk",
            "percent": 100,
            "hz": 144
        },
        {
            "user": "Riptide",
            "link": "https://www.youtube.com/watch?v=q5mUCOWQrQ0",
            "percent": 100,
            "hz": 120
        },
        {
            "user": "SupaX_",
            "link": "https://youtu.be/sZCb4kl9ZeA",
            "percent": 100,
            "hz": 240
        },
        {
            "user": "dark",
            "link": "https://www.youtube.com/watch?v=9JbbWxijvbc&t=1s&ab_channel=darkcoils",
            "percent": 100,
            "hz": 300
        },
        {
            "user": "Oblivion7",
            "link": "https://www.youtube.com/watch?v=UVAiVXdcE1E",
            "percent": 100,
            "hz": 120
        },
        {
            "user": "biskit",
            "link": "https://youtu.be/kVtRUOrrmz0",
            "percent": 100,
            "hz": 360
        },
        {
            "user": "Stucc",
            "link": "https://www.youtube.com/watch?v=ryI586sXsrE",
            "percent": 93,
            "hz": 360
        },
        {
            "user": "Samuuu18",
            "link": "https://youtu.be/TexD4_K23U4",
            "percent": 100,
            "hz": 360
        },
        {
            "user": "sketch",
            "link": "https://www.youtube.com/watch?v=TcJwj0JSHVI",
            "percent": 100,
            "hz": 360
        },
        {
            "user": "skeeb",
            "link": "https://www.youtube.com/watch?v=iinJRju8JjU",
            "percent": 100,
            "hz": 288
        },
        {
            "user": "NTB",
            "link": "https://www.youtube.com/watch?v=KQGYaLrF5-U",
            "percent": 100,
            "hz": 300
        },
        {
            "user": "antisynth",
            "link": "https://www.youtube.com/watch?v=0qgfwg7Cfws",
            "percent": 100,
            "hz": 330
        }
    ]
}
