{
    "id": 78101918,
    "name": "Shitty Aquamarine",
    "author": "bnuuy",
    "creators": ["Spaace", "Gokill", "h4tecr1me", "hexuri"],
    "verifier": "Slayer",
    "verification": "https://youtu.be/BvDxO3gcRtY",
    "percentToQualify": 71,
    "records": [
        {
            "user": "attrixia",
            "link": "https://www.youtube.com/watch?v=4J5to7s1uf8",
            "percent": 100,
            "hz": 150
        },
        {
            "user": "KylashTheKiller",
            "link": "https://www.youtube.com/watch?v=DpqBGASmECk",
            "percent": 100,
            "hz": 60
        },
        {
            "user": "Dandy Chiggins",
            "link": "https://youtu.be/i3KG5eobo28",
            "percent": 100,
            "hz": 240
        },
        {
            "user": "klopa",
            "link": "https://www.youtube.com/watch?v=u3yT1verZxo",
            "percent": 100,
            "hz": 60
        },
        {
            "user": "Kenos Song",
            "link": "https://www.youtube.com/watch?v=OBLkDN9e7M8",
            "percent": 100,
            "hz": 360
        },
        {
            "user": "iRaily",
            "link": "https://youtu.be/2uVr3if-De8",
            "percent": 100,
            "hz": 288
        },
        {
            "user": "Gamez",
            "link": "https://www.youtube.com/watch?v=6w7fI6a_ZwU",
            "percent": 100,
            "hz": 240
        },
        {
            "user": "ZerniasX",
            "link": "https://youtu.be/hHLSEzUW6AY",
            "percent": 100,
            "hz": 360
        },
        {
            "user": "Decin0",
            "link": "https://youtu.be/ZVc6GwQ2Z-E",
            "percent": 100,
            "hz": 360
        },
        {
            "user": "satsuki",
            "link": "https://youtu.be/z29van-4hic",
            "percent": 100,
            "hz": 360
        },
        {
            "user": "Oblivion7",
            "link": "https://www.youtube.com/watch?v=IJFWaawcs7k",
            "percent": 100,
            "hz": 120
        },
        {
            "user": "GD CrimsonKing22",
            "link": "https://www.youtube.com/watch?v=3KT1JrxyXvY&t=2s&ab_channel=GDCrimsonKing22",
            "percent": 100,
            "hz": 360
        },
        {
            "user": "SoWOW",
            "link": "https://youtu.be/lHliIr4846c",
            "percent": 100,
            "hz": 120,
            "mobile": true
        },
        {
            "user": "BrightBird",
            "link": "https://youtu.be/aA-JfMszWPA",
            "percent": 100,
            "hz": 288
        },
        {
            "user": "biskit",
            "link": "https://youtu.be/lFlH8SClURA",
            "percent": 100,
            "hz": 360
        },
        {
            "user": "sketch",
            "link": "https://youtu.be/rPQgKn-SLk4",
            "percent": 100,
            "hz": 360
        },
        {
            "user": "Vaoen",
            "link": "https://www.twitch.tv/videos/1553013386",
            "percent": 100,
            "hz": 288
        },
        {
            "user": "HeartLess",
            "link": "https://youtu.be/Gs4aycUgJ3I",
            "percent": 100,
            "hz": 360
        }
    ]
}
