{
    "id": 82037522,
    "name": "Shitty Arctic Lights",
    "author": "Ryoui",
    "creators": [],
    "verifier": "bacon",
    "verification": "https://youtu.be/kx0O7Zz-6so",
    "percentToQualify": 64,
    "records": [
        {
            "user": "skeeb",
            "link": "https://youtube.com/watch?v=Vxj2Z5-RmvI",
            "percent": 100,
            "hz": 288
        },
        {
            "user": "HeartLess",
            "link": "https://youtu.be/3RoQx23scOQ",
            "percent": 100,
            "hz": 360
        },
        {
            "user": "Kenos Song",
            "link": "https://youtu.be/GJj-8chLpd4",
            "percent": 100,
            "hz": 360
        },
        {
            "user": "Decin0",
            "link": "https://youtu.be/8HQ00jd5b5s",
            "percent": 100,
            "hz": 360
        },
        {
            "user": "woi",
            "link": "https://www.youtube.com/watch?v=XK5mx5ToLbU",
            "percent": 100,
            "hz": 300
        },
        {
            "user": "WaffleSniffer",
            "link": "https://www.youtube.com/watch?v=Ksq3s0BVC9I",
            "percent": 68,
            "hz": 60
        },
        {
            "user": "Dandy Chiggins",
            "link": "https://youtu.be/9EPPWh26xz0",
            "percent": 100,
            "hz": 360
        },
        {
            "user": "Louuu",
            "link": "https://www.youtube.com/watch?v=kaULchUr6wk",
            "percent": 100,
            "hz": 360
        }
    ]
}
