{
    "id": 68690161,
    "name": "Shitty Aronia",
    "author": "strix",
    "creators": [],
    "verifier": "Alex",
    "verification": "https://youtu.be/eDpzQsJYDQw",
    "percentToQualify": 62,
    "password": "696969",
    "records": [
        {
            "user": "BlueTomcat",
            "link": "https://youtu.be/sL4QQvHVQyI",
            "percent": 100,
            "hz": 144
        },
        {
            "user": "Kobra456",
            "link": "https://www.youtube.com/watch?v=gUnUWo1sf8Q",
            "percent": 100,
            "hz": 288
        },
        {
            "user": "ItzQuster",
            "link": "https://youtu.be/Pw7Yi_TqWR0",
            "percent": 100,
            "hz": 120
        },
        {
            "user": "Starteccs",
            "link": "https://www.youtube.com/watch?v=4aO_BUlcHys",
            "percent": 100,
            "hz": 60,
            "mobile": true
        },
        {
            "user": "Vink",
            "link": "https://youtu.be/NAxvzqixOAU",
            "percent": 100,
            "hz": 120
        },
        {
            "user": "Tai0",
            "link": "https://youtu.be/cQFQXUgevKw",
            "percent": 100,
            "hz": 144
        },
        {
            "user": "KandyMan",
            "link": "https://www.youtube.com/watch?v=lHn3V0zWnOE",
            "percent": 100,
            "hz": 144
        },
        {
            "user": "iRaily",
            "link": "https://youtu.be/SmW66B8XA9A",
            "percent": 100,
            "hz": 288
        },
        {
            "user": "IDeltaPhantomI",
            "link": "https://youtu.be/RyWyO8timbM",
            "percent": 100,
            "hz": 360
        },
        {
            "user": "SaGs_Art",
            "link": "https://youtu.be/OYgCllguVeA",
            "percent": 69,
            "hz": 144
        },
        {
            "user": "Shel",
            "link": "https://www.youtube.com/watch?v=-Q69Lttum5A",
            "percent": 100,
            "hz": 144
        },
        {
            "user": "GD CrimsonKing22",
            "link": "https://www.youtube.com/watch?v=DIO2xcJeKl4",
            "percent": 100,
            "hz": 288
        },
        {
            "user": "Andrew14916",
            "link": "https://www.youtube.com/watch?app=desktop&v=1jtvFehgFlU",
            "percent": 100,
            "hz": 240
        },
        {
            "user": "Nolife",
            "link": "https://youtu.be/KxBy3kzbMhg",
            "percent": 100,
            "hz": 240
        },
        {
            "user": "Sushiboys",
            "link": "https://youtu.be/jXdbK-dBCTA",
            "percent": 100,
            "hz": 300
        },
        {
            "user": "kri1s5",
            "link": "https://youtu.be/t8Lz7QPk6RU",
            "percent": 100,
            "hz": 60
        },
        {
            "user": "Floodz",
            "link": "https://youtu.be/7rtN554iM88",
            "percent": 100,
            "hz": 288
        },
        {
            "user": "lutebball",
            "link": "https://youtu.be/MKMcW6DlqNo",
            "percent": 80,
            "hz": 240
        },
        {
            "user": "attrixia",
            "link": "https://www.youtube.com/watch?v=PG2HLRV6YBM",
            "percent": 100,
            "hz": 150
        },
        {
            "user": "Riptide",
            "link": "https://youtu.be/YeZ2y03gx2Q",
            "percent": 100,
            "hz": 60
        },
        {
            "user": "Luka",
            "link": "https://www.youtube.com/watch?v=VltD7FULX3I",
            "percent": 100,
            "hz": 300
        },
        {
            "user": "DijonGD",
            "link": "https://www.youtube.com/watch?v=SyfdRmaAnfg",
            "percent": 65,
            "hz": 60,
            "mobile": true
        },
        {
            "user": "KylashTheKiller",
            "link": "https://www.youtube.com/watch?v=1-SbF3PQ0PE",
            "percent": 100,
            "hz": 60
        },
        {
            "user": "Jef",
            "link": "https://www.youtube.com/watch?v=9KTE1vtuU1w",
            "percent": 100,
            "hz": 360
        },
        {
            "user": "MfoGaming1219",
            "link": "https://youtu.be/-MWW6tBwDac",
            "percent": 100,
            "hz": 165
        },
        {
            "user": "Spinach",
            "link": "https://youtu.be/ZK4U4KTcy4M",
            "percent": 100,
            "hz": 288
        },
        {
            "user": "Demons [GD]",
            "link": "https://www.youtube.com/watch?v=ZBPpDmr36x8",
            "percent": 100,
            "hz": 60
        },
        {
            "user": "DogeyBoi",
            "link": "https://www.youtube.com/watch?v=VyZ1kgHr3J8",
            "percent": 100,
            "hz": 360
        },
        {
            "user": "DashTH",
            "link": "https://www.youtube.com/watch?v=CibpXeC_RSo",
            "percent": 100,
            "hz": 120
        },
        {
            "user": "Vaoen",
            "link": "https://www.twitch.tv/videos/1494857236",
            "percent": 100,
            "hz": 288
        },
        {
            "user": "Marke",
            "link": "https://www.youtube.com/watch?v=cMHOy6C9TqE",
            "percent": 100,
            "hz": 288
        },
        {
            "user": "biskit",
            "link": "https://youtu.be/MWQS4rVjktw",
            "percent": 100,
            "hz": 360
        },
        {
            "user": "MelonGL",
            "link": "https://www.youtube.com/watch?v=vNviQlwBbR0",
            "percent": 100,
            "hz": 360
        },
        {
            "user": "Dandy Chiggins",
            "link": "https://youtu.be/93yTXLplkGs",
            "percent": 100,
            "hz": 360
        },
        {
            "user": "TenSy",
            "link": "https://youtu.be/AHiOalRh8Qw",
            "percent": 71,
            "hz": 60
        },
        {
            "user": "antisynth",
            "link": "https://www.youtube.com/watch?v=j3lqdJby6ms",
            "percent": 100,
            "hz": 330
        }
    ]
}
