{
    "id": 64774746,
    "name": "Shitty Artificial Ideology",
    "author": "Cyns",
    "creators": ["Fulva"],
    "verifier": "Cyns",
    "verification": "https://www.youtube.com/watch?v=Xy6G08AWP5Y",
    "percentToQualify": 100,
    "records": [
        {
            "user": "GDMeric",
            "link": "https://www.youtube.com/watch?v=yDjB_ZpaP3w&feature=youtu.be",
            "percent": 100,
            "hz": 144
        },
        {
            "user": "Vaxec",
            "link": "https://youtu.be/HsoUJwcz26M",
            "percent": 100,
            "hz": 240
        },
        {
            "user": "Kobra456",
            "link": "https://www.youtube.com/watch?v=CIJ4wG2gV_Q",
            "percent": 100,
            "hz": 144
        },
        {
            "user": "XxYourNan69420xD",
            "link": "https://www.youtube.com/watch?v=QQm8T5XJmLc&ab_channel=mineman2005",
            "percent": 100,
            "hz": 144
        },
        {
            "user": "corny",
            "link": "https://youtu.be/0ril4PVHd5c",
            "percent": 100,
            "hz": 120
        },
        {
            "user": "idiotdash",
            "link": "https://youtu.be/MN4arAQE4Bo",
            "percent": 100,
            "hz": 60
        },
        {
            "user": "WhatsApp",
            "link": "https://youtu.be/IpUqGZ7ApPw",
            "percent": 100,
            "hz": 288
        },
        {
            "user": "Ecstricity",
            "link": "https://www.youtube.com/watch?v=cz4_NMp5xAU",
            "percent": 100,
            "hz": 60
        },
        {
            "user": "Biz",
            "link": "https://www.youtube.com/watch?v=ACnEQudYcfw",
            "percent": 100,
            "hz": 300
        },
        {
            "user": "XLGamer10",
            "link": "https://youtu.be/zOewFX9RJmI",
            "percent": 100,
            "hz": 288
        },
        {
            "user": "Magmeta",
            "link": "https://www.youtube.com/watch?v=kbk0eNCi7U8",
            "percent": 100,
            "hz": 240
        },
        {
            "user": "zGalvam",
            "link": "https://www.youtube.com/watch?v=setsR_sm7tk",
            "percent": 85,
            "hz": 120
        },
        {
            "user": "ImScoping",
            "link": "https://youtu.be/evl4iaxbcjk",
            "percent": 100,
            "hz": 288
        },
        {
            "user": "ZerniasX",
            "link": "https://youtu.be/oK0DbqdIOD8",
            "percent": 100,
            "hz": 100
        },
        {
            "user": "Sydney",
            "link": "https://www.youtube.com/watch?v=QFVjoD38b5o&t=589",
            "percent": 100,
            "hz": 288
        },
        {
            "user": "Brinnn",
            "link": "https://youtu.be/wKwXfmdT-xg",
            "percent": 100,
            "hz": 120
        },
        {
            "user": "IDeltaPhantomI",
            "link": "https://youtu.be/rxggy5pLW48",
            "percent": 100,
            "hz": 240
        },
        {
            "user": "MintCho",
            "link": "https://youtu.be/dkqAcck9AEo",
            "percent": 100,
            "hz": 100
        },
        {
            "user": "Nukie",
            "link": "https://www.youtube.com/watch?v=VNSmJjeWgfY&list=PLrG-40KiiL0TsrfVx8LeUF53bJPurEbO-&index=13",
            "percent": 100,
            "hz": 280
        },
        {
            "user": "GabeLucario",
            "link": "https://www.youtube.com/watch?v=jZJ-Y9qIG2o&ab_channel=GabeLucario",
            "percent": 100,
            "hz": 240
        },
        {
            "user": "Dustik",
            "link": "https://www.youtube.com/watch?v=dMy3A_s9tmw&ab_channel=Dustik",
            "percent": 100,
            "hz": 144
        },
        {
            "user": "NoCtrl",
            "link": "https://youtu.be/-TD1BKBziQw",
            "percent": 100,
            "hz": 144
        },
        {
            "user": "SrGuillester",
            "link": "https://www.youtube.com/watch?v=fHqhy9bO00o",
            "percent": 100,
            "hz": 144
        },
        {
            "user": "Renar333",
            "link": "https://youtu.be/ak3nSrlRI6o",
            "percent": 100,
            "hz": 180
        },
        {
            "user": "7ssumi",
            "link": "https://youtu.be/HxhOzD1MgqY",
            "percent": 61,
            "hz": 60
        },
        {
            "user": "bnuuy",
            "link": "https://www.youtube.com/watch?v=TaVLWskyOv8",
            "percent": 100,
            "hz": 240
        },
        {
            "user": "Bluuper",
            "link": "https://www.youtube.com/watch?v=hfnKjk51WWo",
            "percent": 100,
            "hz": 144
        },
        {
            "user": "gdXposed",
            "link": "https://youtu.be/t2-sYMTMTKk",
            "percent": 100,
            "hz": 240
        },
        {
            "user": "h4tecr1me.",
            "link": "https://www.youtube.com/watch?v=A5UtByr7QNw",
            "percent": 100,
            "hz": 240
        },
        {
            "user": "ThirtyTwelve",
            "link": "https://youtu.be/xwKMYDYmsDk",
            "percent": 100,
            "hz": 240
        },
        {
            "user": "iRaily",
            "link": "https://youtu.be/G-YBa7xYzLM",
            "percent": 100,
            "hz": 288
        },
        {
            "user": "SupaX_",
            "link": "https://youtu.be/o_FBTFp6X1U",
            "percent": 100,
            "hz": 240
        },
        {
            "user": "BlueTomcat",
            "link": "https://youtu.be/dGD2a_ls-Mo",
            "percent": 100,
            "hz": 144
        },
        {
            "user": "danialves555",
            "link": "https://youtu.be/UeRyCcoXaSs",
            "percent": 100,
            "hz": 240
        },
        {
            "user": "Lekoda",
            "link": "https://www.youtube.com/watch?v=G0jqqQTiG50",
            "percent": 100,
            "hz": 75
        },
        {
            "user": "MushroomB0i",
            "link": "https://www.youtube.com/watch?v=t59kQrU003U",
            "percent": 100,
            "hz": 360
        },
        {
            "user": "Realiosteelio",
            "link": "https://youtu.be/q6XLUxSur7Y",
            "percent": 100,
            "hz": 360
        },
        {
            "user": "shreksdonk",
            "link": "https://youtu.be/lecteGTx3Ss",
            "percent": 59,
            "hz": 144
        },
        {
            "user": "AzielGD",
            "link": "https://www.youtube.com/watch?v=1tlQPF1eJBw",
            "percent": 100,
            "hz": 60,
            "mobile": true
        },
        {
            "user": "Delay",
            "link": "https://www.youtube.com/watch?v=Bm3dhPGMnLs",
            "percent": 100,
            "hz": 240
        },
        {
            "user": "Shel",
            "link": "https://youtu.be/lK5b4jYAf0o",
            "percent": 100,
            "hz": 144
        },
        {
            "user": "Andrew14916",
            "link": "https://www.youtube.com/watch?v=fu4Ev9Ey5J8",
            "percent": 100,
            "hz": 360
        },
        {
            "user": "LexTank",
            "link": "https://www.youtube.com/watch?v=eD99csoMSo8",
            "percent": 100,
            "hz": 360
        },
        {
            "user": "xdgamer",
            "link": "https://www.youtube.com/watch?v=InVAUj3BAdA",
            "percent": 100,
            "hz": 165
        },
        {
            "user": "Ed MPache",
            "link": "https://www.youtube.com/watch?v=uufK4JLEA3g",
            "percent": 60,
            "hz": 60
        },
        {
            "user": "Culobdj",
            "link": "https://www.youtube.com/watch?v=zJ2IAg3lSQo",
            "percent": 100,
            "hz": 240
        },
        {
            "user": "LBoke",
            "link": "https://youtu.be/xyfRqgWx3z4",
            "percent": 100,
            "hz": 360
        },
        {
            "user": ".com",
            "link": "https://www.youtube.com/watch?v=RaXr1EgL1gs",
            "percent": 100,
            "hz": 120
        },
        {
            "user": "Drige",
            "link": "www.youtube.com/watch?v=S8vNsmNwzaY&",
            "percent": 100,
            "hz": 240
        }
    ]
}
