{
    "id": 78914063,
    "name": "Shitty Asterios",
    "author": "ChspChips",
    "creators": [],
    "verifier": "BlueTomcat",
    "verification": "https://www.youtube.com/watch?v=l8ZwS2kPHNo",
    "percentToQualify": 64,
    "records": [
        {
            "user": "KylashTheKiller",
            "link": "https://youtu.be/2eN0meZXczQ",
            "percent": 100,
            "hz": 60
        },
        {
            "user": "Echo",
            "link": "https://www.youtube.com/watch?v=e6dBIuS7L90",
            "percent": 100,
            "hz": 240
        },
        {
            "user": "BrightBird",
            "link": "https://youtu.be/IP4kYmu3Ea0",
            "percent": 100,
            "hz": 288
        },
        {
            "user": "biskit",
            "link": "https://youtu.be/cOXjzLkTB4I",
            "percent": 100,
            "hz": 360
        }
    ]
}
