{
    "id": 80011366,
    "name": "Shitty Athanatos",
    "author": "strix",
    "creators": ["Bluestone", "Tai0", "DoublesSymbol", "hexuri"],
    "verifier": "Venomio",
    "verification": "https://www.youtube.com/watch?v=1sgeJ-FBSnI",
    "percentToQualify": 100,
    "records": [
        {
            "user": "woi",
            "link": "https://www.youtube.com/watch?v=_dk9w8nD2f4",
            "percent": 100,
            "hz": 360
        },
        {
            "user": "biskit",
            "link": "https://www.youtube.com/watch?v=LArEWl9HB8k",
            "percent": 100,
            "hz": 360
        },
        {
            "user": "92004JACOB",
            "link": "https://youtu.be/RGrjrbzsvc8",
            "percent": 100,
            "hz": 360
        },
        {
            "user": "homegrowntag",
            "link": "https://youtu.be/DY8XzCXgkTs",
            "percent": 100,
            "hz": 288
        },
        {
            "user": "Andrxw",
            "link": "https://www.youtube.com/watch?v=5VVRTXWx3VY",
            "percent": 100,
            "hz": 144
        },
        {
            "user": "Freikz",
            "link": "https://youtu.be/7unbof4U6y4",
            "percent": 100,
            "hz": 360
        }
    ]
}
