{
    "id": 80070981,
    "name": "Shitty Atomic Cannon",
    "author": "TravelChimp",
    "creators": [],
    "verifier": "Shel",
    "verification": "https://youtu.be/89tyiz2uJCA",
    "percentToQualify": 58,
    "records": [
        {
            "user": "Riptide",
            "link": "https://youtu.be/WF2F6eEyjhA",
            "percent": 100,
            "hz": 120
        },
        {
            "user": "Samuuu18",
            "link": "https://www.youtube.com/watch?v=b2vq9MN8ziE",
            "percent": 100,
            "hz": 360
        },
        {
            "user": "biskit",
            "link": "https://www.youtube.com/watch?v=UiGlboO_los",
            "percent": 100,
            "hz": 360
        }, 
        {
            "user": "Kobra456",
            "link": "https://www.youtube.com/watch?v=LcmH_t7Z3d4",
            "percent": 100,
            "hz": 288
        },
        {
            "user": "GD Leaf",
            "link": "https://www.youtube.com/watch?v=Wwrubt-si5I",
            "percent": 100,
            "hz": 144
        }  
    ]
}
