{
    "id": 68955190,
    "name": "Shitty Auditory Breaker",
    "author": "GDTeabag",
    "creators": [],
    "verifier": "GDTeabag",
    "verification": "https://www.youtube.com/watch?v=xfVsvIPErG4",
    "percentToQualify": 100,
    "password": "536942",
    "records": [
        {
            "user": "Tai0",
            "link": "https://youtu.be/b4iGIzpu4VE?t=75",
            "percent": 100,
            "hz": 144
        },
        {
            "user": "RazerJCZ",
            "link": "https://www.youtube.com/watch?v=Cafx4g6egrU",
            "percent": 100,
            "hz": 240
        },
        {
            "user": "Belleelle",
            "link": "https://youtu.be/Ejd609RmyRs",
            "percent": 100,
            "hz": 360
        },
        {
            "user": "Juan_7542",
            "link": "https://youtu.be/9w5Mw_J1vvM",
            "percent": 100,
            "hz": 360
        },
        {
            "user": "Xtyles",
            "link": "https://youtu.be/T2k_xpgL2C0",
            "percent": 100,
            "hz": 360
        },
        {
            "user": "Myz",
            "link": "https://youtu.be/IfbADYnJDY8",
            "percent": 100,
            "hz": 288
        },
        {
            "user": "DoGGy",
            "link": "https://www.youtube.com/watch?v=LoxOM-sOXhM",
            "percent": 100,
            "hz": 144
        },
        {
            "user": "Frozono",
            "link": "https://www.youtube.com/watch?v=4M8OaqZ99T0",
            "percent": 100,
            "hz": 60
        },
        {
            "user": "7ssumi",
            "link": "https://youtu.be/k1Qk1-R_4n8",
            "percent": 100,
            "hz": 144
        },
        {
            "user": "iRaily",
            "link": "https://youtu.be/92rcWezyWYc",
            "percent": 100,
            "hz": 288
        },
        {
            "user": "nayf",
            "link": "https://youtu.be/nGKhxghcwMc",
            "percent": 100,
            "hz": 240
        },
        {
            "user": "Sushiboys",
            "link": "https://youtu.be/cH-0fs8aEMA",
            "percent": 100,
            "hz": 300
        },
        {
            "user": "IDeltaPhantomI",
            "link": "https://youtu.be/cejwXslySQA",
            "percent": 100,
            "hz": 360
        },
        {
            "user": "Samuuu18",
            "link": "https://youtu.be/j2Ns-wMSFQ4",
            "percent": 100,
            "hz": 180
        },
        {
            "user": "SupaX_",
            "link": "https://youtu.be/OJjviuA2m-g",
            "percent": 100,
            "hz": 240
        },
        {
            "user": "LGsus23",
            "link": "https://www.youtube.com/watch?v=tS-9C--ODds",
            "percent": 100,
            "hz": 350
        },
        {
            "user": "MfoGaming1219",
            "link": "https://youtu.be/b6OhlIMJhkM",
            "percent": 100,
            "hz": 165
        },
        {
            "user": "LzKlauss",
            "link": "https://www.youtube.com/watch?v=btlm2JaIXGI",
            "percent": 100,
            "hz": 360
        },
        {
            "user": "Fh1r",
            "link": "https://www.youtube.com/watch?v=Gqef5TOvovc",
            "percent": 100,
            "hz": 240
        },
        {
            "user": "juacoxann",
            "link": "https://youtu.be/-EjBpD9XhtU",
            "percent": 100,
            "hz": 200
        },
        {
            "user": "DNM121",
            "link": "https://youtu.be/erHjvobulIE",
            "percent": 100,
            "hz": 120
        },
        {
            "user": "Dafty",
            "link": "https://www.youtube.com/watch?v=PPdtiUM9snU",
            "percent": 100,
            "hz": 360
        },
        {
            "user": "SnoopyHyperion6",
            "link": "https://www.youtube.com/watch?v=7lAWFgCACAw",
            "percent": 100,
            "hz": 360
        },
        {
            "user": "Shel",
            "link": "https://youtu.be/XiH7lEjHFns",
            "percent": 100,
            "hz": 144
        },
        {
            "user": "WilltheRen",
            "link": "https://www.youtube.com/watch?v=CU1NJ_SULv0",
            "percent": 100,
            "hz": 165
        },
        {
            "user": "zMushi",
            "link": "https://www.youtube.com/watch?v=hsNBnE08ChY",
            "percent": 100,
            "hz": 360
        },
        {
            "user": "Lisa",
            "link": "https://www.youtube.com/watch?v=TdqiUcIjN20",
            "percent": 100,
            "hz": 360
        },
        {
            "user": "DerflaX",
            "link": "https://youtu.be/kp_IqhBhRUQ",
            "percent": 100,
            "hz": 240
        },
        {
            "user": "KylashTheKiller",
            "link": "https://youtu.be/6X9ALInGtJU",
            "percent": 100,
            "hz": 60
        },
        {
            "user": "romeo",
            "link": "https://www.youtube.com/watch?v=5fV2uc92RdE",
            "percent": 100,
            "hz": 240
        },
        {
            "user": "AranXRE",
            "link": "https://youtu.be/OeclMV_21yI",
            "percent": 100,
            "hz": 240
        },
        {
            "user": "Dicetarien",
            "link": "https://youtu.be/KtS6dpU7kjY",
            "percent": 100,
            "hz": 240
        },
        {
            "user": "PatoQuack",
            "link": "https://www.youtube.com/watch?v=zLVnulv0HSE",
            "percent": 100,
            "hz": 357
        },
        {
            "user": "Prometheus",
            "link": "https://youtu.be/PtVdmfp51SY",
            "percent": 100,
            "hz": 144
        },
        {
            "user": "Acacia",
            "link": "https://www.youtube.com/watch?v=BXJ2TrU93_Y",
            "percent": 100,
            "hz": 288
        },
        {
            "user": "Papote Malote",
            "link": "https://www.youtube.com/watch?v=U6xRHh7SCzQ",
            "percent": 100,
            "hz": 240
        },
        {
            "user": "RealEB2610",
            "link": "https://www.youtube.com/watch?v=F6MmzXnK1_c",
            "percent": 100,
            "hz": 288
        },
        {
            "user": "M1nYong",
            "link": "https://youtu.be/7KVt8KhUNAg",
            "percent": 100,
            "hz": 360
        },
        {
            "user": "ImCrisGD",
            "link": "https://youtu.be/IZMf3jE5G3w",
            "percent": 100,
            "hz": 360
        },
        {
            "user": "Chr8ts",
            "link": "https://youtu.be/i3oyN5c_bks",
            "percent": 100,
            "hz": 240
        },
        {
            "user": "averge11",
            "link": "https://www.youtube.com/watch?v=zrEy0Totgt0",
            "percent": 100,
            "hz": 240
        },
        {
            "user": "Kenos Song",
            "link": "https://www.youtube.com/watch?v=9Vrkev498_4",
            "percent": 100,
            "hz": 360
        },
        {
            "user": "cnea",
            "link": "https://www.youtube.com/watch?v=D_hBBFKBaqI",
            "percent": 100,
            "hz": 360
        },
        {
            "user": "Holojen",
            "link": "https://youtu.be/vCdoEoOGhqw",
            "percent": 100,
            "hz": 288
        },
        {
            "user": "Yarkii",
            "link": "https://youtu.be/kA4wJvwcQi8",
            "percent": 100,
            "hz": 300
        },
        {
            "user": "Brownie",
            "link": "https://youtu.be/TB9avlsl1X0",
            "percent": 100,
            "hz": 360
        },
        {
            "user": "ZerniasX",
            "link": "https://youtu.be/pO1L8CSPxAE",
            "percent": 100,
            "hz": 360
        },
        {
            "user": "BlueTomcat",
            "link": "https://youtu.be/Y4EenlrXk8M",
            "percent": 100,
            "hz": 288
        },
        {
            "user": "FakeRodri",
            "link": "https://www.youtube.com/watch?v=1659vBC9GQM",
            "percent": 100,
            "hz": 360
        },
        {
            "user": "fakeiwnl",
            "link": "https://www.youtube.com/watch?v=tC83QZcPW8k&t",
            "percent": 100,
            "hz": 360
        },
        {
            "user": "nebnoob",
            "link": "https://www.youtube.com/watch?v=Q8_xbmwujL8",
            "percent": 100,
            "hz": 360
        },
        {
            "user": "oJack",
            "link": "https://youtu.be/BG25bbreON8",
            "percent": 100,
            "hz": 360
        },
        {
            "user": "bims",
            "link": "https://youtu.be/c09DsyVn6cQ",
            "percent": 100,
            "hz": 360
        },
        {
            "user": "iiTsWiLLY",
            "link": "https://www.youtube.com/watch?v=9wO0y9hIk8Y",
            "percent": 100,
            "hz": 360
        },
        {
            "user": "homegrowntag",
            "link": "https://youtu.be/reAyxommdtU",
            "percent": 100,
            "hz": 288
        },
        {
            "user": "WaveWarrior",
            "link": "https://youtu.be/kvL5zb4eKpk",
            "percent": 100,
            "hz": 240
        },
        {
            "user": "CaoticGD",
            "link": "https://youtu.be/rZSvb_bJ69A",
            "percent": 100,
            "hz": 360
        },
        {
            "user": "Pichufleta",
            "link": "https://www.youtube.com/watch?v=Va57ctoXCPk&list=PLY2u5QTE9Tqo1Fc2YfpuKRuk7YFqtQazA&index=8&ab_channel=Pichufleta%5BGD%5D",
            "percent": 100,
            "hz": 360
        },
        {
            "user": "Kookyeyes",
            "link": "https://www.youtube.com/watch?v=qC_yOnhZeVw",
            "percent": 100,
            "hz": 360
        },
        {
            "user": "FedeXD",
            "link": "https://www.youtube.com/watch?v=LbjDM--qDas",
            "percent": 100,
            "hz": 360
        },
        {
            "user": "JASM1818",
            "link": "https://www.youtube.com/watch?v=DtFguCeEpRY",
            "percent": 100,
            "hz": 360
        },
        {
            "user": "skyv",
            "link": "https://www.youtube.com/watch?v=dvuq4qEpQA8&ab_channel=skyv",
            "percent": 100,
            "hz": 240
        },
        {
            "user": "youi",
            "link": "https://www.youtube.com/watch?v=S3nY-d1YZF4&ab_channel=six6six",
            "percent": 100,
            "hz": 240
        }
    ]
}
