{
    "id": 75908377,
    "name": "Shitty Azure Abyss",
    "author": "Majesstic",
    "creators": [],
    "verifier": "Nolife",
    "verification": "https://youtu.be/cBStLTG8qI0",
    "percentToQualify": 57,
    "password": "888888",
    "records": [
        {
            "user": "Solid",
            "link": "https://youtu.be/K4UW-e-DWOw",
            "percent": 100,
            "hz": 240
        },
        {
            "user": "BrightBird",
            "link": "https://youtu.be/csJnJe8B07c",
            "percent": 100,
            "hz": 288
        },
        {
            "user": "iRaily",
            "link": "https://youtu.be/1tzyePRnCtU",
            "percent": 65,
            "hz": 288
        },
        {
            "user": "attrixia",
            "link": "https://www.youtube.com/watch?v=_qzLPnw9-CA",
            "percent": 94,
            "hz": 150
        },
        {
            "user": "KylashTheKiller",
            "link": "https://youtu.be/qj1DOlJNNME",
            "percent": 100,
            "hz": 60
        },
        {
            "user": "kacro",
            "link": "https://www.youtube.com/watch?v=-qvUWD5kCxM",
            "percent": 100,
            "hz": 360
        },
        {
            "user": "biskit",
            "link": "https://www.youtube.com/watch?v=u4MIEd4UFMc",
            "percent": 100,
            "hz": 360
        },
        {
            "user": "Kenos Song",
            "link": "https://youtu.be/AAwnw3h93zQ",
            "percent": 100,
            "hz": 360
        },
        {
            "user": "Fredrick",
            "link": "https://www.youtube.com/watch?v=q_I0gqX_wwU",
            "percent": 100,
            "hz": 288
        },
        {
            "user": "Dandy Chiggins",
            "link": "https://youtu.be/85QnASBFEcY",
            "percent": 100,
            "hz": 360
        }
    ]
}
