{
    "id": 63009517,
    "name": "Shitty Azure Flare",
    "author": "Magmeta",
    "creators": [],
    "verifier": "Magmeta",
    "verification": "https://www.youtube.com/watch?v=ljJYaYUCvyY&t=2s",
    "percentToQualify": 47,
    "records": [
        {
            "user": "WhatsApp",
            "link": "https://youtu.be/DPY_stanwNc",
            "percent": 100,
            "hz": 288
        },
        {
            "user": "Plasmic",
            "link": "https://www.youtube.com/watch?v=q_qw68G_c5Y&feature=youtu.be",
            "percent": 100,
            "hz": 300
        },
        {
            "user": "GDMeric",
            "link": "https://www.youtube.com/watch?v=clQudjuJUTk&feature=youtu.be",
            "percent": 100,
            "hz": 144
        },
        {
            "user": "Arcturus",
            "link": "https://youtu.be/BBwbaXfxXkM",
            "percent": 69,
            "hz": 300
        },
        {
            "user": "Viewsonic",
            "link": "https://www.youtube.com/watch?v=NIHY86mHMcA",
            "percent": 100,
            "hz": 144
        },
        {
            "user": "X99",
            "link": "https://youtu.be/Y0m_nRpMs1k",
            "percent": 100,
            "hz": 240
        },
        {
            "user": "MrSaturnY",
            "link": "https://youtu.be/UPunQ9xoCh0",
            "percent": 100,
            "hz": 240
        },
        {
            "user": "Th13teen",
            "link": "https://www.youtube.com/watch?v=OZREr1fyIgw&feature=youtu.be",
            "percent": 100,
            "hz": 240
        },
        {
            "user": "Praerius",
            "link": "https://www.youtube.com/watch?v=fHhUsxLsI50&t=1s",
            "percent": 100,
            "hz": 288
        },
        {
            "user": "Fh1r",
            "link": "https://www.youtube.com/watch?v=FzHsk5KUVMQ",
            "percent": 100,
            "hz": 240
        },
        {
            "user": "SamTheMank",
            "link": "https://www.youtube.com/watch?v=I1586mqWgpw&feature=youtu.be",
            "percent": 100,
            "hz": 144
        },
        {
            "user": "xRiver007",
            "link": "https://www.youtube.com/watch?v=0iAnXK-s0_g&feature=youtu.be",
            "percent": 100,
            "hz": 240
        },
        {
            "user": "Ryth",
            "link": "https://www.youtube.com/watch?v=YUoseOc7O0w&feature=youtu.be",
            "percent": 100,
            "hz": 288
        },
        {
            "user": "Koozoo2k",
            "link": "https://www.youtube.com/watch?v=I-KGvg77mPM&feature=youtu.be",
            "percent": 100,
            "hz": 288
        },
        {
            "user": "Kobra456",
            "link": "https://www.youtube.com/watch?v=ERCtsUBisbc",
            "percent": 100,
            "hz": 144
        },
        {
            "user": "Crazen",
            "link": "https://www.youtube.com/watch?v=dQw4w9WgXcQ",
            "percent": 100,
            "hz": 300
        },
        {
            "user": "orizu",
            "link": "https://youtu.be/fWYsOXW9gJc",
            "percent": 100,
            "hz": 240
        },
        {
            "user": "zGod",
            "link": "https://youtu.be/bH5mc-j56p8",
            "percent": 71,
            "hz": 240
        },
        {
            "user": "altRemo",
            "link": "https://youtu.be/5v-GD30zyDA",
            "percent": 100,
            "hz": 240
        },
        {
            "user": "ddddr",
            "link": "https://www.youtube.com/watch?v=2Q4iWhYcc-A",
            "percent": 100,
            "hz": 144
        },
        {
            "user": "Sydney",
            "link": "https://youtu.be/IvH7BC4KSwk",
            "percent": 100,
            "hz": 288
        },
        {
            "user": "FrostBurn",
            "link": "https://youtu.be/J4FXHoRn7p0",
            "percent": 100,
            "hz": 144
        },
        {
            "user": "Hixobit",
            "link": "https://www.youtube.com/watch?v=3wvMMrxBkoU&feature=youtu.be",
            "percent": 100,
            "hz": 300
        },
        {
            "user": "Zeronium",
            "link": "https://www.youtube.com/watch?v=L8JVpXdUQjc",
            "percent": 100,
            "hz": 288
        },
        {
            "user": "Tai0",
            "link": "https://youtu.be/IqFG4RAWqQE",
            "percent": 100,
            "hz": 120
        },
        {
            "user": "Ryclix",
            "link": "https://www.youtube.com/watch?v=gqK9K9oVSbM&feature=youtu.be&t=794s",
            "percent": 100,
            "hz": 288
        },
        {
            "user": "Lelzi",
            "link": "https://youtu.be/ZAf2w383zW0",
            "percent": 100,
            "hz": 144
        },
        {
            "user": "Kapinapi",
            "link": "https://www.youtube.com/watch?v=p05WatZdcWE&feature=youtu.be",
            "percent": 100,
            "hz": 144
        },
        {
            "user": "skzyl",
            "link": "https://www.youtube.com/watch?v=4-B8XSr-F2s",
            "percent": 100,
            "hz": 240
        },
        {
            "user": "Luqualizer",
            "link": "https://www.youtube.com/watch?v=kT1a4jjlGA0",
            "percent": 100,
            "hz": 144
        },
        {
            "user": "SL3NDY",
            "link": "https://youtu.be/aWduD9ADVck",
            "percent": 68,
            "hz": 240
        },
        {
            "user": "Kuiper1",
            "link": "https://www.youtube.com/watch?v=bLuS_Xh9RLM&feature=youtu.be",
            "percent": 100,
            "hz": 240
        },
        {
            "user": "nbn7272",
            "link": "https://www.youtube.com/watch?v=oi0jMA0lp28&feature=youtu.be",
            "percent": 71,
            "hz": 300
        },
        {
            "user": "Vaxec",
            "link": "https://youtu.be/JlG7udQbduU",
            "percent": 100,
            "hz": 240
        },
        {
            "user": "Tied",
            "link": "https://www.youtube.com/watch?v=FvkkQ661lPY&ab_channel=Tied",
            "percent": 100,
            "hz": 240
        },
        {
            "user": "Acidius",
            "link": "https://www.youtube.com/watch?v=M8IuT8_ZY6M",
            "percent": 100,
            "hz": 60,
            "mobile": true
        },
        {
            "user": "AJazz",
            "link": "https://youtu.be/YGOiNUjLfe8",
            "percent": 100,
            "hz": 60,
            "mobile": true
        },
        {
            "user": "XLGamer10",
            "link": "https://youtu.be/Zc5pcAZcQYk",
            "percent": 100,
            "hz": 288
        },
        {
            "user": "DibiiziCookie",
            "link": "https://youtu.be/_Lk0NoLRIns",
            "percent": 100,
            "hz": 240
        },
        {
            "user": "Franzy",
            "link": "https://youtu.be/0ppGAuwVOfs",
            "percent": 100,
            "hz": 120
        },
        {
            "user": "lappwv",
            "link": "https://www.youtube.com/watch?v=Qmzegtlc94M",
            "percent": 100,
            "hz": 300
        },
        {
            "user": "JakeN2436",
            "link": "https://www.youtube.com/watch?v=z3iM1h5Xhdc",
            "percent": 100,
            "hz": 240
        },
        {
            "user": "iIiLaSeRiIi",
            "link": "https://www.youtube.com/watch?v=Pk_T_k-paEs&feature=youtu.be",
            "percent": 100,
            "hz": 144
        },
        {
            "user": "TheSlammed",
            "link": "https://youtu.be/ilujzGilAVo",
            "percent": 100,
            "hz": 144
        },
        {
            "user": "Kenos Song",
            "link": "https://www.youtube.com/watch?v=yVBFEDKSafs",
            "percent": 100,
            "hz": 288
        },
        {
            "user": "Киря",
            "link": "https://www.youtube.com/watch?v=Z5mC3etJLj4&feature=youtu.be",
            "percent": 100,
            "hz": 180
        },
        {
            "user": "Peachy",
            "link": "https://youtu.be/80IeyYWhrG0",
            "percent": 100,
            "hz": 144
        },
        {
            "user": "Abdul Kareem",
            "link": "https://youtu.be/N2iqLYV7fv8",
            "percent": 100,
            "hz": 144
        },
        {
            "user": "LLunaa",
            "link": "https://youtu.be/sha11mUTk8I",
            "percent": 100,
            "hz": 240
        },
        {
            "user": "IDeltaPhantomI",
            "link": "https://youtu.be/CLxFsmuFSOc",
            "percent": 100,
            "hz": 240
        },
        {
            "user": "Edduh",
            "link": "https://www.youtube.com/watch?v=B_Jdi6i1Elw",
            "percent": 100,
            "hz": 144
        },
        {
            "user": "PetarParadrop",
            "link": "https://www.youtube.com/watch?v=sDdgojXbEzg&ab_channel=FriedChickenBoy",
            "percent": 100,
            "hz": 240
        },
        {
            "user": "SupaX_",
            "link": "https://youtu.be/GTNdj_rTQfw",
            "percent": 100,
            "hz": 240
        },
        {
            "user": "iRaily",
            "link": "https://youtu.be/jrK2999eRt4",
            "percent": 100,
            "hz": 288
        },
        {
            "user": "Cryonix",
            "link": "https://www.youtube.com/watch?v=6u7ShWJxGuA",
            "percent": 100,
            "hz": 144
        },
        {
            "user": "ZerniasX",
            "link": "https://youtu.be/B7lfpkVBsVE",
            "percent": 100,
            "hz": 288
        },
        {
            "user": "idiotdash",
            "link": "https://www.youtube.com/watch?v=P9IxNVV1zHo",
            "percent": 100,
            "hz": 144
        },
        {
            "user": "juuted",
            "link": "https://youtu.be/3WgwOAY93JU",
            "percent": 100,
            "hz": 240
        },
        {
            "user": "Nswish",
            "link": "https://www.youtube.com/watch?v=7MIiGQATo5s",
            "percent": 100,
            "hz": 240
        },
        {
            "user": "kacro",
            "link": "https://www.youtube.com/watch?v=g_LHd1ayfhw",
            "percent": 100,
            "hz": 288
        },
        {
            "user": "Streamyyy450",
            "link": "https://youtu.be/5evvHQxlDJk",
            "percent": 94,
            "hz": 300
        },
        {
            "user": "Derek46",
            "link": "https://www.youtube.com/watch?v=_Ktz2OAMoz4",
            "percent": 100,
            "hz": 240
        },
        {
            "user": "SrGuillester",
            "link": "https://www.youtube.com/watch?v=fHqhy9bO00o",
            "percent": 100,
            "hz": 144
        },
        {
            "user": "Renar333",
            "link": "https://youtu.be/aZnVUd70Jno",
            "percent": 100,
            "hz": 180
        },
        {
            "user": "JustinSL",
            "link": "https://www.youtube.com/watch?v=hpo583COPTw",
            "percent": 100,
            "hz": 144
        },
        {
            "user": "Depi YDN",
            "link": "https://youtu.be/EidRLn0vfgs",
            "percent": 100,
            "hz": 288
        },
        {
            "user": "Galaxyx",
            "link": "https://youtu.be/Zdza45Mzke0",
            "percent": 100,
            "hz": 240
        },
        {
            "user": "Fulva",
            "link": "https://youtu.be/uTp01FCdUdA",
            "percent": 100,
            "hz": 288
        },
        {
            "user": "YtSofia",
            "link": "https://youtu.be/_87aBoUGM7k",
            "percent": 100,
            "hz": 120
        },
        {
            "user": "Belleelle",
            "link": "https://www.youtube.com/watch?v=-O3PsglZ_EY&list=PLGwrnSCBOYcmu2wTu09_t2zDYkw3uabqL&index=25",
            "percent": 100,
            "hz": 360
        },
        {
            "user": "npesta",
            "link": "https://www.youtube.com/watch?v=Aexoi9IPt_I&t=406s",
            "percent": 100,
            "hz": 240
        },
        {
            "user": "BraceGD",
            "link": "https://www.youtube.com/watch?v=7MRveG2zNB8",
            "percent": 100,
            "hz": 300
        },
        {
            "user": "wity26",
            "link": "https://youtu.be/3uKRA2HlsT4",
            "percent": 100,
            "hz": 288
        },
        {
            "user": "Charlielance",
            "link": "https://www.youtube.com/watch?v=OXvkwPTMZP0&ab_channel=CharlieLanceCharlieLance",
            "percent": 100,
            "hz": 360
        },
        {
            "user": "Delay",
            "link": "https://www.youtube.com/watch?v=ich7sBga5aM",
            "percent": 100,
            "hz": 240
        },
        {
            "user": "danialves555",
            "link": "https://youtu.be/N_BP-JHokDo",
            "percent": 100,
            "hz": 240
        },
        {
            "user": "hxdra",
            "link": "https://www.youtube.com/watch?v=LcPtAz-bJJU",
            "percent": 100,
            "hz": 240
        },
        {
            "user": "DenseCabbageGD",
            "link": "https://youtu.be/t3_OF4TRYeg",
            "percent": 100,
            "hz": 288
        },
        {
            "user": "Sushiboys",
            "link": "https://www.youtube.com/watch?v=mWy2qBsGk_I",
            "percent": 100,
            "hz": 300
        },
        {
            "user": "BlueTomcat",
            "link": "https://youtu.be/c1Ty9NaHA7c",
            "percent": 100,
            "hz": 288
        },
        {
            "user": "LzKlauss",
            "link": "https://www.youtube.com/watch?v=cDVMdCNSGjE&t=21s",
            "percent": 100,
            "hz": 300
        },
        {
            "user": "GD CrimsonKing22",
            "link": "https://www.youtube.com/watch?v=m5ITPJAUR3I",
            "percent": 100,
            "hz": 288
        },
        {
            "user": "ThisIsTheCreeper",
            "link": "https://youtu.be/77SJUiP7REE",
            "percent": 100,
            "hz": 300
        },
        {
            "user": "excist",
            "link": "https://youtu.be/8oxCxfBVEoU",
            "percent": 100,
            "hz": 144
        },
        {
            "user": "7ssumi",
            "link": "https://youtu.be/bqtuQRswW1w",
            "percent": 100,
            "hz": 144
        },
        {
            "user": "Pullsy",
            "link": "https://youtu.be/y9iCavPvgDk",
            "percent": 100,
            "hz": 60
        },
        {
            "user": "Nolife",
            "link": "https://www.youtube.com/watch?v=quFjWngWoSs",
            "percent": 100,
            "hz": 240
        },
        {
            "user": "RoboJesus",
            "link": "https://www.youtube.com/watch?v=HZCBL5D_XGo",
            "percent": 52,
            "hz": 144
        },
        {
            "user": "arielus05",
            "link": "https://www.youtube.com/watch?v=NGAD8jDXLAY",
            "percent": 100,
            "hz": 144
        },
        {
            "user": "Solid",
            "link": "https://youtu.be/xr9kJhmMovw",
            "percent": 100,
            "hz": 240
        },
        {
            "user": "MfoGaming1219",
            "link": "https://youtu.be/OB9oZpz2KGQ",
            "percent": 100,
            "hz": 165
        },
        {
            "user": "DehydratedMoron",
            "link": "https://youtu.be/M6WDOLpZKhE",
            "percent": 100,
            "hz": 360
        },
        {
            "user": "Agashi",
            "link": "https://www.youtube.com/watch?v=VRoWxnojLno",
            "percent": 100,
            "hz": 144
        },
        {
            "user": "moab",
            "link": "https://youtu.be/9WO81x-2qNM",
            "percent": 100,
            "hz": 240
        },
        {
            "user": "KylashTheKiller",
            "link": "https://youtu.be/LZs2a33jdJI",
            "percent": 100,
            "hz": 60
        },
        {
            "user": "astro",
            "link": "https://streamable.com/sxghnj",
            "percent": 100,
            "hz": 240
        },
        {
            "user": "CookieGMD",
            "link": "https://www.youtube.com/watch?v=mDMyPh7vins",
            "percent": 100,
            "hz": 240
        },
        {
            "user": "RealEB2610",
            "link": "https://www.youtube.com/watch?v=qqczG78jVIw",
            "percent": 100,
            "hz": 288
        },
        {
            "user": "Cubercube",
            "link": "https://www.youtube.com/watch?v=RQE3rYRNRK0",
            "percent": 100,
            "hz": 240
        },
        {
            "user": "BrightBird",
            "link": "https://www.youtube.com/watch?v=RQE3rYRNRK0",
            "percent": 100,
            "hz": 288
        },
        {
            "user": "Dandy Chiggins",
            "link": "https://youtu.be/PpAS3k2zVbk",
            "percent": 100,
            "hz": 240
        },
        {
            "user": "Alaniz004",
            "link": "https://youtu.be/e4286UNOz3Y",
            "percent": 100,
            "hz": 360
        },
        {
            "user": "biskit",
            "link": "https://youtu.be/lFlH8SClURA?t=79",
            "percent": 100,
            "hz": 360
        },
        {
            "user": "dasik",
            "link": "https://www.youtube.com/watch?v=2QzNk0VwjYQ",
            "percent": 100,
            "hz": 360
        },
        {
            "user": "CaoticGD",
            "link": "https://youtu.be/E1vpOlrBV-4",
            "percent": 100,
            "hz": 300
        },
        {
            "user": "HeartLess",
            "link": "https://www.youtube.com/watch?v=vUZT115mmsI",
            "percent": 100,
            "hz": 360
        },
        {
            "user": "Valentino070406",
            "link": "https://youtu.be/zsugz6OtPyc",
            "percent": 100,
            "hz": 360
        },
        {
            "user": "BlackChaleur",
            "link": "https://youtu.be/z2Eb2FxQ-qE",
            "percent": 100,
            "hz": 360
        }
    ]
}
