{
    "id": 63863988,
    "name": "Shitty Balengu Vortex",
    "author": "MythicalTG",
    "creators": [],
    "verifier": "MythicalTG",
    "verification": "https://www.youtube.com/watch?v=BO4BV_WbKe0",
    "percentToQualify": 62,
    "records": [
        {
            "user": "Alphanetic",
            "link": "https://youtu.be/6bWwnp1Rx8w",
            "percent": 100,
            "hz": 144
        },
        {
            "user": "orizu",
            "link": "https://youtu.be/yNGCdE95NKw",
            "percent": 100,
            "hz": 144
        },
        {
            "user": "WhatsApp",
            "link": "https://youtu.be/LsdLL53sFl8",
            "percent": 100,
            "hz": 288
        },
        {
            "user": "Sydney",
            "link": "https://youtu.be/hmP37CaGpLw",
            "percent": 100,
            "hz": 144
        },
        {
            "user": "GDMeric",
            "link": "https://youtu.be/x3faOfnmbUE",
            "percent": 100,
            "hz": 144
        },
        {
            "user": "ddddr",
            "link": "https://www.youtube.com/watch?v=_-Xs9orOqoU",
            "percent": 100,
            "hz": 144
        },
        {
            "user": "Lelzi",
            "link": "https://youtu.be/Bz33Vg12Gi0",
            "percent": 100,
            "hz": 144
        },
        {
            "user": "Kapinapi",
            "link": "https://www.youtube.com/watch?v=N_eeMPD7o3k&t=0",
            "percent": 100,
            "hz": 144
        },
        {
            "user": "Ryclix",
            "link": "https://www.youtube.com/watch?v=s4ke9bD5LzU&feature=youtu.be&t=64s",
            "percent": 100,
            "hz": 288
        },
        {
            "user": "XLGamer10",
            "link": "https://www.youtube.com/watch?v=eHICWxkE7kI&feature=youtu.be",
            "percent": 100,
            "hz": 288
        },
        {
            "user": "ImScoping",
            "link": "https://www.youtube.com/watch?v=9QfKfVC1sw0&feature=youtu.be",
            "percent": 100,
            "hz": 288
        },
        {
            "user": "Kobra456",
            "link": "https://www.youtube.com/watch?v=jDLV2rn0jeg",
            "percent": 100,
            "hz": 144
        },
        {
            "user": "Goodyman",
            "link": "https://www.youtube.com/watch?v=GZBPsXBypII&feature=youtu.be",
            "percent": 100,
            "hz": 295
        },
        {
            "user": "JakeN2436",
            "link": "https://www.youtube.com/watch?v=lhMwd3N0lbs",
            "percent": 100,
            "hz": 240
        },
        {
            "user": "Kenos Song",
            "link": "https://www.youtube.com/watch?v=lARWGSY5cec",
            "percent": 100,
            "hz": 288
        },
        {
            "user": "iRaily",
            "link": "https://youtu.be/MQIY6g6jfUY",
            "percent": 100,
            "hz": 288
        },
        {
            "user": "StampZ",
            "link": "https://youtu.be/Kbg147PojMg",
            "percent": 100,
            "hz": 144
        },
        {
            "user": "Peachy",
            "link": "https://youtu.be/l2tArTrmnBM",
            "percent": 100,
            "hz": 144
        },
        {
            "user": "ZerniasX",
            "link": "https://youtu.be/eDefFpMXjwE",
            "percent": 100,
            "hz": 100
        },
        {
            "user": "IDeltaPhantomI",
            "link": "https://youtu.be/4kWb4S7MZyg",
            "percent": 100,
            "hz": 240
        },
        {
            "user": "TrueInverse",
            "link": "https://www.youtube.com/watch?v=ApgiLTDM_G0&feature=youtu.be",
            "percent": 100,
            "hz": 165
        },
        {
            "user": "Holojen",
            "link": "https://youtu.be/LVepUkNBB0w",
            "percent": 100,
            "hz": 288
        },
        {
            "user": "Emonadeo",
            "link": "https://www.youtube.com/watch?v=gV7OT19GUrs",
            "percent": 100,
            "hz": 240
        },
        {
            "user": "Renar333",
            "link": "https://youtu.be/HtueywyAjpI",
            "percent": 100,
            "hz": 180
        },
        {
            "user": "SrGuillester",
            "link": "https://www.youtube.com/watch?v=fHqhy9bO00o",
            "percent": 100,
            "hz": 144
        },
        {
            "user": "Dustik",
            "link": "https://www.youtube.com/watch?v=527VR7hYrlM&ab_channel=Dustik",
            "percent": 100,
            "hz": 144
        },
        {
            "user": "krakow1918",
            "link": "https://youtu.be/v8klj7vYuhc",
            "percent": 100,
            "hz": 240
        },
        {
            "user": "bnuuy",
            "link": "https://www.youtube.com/watch?v=lbG-UF3_3NM",
            "percent": 66,
            "hz": 240
        },
        {
            "user": "Galaxyx",
            "link": "https://youtu.be/BsaARSCZnaI",
            "percent": 100,
            "hz": 180
        },
        {
            "user": "MushroomB0i",
            "link": "https://www.youtube.com/watch?v=Syh_O0JAL_A",
            "percent": 100,
            "hz": 300
        },
        {
            "user": "SupaX_",
            "link": "https://youtu.be/iFRJeTDfs1w",
            "percent": 100,
            "hz": 240
        },
        {
            "user": "h4tecr1me.",
            "link": "https://www.youtube.com/watch?v=sz9eYY0_0W4",
            "percent": 100,
            "hz": 240
        },
        {
            "user": "Buk",
            "link": "https://www.youtube.com/watch?v=rwLwX2DUPOo",
            "percent": 71,
            "hz": 300
        },
        {
            "user": "Nexor_r",
            "link": "https://www.youtube.com/watch?v=bgjfXDn_w2U",
            "percent": 100,
            "hz": 165
        },
        {
            "user": "idiocy",
            "link": "https://youtu.be/wBrR1bdyFaU",
            "percent": 100,
            "hz": 288
        },
        {
            "user": "BlueTomcat",
            "link": "https://youtu.be/52SN6JaK-ao",
            "percent": 100,
            "hz": 144
        },
        {
            "user": "Bjorni03",
            "link": "https://youtu.be/iKMgKsC4lP4",
            "percent": 100,
            "hz": 144
        },
        {
            "user": "FTRS Paulie",
            "link": "https://www.youtube.com/watch?v=rzKwLZOjZdQ",
            "percent": 100,
            "hz": 120
        },
        {
            "user": "idiotdash",
            "link": "https://youtu.be/HpbgFCQ2WOQ",
            "percent": 100,
            "hz": 144
        },
        {
            "user": "Fusion425",
            "link": "https://www.youtube.com/watch?v=gl8vQS0E1j4",
            "percent": 100,
            "hz": 144
        },
        {
            "user": "YOUNGBOY",
            "link": "https://www.youtube.com/watch?v=QrrRLdAYkkY",
            "percent": 100,
            "hz": 240
        },
        {
            "user": "attrixia",
            "link": "https://youtu.be/JsnYeNdmCe4",
            "percent": 100,
            "hz": 150
        },
        {
            "user": "Aven",
            "link": "https://www.youtube.com/watch?v=Pw5SliPgFSE",
            "percent": 100,
            "hz": 120
        },
        {
            "user": "LilBucketGD",
            "link": "https://www.youtube.com/watch?v=rldsWd9ovO4",
            "percent": 100,
            "hz": 240
        },
        {
            "user": "deex3",
            "link": "https://www.youtube.com/watch?v=GpFASI6cMOs",
            "percent": 100,
            "hz": 360
        },
        {
            "user": "hxdra",
            "link": "https://youtu.be/ICTZvUxNka0",
            "percent": 100,
            "hz": 240
        },
        {
            "user": "Tai0",
            "link": "https://www.youtube.com/watch?v=N47IW1GET5k",
            "percent": 100,
            "hz": 144
        },
        {
            "user": "Matthlew",
            "link": "https://www.youtube.com/watch?v=wvr2LzgfZ64",
            "percent": 100,
            "hz": 144
        },
        {
            "user": "JustinSL",
            "link": "https://www.youtube.com/watch?v=FGXUDgdFrdg",
            "percent": 100,
            "hz": 144
        },
        {
            "user": "lilWC",
            "link": "https://www.youtube.com/watch?v=1vN-Tk4397U&ab_channel=WhiteChocolate",
            "percent": 100,
            "hz": 360
        },
        {
            "user": "Vicrf",
            "link": "https://www.youtube.com/watch?v=xMiigcMARHw",
            "percent": 100,
            "hz": 60
        },
        {
            "user": "ElijahJordan2",
            "link": "https://www.youtube.com/watch?v=NmdyosQGWGA",
            "percent": 100,
            "hz": 144
        },
        {
            "user": "Sushiboys",
            "link": "https://youtu.be/w1CsvhpArYo",
            "percent": 100,
            "hz": 300
        },
        {
            "user": "Delay",
            "link": "https://www.youtube.com/watch?v=W71_Q_D1DhI",
            "percent": 100,
            "hz": 240
        },
        {
            "user": "DogeyBoi",
            "link": "https://youtu.be/LoAk5MbaBx4",
            "percent": 100,
            "hz": 165
        },
        {
            "user": "Frozono",
            "link": "https://youtu.be/jCPWoteW-Nk",
            "percent": 100,
            "hz": 60
        },
        {
            "user": "Fh1r",
            "link": "https://www.youtube.com/watch?v=QUVkRrGOuNM",
            "percent": 100,
            "hz": 240
        },
        {
            "user": "Sternal_BOT",
            "link": "https://youtu.be/yO4mfrMArqo",
            "percent": 100,
            "hz": 360
        },
        {
            "user": "Aber",
            "link": "https://www.youtube.com/watch?v=yrQcg4vjwJ4&ab_channel=Aber",
            "percent": 100,
            "hz": 360
        },
        {
            "user": "Nolife",
            "link": "https://www.youtube.com/watch?v=h9CPcrJoHYg",
            "percent": 100,
            "hz": 165
        },
        {
            "user": "LzKlauss",
            "link": "https://www.youtube.com/watch?v=XTX-BDui024",
            "percent": 100,
            "hz": 360
        },
        {
            "user": "hexuri",
            "link": "https://www.youtube.com/watch?v=oji1PAPvV7A",
            "percent": 100,
            "hz": 120
        },
        {
            "user": "GD CrimsonKing22",
            "link": "https://www.youtube.com/watch?v=lftw_IGvlZA&ab_channel=GDCrimsonKing22",
            "percent": 100,
            "hz": 288
        },
        {
            "user": "Kirmae",
            "link": "https://www.youtube.com/watch?v=CxyAbf76WHY",
            "percent": 100,
            "hz": 240
        },
        {
            "user": "Gamez",
            "link": "https://www.youtube.com/watch?v=H5_qjW2rrcI",
            "percent": 100,
            "hz": 144
        },
        {
            "user": "MustafaAydin",
            "link": "https://www.youtube.com/watch?v=SI9m3qcZMQk",
            "percent": 100,
            "hz": 120
        },
        {
            "user": "Shel",
            "link": "https://youtu.be/JHbtIv8_GHQ",
            "percent": 100,
            "hz": 144
        },
        {
            "user": "Kreeg",
            "link": "https://www.youtube.com/watch?v=Gdzwmbui8ms",
            "percent": 100,
            "hz": 144
        },
        {
            "user": "Malps",
            "link": "https://www.youtube.com/watch?v=Sp08LrIfJIM",
            "percent": 66,
            "hz": 360
        },
        {
            "user": "ii_SavageBoy",
            "link": "https://www.youtube.com/watch?v=1ByAnsTnOto",
            "percent": 64,
            "hz": 144
        },
        {
            "user": "RoreX",
            "link": "https://www.youtube.com/watch?v=JkVHhwBvpgs",
            "percent": 100,
            "hz": 180
        },
        {
            "user": "Cuin",
            "link": "https://www.youtube.com/watch?v=f0ZQvI-rSQM",
            "percent": 100,
            "hz": 240
        },
        {
            "user": "Keruo",
            "link": "https://www.youtube.com/watch?v=bHVRJRDdai0",
            "percent": 100,
            "hz": 144
        },
        {
            "user": "WilltheRen",
            "link": "https://youtu.be/uP8KEYPPSF8",
            "percent": 100,
            "hz": 165
        },
        {
            "user": "Samuuu18",
            "link": "https://www.youtube.com/watch?v=YVZ07GQyPdI",
            "percent": 100,
            "hz": 360
        },
        {
            "user": "whit",
            "link": "https://streamable.com/ymq584",
            "percent": 100,
            "hz": 360
        },
        {
            "user": "MaxTeemo246",
            "link": "https://youtu.be/wR-oziIhnBA",
            "percent": 100,
            "hz": 240
        },
        {
            "user": "Andrew14916",
            "link": "https://www.youtube.com/watch?v=57Z-soyhGpc",
            "percent": 100,
            "hz": 288
        },
        {
            "user": "Softer64",
            "link": "https://www.youtube.com/watch?v=rDHAnDGcgOA",
            "percent": 100,
            "hz": 360
        },
        {
            "user": "MfoGaming1219",
            "link": "https://youtu.be/hF7wyrPJOaY",
            "percent": 100,
            "hz": 165
        },
        {
            "user": "Chr8ts",
            "link": "https://www.youtube.com/watch?v=0DQRhPK_slQ",
            "percent": 100,
            "hz": 240
        },
        {
            "user": "abx23",
            "link": "https://youtu.be/J5QM3vduqh8",
            "percent": 65,
            "hz": 165
        },
        {
            "user": "Consuno",
            "link": "https://www.youtube.com/watch?v=XGGd8Pd0sPQ",
            "percent": 100,
            "hz": 360
        },
        {
            "user": "ItsMeAlex25",
            "link": "https://www.youtube.com/watch?v=MpNoST740Ew",
            "percent": 100,
            "hz": 280
        },
        {
            "user": "Abr4h4M",
            "link": "https://youtu.be/HEjcsU0xcx4",
            "percent": 100,
            "hz": 240
        },
        {
            "user": "LBoke",
            "link": "https://www.youtube.com/watch?v=j2avk39PcBU",
            "percent": 100,
            "hz": 240
        },
        {
            "user": "Andrxw",
            "link": "https://www.youtube.com/watch?v=7zGs6FJxTI8",
            "percent": 100,
            "hz": 144
        },
        {
            "user": "CrokyTheKiwi",
            "link": "https://youtu.be/MNWN4dcIRE8",
            "percent": 100,
            "hz": 360
        },
        {
            "user": "Dado Gd",
            "link": "https://www.youtube.com/watch?v=rIOu1P7u3Mo",
            "percent": 100,
            "hz": 330
        },
        {
            "user": "Decin0",
            "link": "https://youtu.be/Tmj1SU2E3IM",
            "percent": 100,
            "hz": 360
        },
        {
            "user": "Riptide",
            "link": "https://www.youtube.com/watch?v=d2EXjtkmh94",
            "percent": 100,
            "hz": 120
        }
    ]
}
