{
    "id": 74761893,
    "name": "Shitty Bausha Vortex",
    "author": "iRaily",
    "creators": ["Fh1r", "chspchips"],
    "verifier": "Fh1r",
    "verification": "https://www.youtube.com/watch?v=mfVk3RJTunc",
    "percentToQualify": 100,
    "records": [
        {
            "user": "iRaily",
            "link": "https://www.youtube.com/watch?v=G1wXYdgN5KM",
            "percent": 100,
            "hz": 288
        },
        {
            "user": "Shel",
            "link": "https://www.youtube.com/watch?v=2z_GF-wnkrA",
            "percent": 100,
            "hz": 144
        },
        {
            "user": "Tai0",
            "link": "https://youtu.be/h2WoeNymQWE",
            "percent": 100,
            "hz": 144
        },
        {
            "user": "ItsMeAlex25",
            "link": "https://www.youtube.com/watch?v=iyd_e5EIVjU",
            "percent": 100,
            "hz": 280
        },
        {
            "user": "T333",
            "link": "https://youtu.be/3Uez4QgVLnQ",
            "percent": 100,
            "hz": 240
        },
        {
            "user": "LzKlauss",
            "link": "https://www.youtube.com/watch?v=ZDecNqaRepM",
            "percent": 100,
            "hz": 360
        },
        {
            "user": "Chr8ts",
            "link": "https://youtu.be/RHwtvW8wzjA",
            "percent": 100,
            "hz": 240
        },
        {
            "user": "SoWOW",
            "link": "https://youtu.be/KsRMx852nuA",
            "percent": 100,
            "hz": 120,
            "mobile": true
        },
        {
            "user": "NTB",
            "link": "https://youtu.be/Xx7uDmVBHug",
            "percent": 100,
            "hz": 300
        },
        {
            "user": "Consuno",
            "link": "https://www.youtube.com/watch?v=40YVFKEcJf0",
            "percent": 100,
            "hz": 360
        },
        {
            "user": "Slijee",
            "link": "https://www.youtube.com/watch?v=bwAsOtPRiiU",
            "percent": 100,
            "hz": 360
        },
        {
            "user": "Pichufleta",
            "link": "https://www.youtube.com/watch?v=Ok4DsZCzips&t=14s&ab_channel=Pichufleta%5BGD%5D",
            "percent": 100,
            "hz": 360
        },
        {
            "user": "Oblivion7",
            "link": "https://youtu.be/ZY2jm9hO1E0",
            "percent": 100,
            "hz": 120
        },
        {
            "user": "ThatGuyFroGG",
            "link": "https://www.youtube.com/watch?v=vY4lhIZy8ac",
            "percent": 100,
            "hz": 360
        },
        {
            "user": "BlackChaleur",
            "link": "https://youtu.be/Ijs8kun66-o",
            "percent": 100,
            "hz": 360
        },
        {
            "user": "Abr4h4M",
            "link": "https://youtu.be/CVHhBDfRnx8",
            "percent": 100,
            "hz": 240
        },
        {
            "user": "Riptide",
            "link": "https://youtu.be/LfPxx8GFses",
            "percent": 100,
            "hz": 120
        },
        {
            "user": "woi",
            "link": "https://youtu.be/pNR81Rz7rU8",
            "percent": 100,
            "hz": 360
        }
    ]
}
