{
    "id": 70824170,
    "name": "Shitty BBBBBBBBBBBBBBBBBBBB",
    "author": "SupaX_",
    "creators": [],
    "verifier": "SupaX_",
    "verification": "https://www.youtube.com/watch?v=Z7nxJY94yZI",
    "percentToQualify": 100,
    "password": "696969",
    "records": [
        {
            "user": "Kr_Flame",
            "link": "https://youtu.be/SmD_dBkbriY",
            "percent": 100,
            "hz": 240
        },
        {
            "user": "iRaily",
            "link": "https://youtu.be/aE1eGuOJMyk",
            "percent": 100,
            "hz": 288
        },
        {
            "user": "Delay",
            "link": "https://www.youtube.com/watch?v=wtjxbYcSEso",
            "percent": 100,
            "hz": 240
        },
        {
            "user": "Kobra456",
            "link": "https://www.youtube.com/watch?v=Y9u4617m7JY",
            "percent": 100,
            "hz": 288
        },
        {
            "user": "Janarik",
            "link": "https://youtu.be/sAg60wfFwKw",
            "percent": 100,
            "hz": 60,
            "mobile": true
        },
        {
            "user": "DogeyBoi",
            "link": "https://youtu.be/8Tyw5STRQCE",
            "percent": 100,
            "hz": 165
        },
        {
            "user": "T333",
            "link": "https://youtu.be/wdOCyXBp6R8",
            "percent": 100,
            "hz": 240
        },
        {
            "user": "M1nYong",
            "link": "https://youtu.be/WWzHyxdRxoo",
            "percent": 100,
            "hz": 360
        },
        {
            "user": "YinnYang",
            "link": "https://youtu.be/JH-wa4NqzlU",
            "percent": 100,
            "hz": 360
        }
    ]
}
