{
    "id": 80629578,
    "name": "Shitty Belloq",
    "author": "iRaily",
    "creators": [
    "NourTheKing",
    "FireRift",
    "TravelChimp",
    "MamaMauve",
    "Helbrein",
    "Whitar",
    "SupaX_",
    "70n0fh4y",
    "chspchips",
    "T333",
    "Kiwi1938",
    "zFice7"
    ],
    "verifier": "Maesile",
    "verification": "https://youtu.be/CecS1XU2_L0",
    "percentToQualify": 59,
    "records": [
        {    
            "user": "KylashTheKiller",
            "link": "https://youtu.be/vdJo7XV-4P8",
            "percent": 100,
            "hz": 60
        },
        {    
            "user": "Dandy Chiggins",
            "link": "https://youtu.be/no2FnoYAGBM",
            "percent": 100,
            "hz": 360
        },
        {    
            "user": "Shel",
            "link": "https://youtu.be/1coYY3-MJj0",
            "percent": 100,
            "hz": 144
        },
        {    
            "user": "Riptide",
            "link": "https://www.youtube.com/watch?v=oFpv5MhDbz8",
            "percent": 100,
            "hz": 120
        },
        {    
            "user": "BrightBird",
            "link": "https://www.youtube.com/watch?v=oFpv5MhDbz8",
            "percent": 100,
            "hz": 120
        },
        {    
            "user": "Samuuu18",
            "link": "https://www.twitch.tv/videos/1560820514",
            "percent": 100,
            "hz": 360
        },
        {    
            "user": "Hasik",
            "link": "https://youtu.be/9OGsh20C80A",
            "percent": 100,
            "hz": 360
        },
        {    
            "user": "Snakez363",
            "link": "https://www.youtube.com/watch?v=1Is5VazlKH8",
            "percent": 100,
            "hz": 144
        }
    ]
}
