{
    "id": 74908874,
    "name": "Shitty Beztana Vortex",
    "author": "IHas",
    "creators": [],
    "verifier": "SlayerBot",
    "verification": "https://youtu.be/m3HE5bR3dQk",
    "percentToQualify": 62,
    "records": [
        {
            "user": "iRaily",
            "link": "https://youtu.be/8Z4dJ7he2C8",
            "percent": 100,
            "hz": 288
        },
        {
            "user": "Echo",
            "link": "https://youtu.be/rJIjDDNUz38",
            "percent": 100,
            "hz": 288
        },
        {
            "user": "Delay",
            "link": "https://www.youtube.com/watch?v=F7AyIHFErbU",
            "percent": 100,
            "hz": 144
        },
        {
            "user": "BlackChaleur",
            "link": "https://youtu.be/_XfhC7JBoSI",
            "percent": 100,
            "hz": 240
        },
        {
            "user": "LzKlauss",
            "link": "https://www.youtube.com/watch?v=YR1CVkgv0yc",
            "percent": 100,
            "hz": 360
        },
        {
            "user": "driftracers",
            "link": "https://www.youtube.com/watch?v=Xr4sNJdiD14",
            "percent": 100,
            "hz": 60
        },
        {
            "user": "attrixia",
            "link": "https://youtu.be/RIO9PGmsj4E",
            "percent": 100,
            "hz": 150
        },
        {
            "user": "WilltheRen",
            "link": "https://www.youtube.com/watch?v=agOhDLTus9Q",
            "percent": 100,
            "hz": 280
        },
        {
            "user": "vex",
            "link": "https://youtu.be/dk0Ot8xhA9o",
            "percent": 100,
            "hz": 144
        },
        {
            "user": "Kenos Song",
            "link": "https://youtu.be/oRX6LDeFjYU",
            "percent": 100,
            "hz": 360
        },
        {
            "user": "Dandy Chiggins",
            "link": "https://youtu.be/REAapgxt3mw",
            "percent": 100,
            "hz": 360
        },
        {
            "user": "Buk",
            "link": "https://www.youtube.com/watch?v=j5iov7fiIlw",
            "percent": 100,
            "hz": 360
        },
        {
            "user": "LEX1P",
            "link": "https://youtu.be/6h49F_xMPD0",
            "percent": 100,
            "hz": 360,
            "mobile": true
        },
        {
            "user": "HeartLess",
            "link": "https://youtu.be/egHhn3lJ1z4",
            "percent": 100,
            "hz": 360
        },
        {
            "user": "biskit",
            "link": "https://youtu.be/ifG1mwI8u3Y",
            "percent": 100,
            "hz": 360
        },
        {
            "user": "Brinnn",
            "link": "https://youtu.be/VPKwoB6FjNg",
            "percent": 100,
            "hz": 120
        }
    ]
}
