{
    "id": 63730118,
    "name": "Shitty Biohazard",
    "author": "Tril",
    "creators": ["Coney", "Unlawful", "Wunjo", "X1Might"],
    "verifier": "Cyns",
    "verification": "https://www.youtube.com/watch?v=KJuIwTTe_xg",
    "percentToQualify": 100,
    "records": [
        {
            "user": "orizu",
            "link": "https://www.youtube.com/watch?v=nbS2RXrN4fM",
            "percent": 100,
            "hz": 240
        },
        {
            "user": "WhatsApp",
            "link": "https://youtu.be/iRpq1TPQbz4",
            "percent": 100,
            "hz": 288
        },
        {
            "user": "GDMeric",
            "link": "https://youtu.be/3EqxfBZVZBY",
            "percent": 100,
            "hz": 144
        },
        {
            "user": "zMarc",
            "link": "https://youtu.be/HifhDe0cbss",
            "percent": 100,
            "hz": 288
        },
        {
            "user": "ddddr",
            "link": "https://www.youtube.com/watch?v=MdE-e69EEdI",
            "percent": 100,
            "hz": 144
        },
        {
            "user": "MrSaturnY",
            "link": "https://youtu.be/KFTudChwP0w",
            "percent": 100,
            "hz": 300
        },
        {
            "user": "Tril",
            "link": "https://youtu.be/WeJRC60GwSs",
            "percent": 100,
            "hz": 240
        },
        {
            "user": "Kobra456",
            "link": "https://www.youtube.com/watch?v=3HRdD2n1h_4",
            "percent": 100,
            "hz": 144
        },
        {
            "user": "Alphanetic",
            "link": "https://www.twitch.tv/videos/749282814",
            "percent": 100,
            "hz": 165
        },
        {
            "user": "Sydney",
            "link": "https://youtu.be/J7vl-sWS_ck",
            "percent": 100,
            "hz": 288
        },
        {
            "user": "FrostBurn",
            "link": "https://youtu.be/F7DK-G9m0Eo",
            "percent": 100,
            "hz": 144
        },
        {
            "user": "Hixobit",
            "link": "https://www.youtube.com/watch?v=ou5CCe4ffxw",
            "percent": 100,
            "hz": 300
        },
        {
            "user": "TzAnder",
            "link": "https://youtu.be/TEnaLRAEs3w",
            "percent": 100,
            "hz": 75
        },
        {
            "user": "Ryclix",
            "link": "https://www.youtube.com/watch?v=m61fo9-Sg4A&feature=youtu.be&t=336s",
            "percent": 100,
            "hz": 288
        },
        {
            "user": "Kapinapi",
            "link": "https://www.youtube.com/watch?v=Hs9QOerNPJc&t=760",
            "percent": 100,
            "hz": 144
        },
        {
            "user": "Gingertrollet",
            "link": "https://www.youtube.com/watch?v=VUN2rLQgGf4&t",
            "percent": 100,
            "hz": 144
        },
        {
            "user": "XLGamer10",
            "link": "https://youtu.be/1j3-lT7pA3o",
            "percent": 100,
            "hz": 288
        },
        {
            "user": "zWhirlpool",
            "link": "https://www.youtube.com/watch?v=AEEHNoQHSd4",
            "percent": 100,
            "hz": 144
        },
        {
            "user": "Derek46",
            "link": "https://www.youtube.com/watch?v=-pG3QEnwbw4",
            "percent": 100,
            "hz": 240
        },
        {
            "user": "Conical",
            "link": "https://youtu.be/RF-qwM3dGC4",
            "percent": 100,
            "hz": 240
        },
        {
            "user": "Goodyman",
            "link": "https://www.youtube.com/watch?v=cBVIm7b_GRg&feature=youtu.be",
            "percent": 100,
            "hz": 295
        },
        {
            "user": "Bleamer",
            "link": "https://www.youtube.com/watch?v=lp9cs-iFxLI",
            "percent": 100,
            "hz": 288
        },
        {
            "user": "Mystycal",
            "link": "https://youtu.be/5gurJ0MdAWU",
            "percent": 100,
            "hz": 165
        },
        {
            "user": "GabeLucario",
            "link": "https://www.youtube.com/watch?v=Qdqb4k5Aw-c&feature=youtu.be&ab_channel=GabeLucario",
            "percent": 100,
            "hz": 240
        },
        {
            "user": "Peachy",
            "link": "https://youtu.be/W-t2rGh0stY",
            "percent": 100,
            "hz": 144
        },
        {
            "user": "ZerniasX",
            "link": "https://youtu.be/juSnn577O0A",
            "percent": 100,
            "hz": 100
        },
        {
            "user": "Aber",
            "link": "https://www.youtube.com/watch?v=OJU0ulGsutM&ab_channel=Aber",
            "percent": 100,
            "hz": 144
        },
        {
            "user": "IDeltaPhantomI",
            "link": "https://youtu.be/TxPPa2AL8Yc",
            "percent": 100,
            "hz": 240
        },
        {
            "user": "Spectral",
            "link": "https://www.youtube.com/watch?v=I08XqPAGY40",
            "percent": 100,
            "hz": 144
        },
        {
            "user": "LLunaa",
            "link": "https://youtu.be/EGL4JrUytw0",
            "percent": 100,
            "hz": 288
        },
        {
            "user": "idiotdash",
            "link": "https://youtu.be/FwxEa4QCce8",
            "percent": 100,
            "hz": 144
        },
        {
            "user": "WowoGD",
            "link": "https://www.youtube.com/watch?v=JElf_UoAOC8&list=PLvyLpVK5xyZHrfOpdAvBfiJLbgLIIPcMR&index=38",
            "percent": 100,
            "hz": 240
        },
        {
            "user": "CobGD",
            "link": "https://youtu.be/19LYwGxuDw8",
            "percent": 100,
            "hz": 144
        },
        {
            "user": "Zan",
            "link": "https://www.youtube.com/watch?v=99bxB1IpZ_o",
            "percent": 100,
            "hz": 144
        },
        {
            "user": "Abdul Kareem",
            "link": "https://youtu.be/VBV5xbGFz5E",
            "percent": 100,
            "hz": 144
        },
        {
            "user": "Holojen",
            "link": "https://www.youtube.com/watch?v=mDnEgU63piE",
            "percent": 100,
            "hz": 300
        },
        {
            "user": "zGalvam",
            "link": "https://youtu.be/bSNUagX3iuA",
            "percent": 100,
            "hz": 120
        },
        {
            "user": "Fusion425",
            "link": "https://youtu.be/E8v0o27MITU",
            "percent": 100,
            "hz": 144
        },
        {
            "user": "JustM4t",
            "link": "https://youtu.be/PP4ugAvZxvA",
            "percent": 100,
            "hz": 240
        },
        {
            "user": "Micro",
            "link": "https://www.youtube.com/watch?v=li1y2nQE3T8&lc=UgwrtZGxKTZkxmt4s0F4AaABAg.9KMZc2znIPL9KMklPhI36O",
            "percent": 100,
            "hz": 144
        },
        {
            "user": "NoCtrl",
            "link": "https://youtu.be/kXZpgSaeSmg",
            "percent": 100,
            "hz": 144
        },
        {
            "user": "Dustik",
            "link": "https://www.youtube.com/watch?v=oBy6Nos_sUU&ab_channel=Dustik",
            "percent": 100,
            "hz": 144
        },
        {
            "user": "ItzElectrix",
            "link": "https://youtu.be/uW287n3vE8Q",
            "percent": 100,
            "hz": 144
        },
        {
            "user": "Fh1r",
            "link": "https://www.youtube.com/watch?v=tm6Be9K7718",
            "percent": 100,
            "hz": 240
        },
        {
            "user": "SrGuillester",
            "link": "https://www.youtube.com/watch?v=fHqhy9bO00o",
            "percent": 100,
            "hz": 144
        },
        {
            "user": "DMK",
            "link": "https://youtu.be/93B9cefQ6B4",
            "percent": 100,
            "hz": 144
        },
        {
            "user": "TheSlammed",
            "link": "https://youtu.be/4Zwmh-joa1k",
            "percent": 100,
            "hz": 180
        },
        {
            "user": "SimpalGD",
            "link": "https://www.youtube.com/watch?v=6psGC87wMGc&ab_channel=Simpal",
            "percent": 100,
            "hz": 280
        },
        {
            "user": "Renar110",
            "link": "https://youtu.be/mx9qpJDBq3A",
            "percent": 100,
            "hz": 180
        },
        {
            "user": "Hulunn",
            "link": "https://www.youtube.com/watch?v=V4XdMHWuS1U",
            "percent": 100,
            "hz": 288
        },
        {
            "user": "tunbag_",
            "link": "https://youtu.be/qVsp0onWprI",
            "percent": 100,
            "hz": 60
        },
        {
            "user": "SupaX_",
            "link": "https://youtu.be/S3xhUP2uASw",
            "percent": 100,
            "hz": 240
        },
        {
            "user": "iRaily",
            "link": "https://youtu.be/IhNkTC6g9LE",
            "percent": 100,
            "hz": 288
        },
        {
            "user": "danialves555",
            "link": "https://youtu.be/vCNaoDfFxYA",
            "percent": 100,
            "hz": 240
        },
        {
            "user": "Tai0",
            "link": "https://youtu.be/Ln-Pzi4Tpv4",
            "percent": 100,
            "hz": 144
        },
        {
            "user": "BlueTomcat",
            "link": "https://youtu.be/99z820ctrns",
            "percent": 100,
            "hz": 144
        },
        {
            "user": "Geometry 2012",
            "link": "https://youtu.be/1LfWWeh8_3A",
            "percent": 100,
            "hz": 360
        },
        {
            "user": "Vermillion",
            "link": "https://www.youtube.com/watch?v=6X9_urrGoag",
            "percent": 100,
            "hz": 144
        },
        {
            "user": "Realiosteelio",
            "link": "https://youtu.be/i92qdYaDsfg",
            "percent": 100,
            "hz": 360
        },
        {
            "user": "jOnel",
            "link": "https://youtu.be/cs2thJHm0mY",
            "percent": 100,
            "hz": 360
        },
        {
            "user": "Kresuu",
            "link": "https://www.youtube.com/watch?v=_wfRgyDKV24",
            "percent": 100,
            "hz": 144
        },
        {
            "user": "medamaude",
            "link": "https://youtu.be/r3WBnRDkhfw",
            "percent": 100,
            "hz": 144
        },
        {
            "user": "Sushiboys",
            "link": "https://www.youtube.com/watch?v=OLEQm9Dok58",
            "percent": 100,
            "hz": 300
        },
        {
            "user": "Lisa",
            "link": "https://www.youtube.com/watch?v=14BJacUwKFg",
            "percent": 100,
            "hz": 360
        },
        {
            "user": "Delay",
            "link": "https://youtu.be/NxZieJF6xAo",
            "percent": 100,
            "hz": 240
        },
        {
            "user": "Nolife",
            "link": "https://youtu.be/8W-XsDTt1pE",
            "percent": 100,
            "hz": 240
        },
        {
            "user": "WilltheRen",
            "link": "https://www.youtube.com/7r2gmBbvN8E",
            "percent": 100,
            "hz": 165
        },
        {
            "user": "Andrew14916",
            "link": "https://www.youtube.com/watch?v=57Z-soyhGpc",
            "percent": 100,
            "hz": 288
        },
        {
            "user": "CrokyTheKiwi",
            "link": "https://youtu.be/airCMFZpKJg",
            "percent": 100,
            "hz": 288
        },
        {
            "user": "Armani",
            "link": "https://youtu.be/p1K9rc5rwzQ",
            "percent": 100,
            "hz": 360
        },
        {
            "user": "LexTank",
            "link": "https://youtu.be/j4y6ohYdsyw",
            "percent": 100,
            "hz": 360
        },
        {
            "user": "zLunatiX",
            "link": "https://youtu.be/0543HC68Vf8",
            "percent": 100,
            "hz": 120
        },
        {
            "user": "Riptide",
            "link": "https://www.youtube.com/watch?v=eK3HiBq1sdE",
            "percent": 100,
            "hz": 120
        },
        {
            "user": "fakeiwnl",
            "link": "https://www.youtube.com/watch?v=WQgK-fV2Rrc",
            "percent": 100,
            "hz": 360
        },
        {
            "user": "Samuuu18",
            "link": "https://www.youtube.com/watch?v=47S54BwTFRY",
            "percent": 100,
            "hz": 360
        },
        {
            "user": "SoSu",
            "link": "https://www.youtube.com/watch?v=rEmP-DQn4WM",
            "percent": 100,
            "hz": 144
        },
        {
            "user": "Chronic",
            "link": "https://www.youtube.com/watch?v=07x7Fsapes4",
            "percent": 100,
            "hz": 144
        },
        {
            "user": "homegrowntag",
            "link": "https://youtu.be/UNvunPJconA",
            "percent": 100,
            "hz": 288
        }
    ]
}
