{
    "id": 68631266,
    "name": "Shitty Black Blizzard",
    "author": "MightGD",
    "creators": ["iRaily"],
    "verifier": "iRaily",
    "verification": "https://www.youtube.com/watch?v=VYf9xu8nekc",
    "percentToQualify": 100,
    "password": "Free to Copy",
    "records": [
        {
            "user": "Clpz",
            "link": "https://www.youtube.com/watch?v=WkdoTW8pVdI",
            "percent": 100,
            "hz": 150
        },
        {
            "user": "KSol72",
            "link": "https://www.youtube.com/watch?v=CBavGR8eOVc",
            "percent": 100,
            "hz": 360
        },
        {
            "user": "Luka",
            "link": "https://www.youtube.com/watch?v=KknE9ZnjKdI",
            "percent": 100,
            "hz": 300
        },
        {
            "user": "Acacia",
            "link": "https://www.youtube.com/watch?v=zaJ4VBTdPtY",
            "percent": 100,
            "hz": 288
        },
        {
            "user": "Holojen",
            "link": "https://www.youtube.com/watch?v=UzkVsjzxoFo",
            "percent": 100,
            "hz": 288
        },
        {
            "user": "kiseki",
            "link": "https://youtu.be/43i3OwDgHNs",
            "percent": 100,
            "hz": 144
        },
        {
            "user": "Cooliguess",
            "link": "https://www.youtube.com/watch?v=lch4C5swUAE&ab_channel=yesno",
            "percent": 100,
            "hz": 360
        },
        {
            "user": "BliffY",
            "link": "https://www.youtube.com/watch?v=FUDvu7VDSzk",
            "percent": 100,
            "hz": 60
        },
        {
            "user": "StarXV",
            "link": "https://www.youtube.com/watch?v=1MyPpx6PumQ",
            "percent": 100,
            "hz": 180
        },
        {
            "user": "Shel",
            "link": "https://youtu.be/QAFKEdwbGFM",
            "percent": 100,
            "hz": 144
        },
        {
            "user": "attrixia",
            "link": "https://youtu.be/O6Z9w6j2cJo",
            "percent": 100,
            "hz": 150
        },
        {
            "user": "Fusion425",
            "link": "https://youtu.be/qsPsjfBjEyw",
            "percent": 100,
            "hz": 360
        },
        {
            "user": "Rixen Ace",
            "link": "https://www.youtube.com/watch?v=DSLgYEm8mG0",
            "percent": 100,
            "hz": 165
        },
        {
            "user": "Amananka",
            "link": "https://www.youtube.com/watch?v=eiHbNcZn5O0",
            "percent": 100,
            "hz": 240
        },
        {
            "user": "RazerJCZ",
            "link": "https://www.youtube.com/watch?v=j2AadMi2QrE",
            "percent": 100,
            "hz": 360
        },
        {
            "user": "odnanref713",
            "link": "https://www.youtube.com/watch?v=e8KV8JgbbZQ",
            "percent": 100,
            "hz": 120
        },
        {
            "user": "ItsMeAlex25",
            "link": "https://www.youtube.com/watch?v=mIAsHxi5ObY",
            "percent": 100,
            "hz": 280
        },
        {
            "user": "itsmegadash",
            "link": "https://www.youtube.com/watch?v=c07KkPBctMA",
            "percent": 100,
            "hz": 180
        },
        {
            "user": "PatoQuack",
            "link": "https://www.youtube.com/watch?v=V6cIKZGNPxc",
            "percent": 100,
            "hz": 357
        },
        {
            "user": "HowlErse",
            "link": "https://youtu.be/ZEMcL3z6J48",
            "percent": 100,
            "hz": 144
        },
        {
            "user": "natertot07",
            "link": "https://youtu.be/TfQky0MWk9k",
            "percent": 100,
            "hz": 144
        },
        {
            "user": "LzKlauss",
            "link": "https://www.youtube.com/watch?v=0a9WYOo5INY",
            "percent": 100,
            "hz": 360
        },
        {
            "user": "I3linded",
            "link": "https://www.youtube.com/watch?v=9rAuAhFUKus",
            "percent": 100,
            "hz": 60
        },
        {
            "user": "xaern",
            "link": "https://www.youtube.com/watch?v=1xmClCf_4Oc",
            "percent": 100,
            "hz": 360
        },
        {
            "user": "Lucid Cray",
            "link": "https://www.youtube.com/watch?v=Bl8D_AvOBZ8",
            "percent": 100,
            "hz": 240
        },
        {
            "user": "kri1s5",
            "link": "https://youtu.be/a2mqJbGbzgM",
            "percent": 100,
            "hz": 60
        },
        {
            "user": "LBoke",
            "link": "https://www.youtube.com/watch?v=u_vlqJ55Uk8",
            "percent": 100,
            "hz": 240
        },
        {
            "user": "Chr8ts",
            "link": "https://www.youtube.com/watch?v=_YIoiKOLQ0I",
            "percent": 100,
            "hz": 240
        },
        {
            "user": "zLunatiX",
            "link": "https://youtu.be/84EmA-blvQQ",
            "percent": 100,
            "hz": 120
        },
        {
            "user": "Cric2",
            "link": "https://www.youtube.com/watch?v=OJjvI6px3r8",
            "percent": 100,
            "hz": 240
        },
        {
            "user": "milsantm",
            "link": "https://www.youtube.com/watch?v=2_qg-O7cnss",
            "percent": 100,
            "hz": 60
        },
        {
            "user": "Spaace",
            "link": "https://www.youtube.com/watch?v=Ms6FIyM4NsY",
            "percent": 100,
            "hz": 144
        },
        {
            "user": "vlubz",
            "link": "https://youtu.be/PFkPTJO4WBA",
            "percent": 100,
            "hz": 144
        },
        {
            "user": "VeryThicccBoi",
            "link": "https://youtu.be/rsN3HI2LnGg",
            "percent": 100,
            "hz": 165
        },
        {
            "user": "Uplan uwu",
            "link": "https://www.youtube.com/watch?v=0q9IetCXDe4",
            "percent": 100,
            "hz": 110
        },
        {
            "user": "Brownie",
            "link": "https://youtu.be/flb1VxFUiLs",
            "percent": 100,
            "hz": 300
        },
        {
            "user": "Cuchara",
            "link": "https://youtu.be/s5lnd3U-998",
            "percent": 100,
            "hz": 240
        },
        {
            "user": "Riptide",
            "link": "https://youtu.be/zzAvW8bWEBI",
            "percent": 100,
            "hz": 120
        },
        {
            "user": "WellNot",
            "link": "https://youtu.be/tEO7XTBpeh8",
            "percent": 100,
            "hz": 60
        },
        {
            "user": "FakeRodri",
            "link": "https://www.youtube.com/watch?v=iISJc9aqX4s",
            "percent": 100,
            "hz": 360
        },
        {
            "user": "JaByUs",
            "link": "https://www.twitch.tv/videos/1466686062",
            "percent": 100,
            "hz": 240
        },
        {
            "user": "CrokyTheKiwi",
            "link": "https://youtu.be/K2LevsTGoKY",
            "percent": 100,
            "hz": 360
        },
        {
            "user": ".com",
            "link": "https://youtu.be/7vxeA7CmrA0",
            "percent": 100,
            "hz": 120
        },
        {
            "user": "hiHIhi",
            "link": "https://www.youtube.com/watch?v=Ij570hsyEXE",
            "percent": 100,
            "hz": 60
        },
        {
            "user": "CyberGeek",
            "link": "https://youtu.be/8iznDAQxAJo",
            "percent": 100,
            "hz": 240
        },
        {
            "user": "Troy3",
            "link": "https://www.youtube.com/watch?v=ex0DMaHwckM&ab_channel=Troy3%5BGD%5D",
            "percent": 100,
            "hz": 180
        },
        {
            "user": "LexTank",
            "link": "https://www.youtube.com/watch?v=V20R53_z10g",
            "percent": 100,
            "hz": 360
        },
        {
            "user": "BlizzardLaZario",
            "link": "https://www.youtube.com/watch?v=icM2pKIfQw0",
            "percent": 100,
            "hz": 144
        },
        {
            "user": "Dxst",
            "link": "https://www.youtube.com/watch?v=FTkNseyXKVk",
            "percent": 100,
            "hz": 300
        },
        {
            "user": "biskit",
            "link": "https://youtu.be/AXUnP9xAaoc",
            "percent": 100,
            "hz": 360
        },
        {
            "user": "homegrowntag",
            "link": "https://www.youtube.com/watch?v=1LBmuNuozag",
            "percent": 100,
            "hz": 288
        },
        {
            "user": "Kucouski",
            "link": "https://youtu.be/a_UmhgKohzw",
            "percent": 100,
            "hz": 300
        },
        {
            "user": "R3W1",
            "link": "https://www.youtube.com/watch?v=BiXu8Oh1XqM",
            "percent": 100,
            "hz": 360
        },
        {
            "user": "GlitchyGlotch",
            "link": "https://youtu.be/4KK5zhG6IuA",
            "percent": 100,
            "hz": 360
        },
        {
            "user": "AshenID",
            "link": "https://youtu.be/4qLFSFrb1fY",
            "percent": 100,
            "hz": 144,
            "mobile": true
        },
        {
            "user": "JimmyVT",
            "link": "https://youtu.be/ooi0wmDVG_Q",
            "percent": 100,
            "hz": 120
        },
        {
            "user": "AzielGD",
            "link": "https://youtu.be/TLNAWFuK5aU",
            "percent": 100,
            "hz": 60,
            "mobile": true
        },
        {
            "user": "Majesstic",
            "link": "https://youtu.be/Ic33Qrj1Zvo",
            "percent": 100,
            "hz": 360
        },
        {
            "user": "FedeXD",
            "link": "https://www.youtube.com/watch?v=KdGUE41y3NE",
            "percent": 100,
            "hz": 360
        },
        {
            "user": "J",
            "link": "https://youtu.be/4Q-2oJw67CY",
            "percent": 100,
            "hz": 360
        },
        {
            "user": "Bjorni03",
            "link": "https://youtu.be/vPL1dYvDHG4",
            "percent": 100,
            "hz": 240
        },
        {
            "user": "asdsdvb",
            "link": "https://www.youtube.com/watch?v=Y9Lks6JqFKk",
            "percent": 100,
            "hz": 240
        }
    ]
}
