{
    "id": 67908336,
    "name": "Shitty Blade of Justice",
    "author": "NoCtrl",
    "creators": [],
    "verifier": "Keruo",
    "verification": "https://www.youtube.com/watch?v=KzKK_SkSQ00",
    "percentToQualify": 64,
    "password": "Free to Copy",
    "records": [
        {
            "user": "RedCraft",
            "link": "https://youtu.be/-sQunONqmME",
            "percent": 100,
            "hz": 288
        },
        {
            "user": "IDeltaPhantomI",
            "link": "https://youtu.be/Qz6EKVHlCW0",
            "percent": 100,
            "hz": 240
        },
        {
            "user": "Dustik",
            "link": "https://www.youtube.com/watch?v=o81hHu0U6XI&ab_channel=Dustik",
            "percent": 100,
            "hz": 144
        },
        {
            "user": "Bjorni03",
            "link": "https://youtu.be/C1q0wEv-vwQ",
            "percent": 100,
            "hz": 144
        },
        {
            "user": "Kobra456",
            "link": "https://www.youtube.com/watch?v=8pv3H-iIeLU",
            "percent": 100,
            "hz": 288
        },
        {
            "user": "ZerniasX",
            "link": "https://youtu.be/YdG3K_cUVa0",
            "percent": 100,
            "hz": 300
        },
        {
            "user": "RazerJCZ",
            "link": "https://www.youtube.com/watch?v=ccCBdruQ0kE",
            "percent": 100,
            "hz": 240
        },
        {
            "user": "NoCtrl",
            "link": "https://youtu.be/9Th_9H1gRHM",
            "percent": 100,
            "hz": 144
        },
        {
            "user": "iRaily",
            "link": "https://youtu.be/dRP1qflhfWQ?t=190",
            "percent": 100,
            "hz": 288
        },
        {
            "user": "Sleeyzy",
            "link": "https://youtu.be/YH2zXx7tjdk",
            "percent": 100,
            "hz": 144
        },
        {
            "user": "qwer7y",
            "link": "https://www.youtube.com/watch?v=Ofp2HEGdqjI",
            "percent": 100,
            "hz": 60
        },
        {
            "user": "BlueTomcat",
            "link": "https://youtu.be/3is2o2xLsPc",
            "percent": 100,
            "hz": 288
        },
        {
            "user": "Sushiboys",
            "link": "https://youtu.be/0UQcs7oAERs",
            "percent": 100,
            "hz": 300
        },
        {
            "user": "SupaX_",
            "link": "https://youtu.be/JG5laauLUcc",
            "percent": 100,
            "hz": 240
        },
        {
            "user": "Delay",
            "link": "https://www.youtube.com/watch?v=hMdazQUTrYI",
            "percent": 100,
            "hz": 240
        },
        {
            "user": "Nolife",
            "link": "https://www.youtube.com/watch?v=imhYYAeF4Vg",
            "percent": 100,
            "hz": 240
        },
        {
            "user": "GD CrimsonKing22",
            "link": "https://www.youtube.com/watch?v=ruHI6wSWxDA&ab_channel=GDCrimsonKing22",
            "percent": 100,
            "hz": 288
        },
        {
            "user": "Lumina",
            "link": "https://www.youtube.com/watch?v=hUSPeCUsJvo&t=5s",
            "percent": 100,
            "hz": 144
        },
        {
            "user": "Holojen",
            "link": "https://youtu.be/WFlECKn34Vc",
            "percent": 100,
            "hz": 288
        },
        {
            "user": "Shel",
            "link": "https://www.youtube.com/watch?v=LG_7l_uMyMk",
            "percent": 100,
            "hz": 144
        },
        {
            "user": "Shock0811",
            "link": "https://www.youtube.com/watch?v=-CfJvN7V0Hg",
            "percent": 75,
            "hz": 144
        },
        {
            "user": "Charlielance",
            "link": "https://www.youtube.com/watch?v=UbbMAVv0KDo&t=7s",
            "percent": 100,
            "hz": 360
        },
        {
            "user": "BlackChaleur",
            "link": "https://www.youtube.com/watch?v=LLgnxxQGlRQ",
            "percent": 100,
            "hz": 240
        },
        {
            "user": "LzKlauss",
            "link": "https://www.youtube.com/watch?v=Gsuy_7UWRQA",
            "percent": 100,
            "hz": 360
        },
        {
            "user": "Hasik",
            "link": "https://youtu.be/KVYHNUCxBa0",
            "percent": 100,
            "hz": 165
        },
        {
            "user": "Riptide",
            "link": "https://youtu.be/TwBszb3v96I",
            "percent": 100,
            "hz": 120
        },
        {
            "user": "Renger Alpha",
            "link": "https://www.youtube.com/watch?v=esrSakuOX7E",
            "percent": 100,
            "hz": 120
        },
        {
            "user": "Chr8ts",
            "link": "https://youtu.be/z4oBn5k_wpE",
            "percent": 100,
            "hz": 240
        },
        {
            "user": "Semperfusion",
            "link": "https://www.youtube.com/watch?v=G8tSQPHtvlA",
            "percent": 100,
            "hz": 360
        },
        {
            "user": "Samuuu18",
            "link": "https://youtu.be/efa4ziCAgno",
            "percent": 100,
            "hz": 360
        },
        {
            "user": "Dandy Chiggins",
            "link": "https://youtu.be/TrdADXTZ5IQ",
            "percent": 100,
            "hz": 360
        },
        {
            "user": "homegrowntag",
            "link": "https://youtu.be/bYZgQoXHR90",
            "percent": 100,
            "hz": 288
        },
        {
            "user": "T333",
            "link": "https://youtu.be/QlnYKQChWek",
            "percent": 100,
            "hz": 240
        },
        {
            "user": "BrightBird",
            "link": "https://youtu.be/tG4U3POZYaU",
            "percent": 100,
            "hz": 288
        },
        {
            "user": "biskit",
            "link": "https://youtu.be/cOXjzLkTB4I?t=268",
            "percent": 100,
            "hz": 360
        },
        {
            "user": "antisynth",
            "link": "https://www.youtube.com/watch?v=FoSiHewfcHM",
            "percent": 100,
            "hz": 330
        }
    ]
}
