{
    "id": 79733975,
    "name": "Shitty Bloodbath",
    "author": "Prometheus",
    "creators": ["NourTheKing", "KylashTheKiller", "sorrym8", "Aviv", "fice", "carl"],
    "verifier": "zMatt05",
    "verification": "https://youtu.be/e84b5HaLdm4",
    "percentToQualify": 100,
    "records": [
        {
           "user": "Clpz",
           "link": "https://www.youtube.com/watch?v=0jxu9nR6UWg&ab_channel=Clpz",
           "percent": 100,
           "hz": 300
        },
        {
            "user": "Hasik",
            "link": "https://youtu.be/A2yUI5e3WNY",
            "percent": 100,
            "hz": 165
        },
        {
            "user": "Jitt3rGD",
            "link": "https://www.youtube.com/watch?v=UeeCrS-9IB0",
            "percent": 100,
            "hz": 360
        },
        {
            "user": "RazerJCZ",
            "link": "https://www.youtube.com/watch?v=Lv4khOSkIjY",
            "percent": 100,
            "hz": 360
        },
        {
            "user": "Andrxw",
            "link": "https://www.youtube.com/watch?v=Ds6t7WE6Ehc",
            "percent": 100,
            "hz": 144
        },
        {
            "user": "KondorGD",
            "link": "https://youtu.be/_fcr7H09EZQ",
            "percent": 100,
            "hz": 330
        },
        {
            "user": "MustafaAydin",
            "link": "https://youtu.be/KV3Jm4Ye0zs",
            "percent": 100,
            "hz": 180
        },
        {
            "user": "Bims",
            "link": "https://youtu.be/O6R7j4UvnqI",
            "percent": 100,
            "hz": 360
        },
        {
            "user": "Vaoen",
            "link": "https://www.twitch.tv/videos/1482150476",
            "percent": 100,
            "hz": 288
        },
        {
            "user": "Leafly",
            "link": "https://www.youtube.com/watch?v=768aWqlrQIQ",
            "percent": 100,
            "hz": 288
        },
        {
            "user": "RussianPotato",
            "link": "https://www.youtube.com/watch?v=Sk9crZWGawE",
            "percent": 100,
            "hz": 144
        },
        {
            "user": "GlitchyGlotch",
            "link": "https://youtu.be/IYZprSIXox8",
            "percent": 100,
            "hz": 360
        },
        {
            "user": "Papote Malote",
            "link": "https://www.youtube.com/watch?v=c8fhJQorlz8",
            "percent": 100,
            "hz": 240
        },
        {
            "user": "Juanjoim2007",
            "link": "https://youtu.be/f7YnZUl9xrE",
            "percent": 100,
            "hz": 144
        },
        {
            "user": "TravelChimp",
            "link": "https://youtu.be/iD6dLAi5Z9M",
            "percent": 100,
            "hz": 288
        },
        {
            "user": "LBoke",
            "link": "https://youtu.be/lsoo3BuVjNc",
            "percent": 100,
            "hz": 360
        },
        {
            "user": "T333",
            "link": "https://youtu.be/ezkgCx-A-vQ",
            "percent": 100,
            "hz": 240
        },
        {
            "user": "BIL32YT",
            "link": "https://youtu.be/AJtoeQuIebg",
            "percent": 100,
            "hz": 165
        },
        {
            "user": "LzKlauss",
            "link": "https://youtu.be/AJtoeQuIebg",
            "percent": 100,
            "hz": 360
        },
        {
            "user": "Ka4epra",
            "link": "https://www.youtube.com/watch?v=FvZtwvrFQ2Q",
            "percent": 100,
            "hz": 300
        },
        {
            "user": "Yarkii",
            "link": "https://www.youtube.com/watch?v=QReWboZ_iBU",
            "percent": 100,
            "hz": 240
        },
        {
            "user": "Holojen",
            "link": "https://www.youtube.com/watch?v=v7YgUwO59io",
            "percent": 100,
            "hz": 288
        },
        {
            "user": "alpom74",
            "link": "https://www.youtube.com/watch?v=Sm8uKTJ5834",
            "percent": 100,
            "hz": 165
        },
        {
            "user": "NTB",
            "link": "https://www.youtube.com/watch?v=jjSFWDIRBG0",
            "percent": 100,
            "hz": 300
        },
        {
            "user": "BlackChaleur",
            "link": "https://youtu.be/qouJd4VUWC4",
            "percent": 100,
            "hz": 360
        },
        {
            "user": "biskit",
            "link": "https://youtu.be/wgsInLd5EP4",
            "percent": 100,
            "hz": 360
        },
        {
            "user": "Tango",
            "link": "https://www.youtube.com/watch?v=Qg1ebrsh5Uo",
            "percent": 100,
            "hz": 144
        },
        {
            "user": "Mink",
            "link": "https://youtu.be/0cbhIAVI3-M",
            "percent": 100,
            "hz": 240
        },
        {
            "user": "BlackChaleur",
            "link": "https://www.youtube.com/watch?v=qouJd4VUWC4&t=137s",
            "percent": 100,
            "hz": 360
        },
        {
            "user": "StarXV",
            "link": "https://youtu.be/LuxqbvzwVxA",
            "percent": 100,
            "hz": 240
        },
        {
            "user": "ihopxe",
            "link": "https://youtu.be/vUJJOJUErVU",
            "percent": 100,
            "hz": 240
        },
        {
            "user": "Dueluxe",
            "link": "https://youtu.be/AHXOdF-8BuQ",
            "percent": 100,
            "hz": 240
        },
        {
            "user": "Delay",
            "link": "https://www.youtube.com/watch?v=QuZfvTxPmEk",
            "percent": 100,
            "hz": 144
        },
        {
            "user": "Slava6959",
            "link": "https://www.youtube.com/watch?v=PHXmrNsVmkM",
            "percent": 100,
            "hz": 288
        },
        {
            "user": "zorsti",
            "link": "https://youtu.be/kJnZ0gvqVGY",
            "percent": 100,
            "hz": 144
        },
        {
            "user": "homegrowntag",
            "link": "https://youtu.be/jeu8rKyTj1k",
            "percent": 100,
            "hz": 288
        },
        {
            "user": "Jandlust",
            "link": "https://youtu.be/81R1Nn0uZBw",
            "percent": 100,
            "hz": 360
        },
        {
            "user": "Twister :p",
            "link": "https://youtu.be/7uY37I8fWkY",
            "percent": 100,
            "hz": 165
        },
        {
            "user": "woi",
            "link": "https://youtu.be/SSGFc3I484A",
            "percent": 100,
            "hz": 360
        },
        {
            "user": "HGL",
            "link": "https://youtu.be/pIvOgySWkEU",
            "percent": 100,
            "hz": 360
        },
        {
            "user": "Majesstic",
            "link": "https://youtu.be/GzcsfJRfVYc",
            "percent": 100,
            "hz": 360
        },
        {
            "user": "NoumnoumGD",
            "link": "https://www.youtube.com/watch?v=Vq88wmKsNHI",
            "percent": 100,
            "hz": 300
        },
        {
            "user": "Dandy Chiggins",
            "link": "https://youtu.be/vim0UKY8lPY",
            "percent": 100,
            "hz": 360
        },
        {
            "user": "Brownie",
            "link": "https://youtu.be/R3M7Hdyt31M",
            "percent": 100,
            "hz": 225
        },
        {
            "user": "JaByUs",
            "link": "https://youtu.be/1eGHFqY2YQo",
            "percent": 100,
            "hz": 300
        },
        {
            "user": "Sr_Panini",
            "link": "https://www.youtube.com/watch?v=y8UTg6J9R90",
            "percent": 100,
            "hz": 288
        },
        {
            "user": "TheKalvinator",
            "link": "https://youtu.be/DemnNNzedrw",
            "percent": 100,
            "hz": 240
        },
        {
            "user": "Kookyeyes",
            "link": "https://www.youtube.com/watch?v=7RG_4mplCt8",
            "percent": 100,
            "hz": 360
        },
        {
            "user": "Chuck Danger",
            "link": "https://youtu.be/TpOotW1KNxQ",
            "percent": 100,
            "hz": 360
        },
        {
            "user": "FuPlug",
            "link": "https://www.youtube.com/watch?v=c14frzhyVOc",
            "percent": 100,
            "hz": 144
        },
        {
            "user": "Willow",
            "link": "https://youtu.be/Fe99WP036tQ",
            "percent": 100,
            "hz": 240
        },
        {
            "user": "92004JACOB",
            "link": "https://youtu.be/HvmDI2yzFk0",
            "percent": 100,
            "hz": 360
        },
        {
            "user": "Cuchara",
            "link": "https://youtu.be/BvNfFszIK2E",
            "percent": 100,
            "hz": 240
        },
        {
            "user": "Focused7733",
            "link": "https://youtu.be/cqEfbk2z2So",
            "percent": 100,
            "hz": 360
        },
        {
            "user": "juls",
            "link": "https://www.youtube.com/watch?v=rFRPqV6of_M",
            "percent": 100,
            "hz": 360
        },
        {
            "user": "asdsdvb",
            "link": "https://www.youtube.com/watch?v=lZB6lS5nSzs",
            "percent": 100,
            "hz": 240
        }
    ]
}
