{
    "id": 70981403,
    "name": "Shitty Calamity",
    "author": "Myz",
    "creators": [],
    "verifier": "Slayer",
    "verification": "https://youtu.be/1aqT6uPnuS4",
    "percentToQualify": 78,
    "records": [
        {
            "user": "Tai0",
            "link": "https://youtu.be/lQjy4ZbNll4",
            "percent": 100,
            "hz": 144
        },
        {
            "user": "Sushiboys",
            "link": "https://youtu.be/HTw0o6rNJCA",
            "percent": 100,
            "hz": 300
        },
        {
            "user": "Kobra456",
            "link": "https://www.youtube.com/watch?v=Gywu0unllHU",
            "percent": 100,
            "hz": 288
        },
        {
            "user": "iRaily",
            "link": "https://youtu.be/3fvUcJDPqt4",
            "percent": 100,
            "hz": 288
        },
        {
            "user": "Nolife",
            "link": "https://www.youtube.com/watch?v=GL22SpPPWXg",
            "percent": 100,
            "hz": 240
        },
        {
            "user": "Киря",
            "link": "https://www.youtube.com/watch?v=xqjRP9nL-0Q",
            "percent": 100,
            "hz": 240
        },
        {
            "user": "Santyr",
            "link": "https://www.youtube.com/watch?v=lfM9ZrmLe10",
            "percent": 100,
            "hz": 360
        },
        {
            "user": "attrixia",
            "link": "https://www.youtube.com/watch?v=2X7R9IkXJ70",
            "percent": 100,
            "hz": 150
        },
        {
            "user": "GD CrimsonKing22",
            "link": "https://www.youtube.com/watch?v=voIBcEjVzhk",
            "percent": 100,
            "hz": 288
        },
        {
            "user": "Solid",
            "link": "https://youtu.be/lMAYqktWehs",
            "percent": 100,
            "hz": 240
        },
        {
            "user": "Micro",
            "link": "https://www.youtube.com/watch?v=iCmLk6dObjo",
            "percent": 100,
            "hz": 144
        },
        {
            "user": "LzKlauss",
            "link": "https://youtu.be/nhULmMoYVgI",
            "percent": 100,
            "hz": 288
        },
        {
            "user": "Decin0",
            "link": "https://www.youtube.com/watch?v=e12tEt7hNWI&t=33s",
            "percent": 100,
            "hz": 288
        },
        {
            "user": "KylashTheKiller",
            "link": "https://youtu.be/hhOsS4az9b0",
            "percent": 100,
            "hz": 60
        },
        {
            "user": "BrightBird",
            "link": "https://youtu.be/riEzrOOpd1Y",
            "percent": 100,
            "hz": 288
        },
        {
            "user": "ZerniasX",
            "link": "https://youtu.be/qSeTeI-4X3c",
            "percent": 100,
            "hz": 360
        },
        {
            "user": "Breakcore",
            "link": "https://youtu.be/ZJXqskj3zRM",
            "percent": 100,
            "hz": 360
        },
        {
            "user": "TheRandomStuff",
            "link": "https://www.youtube.com/watch?v=JzcFXYwlU4E",
            "percent": 100,
            "hz": 240
        },
        {
            "user": "Kenos Song",
            "link": "https://www.youtube.com/watch?v=njNuD9XKtc8",
            "percent": 100,
            "hz": 360
        },
        {
            "user": "BlueTomcat",
            "link": "https://youtu.be/0Gedy-7ercU",
            "percent": 100,
            "hz": 288
        },
        {
            "user": "Acacia",
            "link": "https://youtu.be/5bn1qsOVOhw",
            "percent": 100,
            "hz": 288
        },
        {
            "user": "Oblivion7",
            "link": "https://www.youtube.com/watch?v=29ZqnxJ1HA8",
            "percent": 100,
            "hz": 120
        },
        {
            "user": "MustafaAydin",
            "link": "https://youtu.be/1PpUVZCf8bY",
            "percent": 86,
            "hz": 180
        },
        {
            "user": "Dandy Chiggins",
            "link": "https://youtu.be/lSP1T7SLwos",
            "percent": 100,
            "hz": 360
        },
        {
            "user": "WilltheRen",
            "link": "https://youtu.be/kVaSmLMP7c0",
            "percent": 100,
            "hz": 280
        },
        {
            "user": "homegrowntag",
            "link": "https://youtu.be/gnL8uQGb44s",
            "percent": 100,
            "hz": 240
        },
        {
            "user": "kacro",
            "link": "https://youtu.be/3Sh0bcIs_Co",
            "percent": 100,
            "hz": 360
        },
        {
            "user": "Vaoen",
            "link": "https://www.twitch.tv/videos/1494860198",
            "percent": 100,
            "hz": 288
        },
        {
            "user": "Zildex",
            "link": "https://youtu.be/IOp1Teh1pNg",
            "percent": 100,
            "hz": 330
        },
        {
            "user": "Galaxyx",
            "link": "https://www.youtube.com/watch?v=t2wmOrqDYys",
            "percent": 100,
            "hz": 360
        },
        {
            "user": "xdgamer",
            "link": "https://www.youtube.com/watch?v=IzqIVjrIMLw",
            "percent": 100,
            "hz": 288
        },
        {
            "user": "Galaxyx",
            "link": "https://youtu.be/t2wmOrqDYys",
            "percent": 100,
            "hz": 360
        },
        {
            "user": "Samuuu18",
            "link": "https://www.twitch.tv/videos/1522353423",
            "percent": 100,
            "hz": 360
        },
        {
            "user": "biskit",
            "link": "https://youtu.be/1a67doWXniA",
            "percent": 100,
            "hz": 360
        },
        {
            "user": ".com",
            "link": "https://www.youtube.com/watch?v=yHI4g58j7Z0",
            "percent": 100,
            "hz": 120
        },
        {
            "user": "antisynth",
            "link": "https://www.youtube.com/watch?v=mddlicwAR7w",
            "percent": 100,
            "hz": 330
        },
        {
            "user": "WaveWarrior",
            "link": "https://www.youtube.com/watch?v=_Irih5ALJQg",
            "percent": 100,
            "hz": 240
        },
        {
            "user": "ItsMeAlex25",
            "link": "https://www.youtube.com/watch?v=C69naI72Xms",
            "percent": 100,
            "hz": 240
        },
        {
            "user": "MustafaAydin",
            "link": "https://www.youtube.com/watch?v=6vOE63ky8Qc",
            "percent": 100,
            "hz": 240
        },
        {
            "user": "HeartLess",
            "link": "https://youtu.be/6JGzKhADd58",
            "percent": 100,
            "hz": 360
        }
    ]
}
