{
    "id": 81103246,
    "name": "Shitty Call Me Maybe",
    "author": "Wavvy",
    "creators": [
    "zFice7"
    ],
    "verifier": "qb",
    "verification": "https://youtu.be/-yaOleR8Zos",
    "percentToQualify": 60,
    "records": [
        {
            "user": "Dandy Chiggins",
            "link": "https://youtu.be/n0-_yUvWBfQ",
            "percent": 100,
            "hz": 360
        },
        {
            "user": "kacro",
            "link": "https://www.youtube.com/watch?v=y01r1qJdT4M",
            "percent": 100,
            "hz": 360
        },
        {
            "user": "Elpepetaxio",
            "link": "https://www.youtube.com/watch?v=jvV7a7iKsG8",
            "percent": 100,
            "hz": 240
        },
        {
            "user": "Riptide",
            "link": "https://youtu.be/WFJKNphsKq4",
            "percent": 100,
            "hz": 120
        }
    ]
}
