{
    "id": 66545563,
    "name": "Shitty Carcano",
    "author": "ArcticFoxGD",
    "creators": [],
    "verifier": "Kobra456",
    "verification": "https://www.youtube.com/watch?v=kdM0wYf7r74",
    "percentToQualify": 100,
    "records": [
        {
            "user": "IDeltaPhantomI",
            "link": "https://youtu.be/wR_VzDdIILE",
            "percent": 100,
            "hz": 240
        },
        {
            "user": "ZerniasX",
            "link": "https://youtu.be/7rJjW8K5yxE",
            "percent": 100,
            "hz": 300
        },
        {
            "user": "WhatsApp",
            "link": "https://youtu.be/5yeHMEYgsjc",
            "percent": 100,
            "hz": 240
        },
        {
            "user": "SuPPerBBoy [GD]",
            "link": "https://www.youtube.com/watch?v=wr4YUl1V-zQ",
            "percent": 100,
            "hz": 300
        },
        {
            "user": "GabeLucario",
            "link": "https://www.youtube.com/watch?v=7yIy815EUBk",
            "percent": 100,
            "hz": 240
        },
        {
            "user": "Matthlew",
            "link": "https://youtu.be/oAskQcgfesM",
            "percent": 100,
            "hz": 144
        },
        {
            "user": "ImScoping",
            "link": "https://youtu.be/VQ0pBIVgEqc",
            "percent": 100,
            "hz": 288
        },
        {
            "user": "iRaily",
            "link": "https://youtu.be/6MY0sPUpj9A",
            "percent": 100,
            "hz": 288
        },
        {
            "user": "PatGaming",
            "link": "https://youtu.be/dMmcFIKpVRg",
            "percent": 100,
            "hz": 165
        },
        {
            "user": "C55",
            "link": "https://youtu.be/9GDBk69vTpE",
            "percent": 100,
            "hz": 144
        },
        {
            "user": "Dustik",
            "link": "https://www.youtube.com/watch?v=C7j1b2m1p_A&ab_channel=Dustik",
            "percent": 100,
            "hz": 144
        },
        {
            "user": "Holojen",
            "link": "https://youtu.be/_VbfJKLQhF0",
            "percent": 100,
            "hz": 288
        },
        {
            "user": "Gamez",
            "link": "https://www.youtube.com/watch?v=NLqKQL1xLOE&feature=youtu.be",
            "percent": 100,
            "hz": 60
        },
        {
            "user": "Emma_GD",
            "link": "https://www.youtube.com/watch?v=1gs5h7IbbtQ",
            "percent": 100,
            "hz": 240
        },
        {
            "user": "Baljeet",
            "link": "https://www.youtube.com/watch?v=AeIS-JCKZas&feature=youtu.be",
            "percent": 100,
            "hz": 288
        },
        {
            "user": "Cyver",
            "link": "https://youtu.be/yA4cMKyUTug",
            "percent": 100,
            "hz": 144
        },
        {
            "user": "AustinGD",
            "link": "https://youtu.be/CwiMONTBf5c",
            "percent": 100,
            "hz": 240
        },
        {
            "user": "Tai0",
            "link": "https://youtu.be/pRHwrL2k6vw",
            "percent": 100,
            "hz": 144
        },
        {
            "user": "CcrazZynGamer",
            "link": "https://youtu.be/_hF4itbW8Sg",
            "percent": 100,
            "hz": 288
        },
        {
            "user": "Samuuu18",
            "link": "https://youtu.be/ReANKd8P9AM",
            "percent": 100,
            "hz": 180
        },
        {
            "user": "ddddr",
            "link": "https://www.youtube.com/watch?v=hLTpfZwIxhU",
            "percent": 100,
            "hz": 144
        },
        {
            "user": "DS",
            "link": "https://www.youtube.com/watch?v=dB48ukRIF5o&feature=youtu.be&ab_channel=DS",
            "percent": 100,
            "hz": 144
        },
        {
            "user": "FiredomeGD",
            "link": "https://www.youtube.com/watch?v=yvH-Swor6xg&ab_channel=firedome",
            "percent": 100,
            "hz": 120
        },
        {
            "user": "T333",
            "link": "https://www.youtube.com/watch?v=fMfWqPIDuHI",
            "percent": 100,
            "hz": 240
        },
        {
            "user": "Willow",
            "link": "https://youtu.be/Z6hrEY3dtU4",
            "percent": 100,
            "hz": 144
        },
        {
            "user": "SrGuillester",
            "link": "https://www.youtube.com/watch?v=fHqhy9bO00o",
            "percent": 100,
            "hz": 144
        },
        {
            "user": "JaByUs",
            "link": "https://youtu.be/m84VyBugWKA",
            "percent": 100,
            "hz": 300
        },
        {
            "user": "Kraz",
            "link": "https://youtu.be/sy7aoNkADj0",
            "percent": 100,
            "hz": 144
        },
        {
            "user": "Valfilho",
            "link": "https://www.youtube.com/watch?v=4g4QideB7p0&ab_channel=ValFilho",
            "percent": 100,
            "hz": 240
        },
        {
            "user": "Frypt",
            "link": "https://youtu.be/hCvJXuxuu7k",
            "percent": 100,
            "hz": 165
        },
        {
            "user": "Tinushi",
            "link": "https://www.youtube.com/watch?v=6X_HgD2PHx0&list=PLfuiK4nPVS-FWVJiaShlic97b2M34eXIO",
            "percent": 100,
            "hz": 144
        },
        {
            "user": "attrixia",
            "link": "https://www.youtube.com/watch?v=mkEaRFBvvYw",
            "percent": 100,
            "hz": 150
        },
        {
            "user": "SimpalGD",
            "link": "https://www.youtube.com/watch?v=j8Yr1S7uUbg&ab_channel=Simpal",
            "percent": 100,
            "hz": 144
        },
        {
            "user": "Liaxire",
            "link": "https://youtu.be/aESFsgMfZhI",
            "percent": 100,
            "hz": 144
        },
        {
            "user": "anefu",
            "link": "https://www.youtube.com/watch?v=Spsbjg_88x0",
            "percent": 100,
            "hz": 240
        },
        {
            "user": "GdXposed",
            "link": "https://m.youtube.com/watch?v=NFoYnUAcfmg",
            "percent": 100,
            "hz": 240
        },
        {
            "user": "vex",
            "link": "https://www.youtube.com/watch?v=pH4URKbgTLc",
            "percent": 100,
            "hz": 144
        },
        {
            "user": "Bluuper",
            "link": "https://www.youtube.com/watch?v=oFpNh4QkryY",
            "percent": 100,
            "hz": 144
        },
        {
            "user": "Breakcore",
            "link": "https://streamable.com/a9u70v",
            "percent": 100,
            "hz": 360
        },
        {
            "user": "Brinnn",
            "link": "https://youtu.be/HLmXqTPn4Vw",
            "percent": 100,
            "hz": 120
        },
        {
            "user": "h4tecr1me.",
            "link": "https://www.youtube.com/watch?v=TNQZHsV0Jcw",
            "percent": 100,
            "hz": 240
        },
        {
            "user": "RadioY",
            "link": "https://youtu.be/hxqx7E4kj_w",
            "percent": 100,
            "hz": 60
        },
        {
            "user": "Weedeater69420",
            "link": "https://youtu.be/ETHOivK4S44",
            "percent": 100,
            "hz": 144
        },
        {
            "user": "Myz",
            "link": "https://youtu.be/nxz1Yc9LfBA",
            "percent": 100,
            "hz": 288
        },
        {
            "user": "SirFiftyFive",
            "link": "https://youtu.be/fy4h_lkgyMk",
            "percent": 100,
            "hz": 240
        },
        {
            "user": "TheRedTiger",
            "link": "https://youtu.be/npljtmtWAg4",
            "percent": 100,
            "hz": 360
        },
        {
            "user": "MushroomB0i",
            "link": "https://www.youtube.com/watch?v=xDFF8SbVdG8",
            "percent": 100,
            "hz": 360
        },
        {
            "user": "Cheat0o",
            "link": "https://youtu.be/i3jqbmJaA1k",
            "percent": 100,
            "hz": 288
        },
        {
            "user": "ItzQuster",
            "link": "https://youtu.be/rk7wmbO27EE",
            "percent": 100,
            "hz": 120
        },
        {
            "user": "RealEB2610",
            "link": "https://www.youtube.com/watch?v=sf4Aa8Ni2vM",
            "percent": 100,
            "hz": 240
        },
        {
            "user": "Flixmurray",
            "link": "https://youtu.be/816cGYbpzII",
            "percent": 100,
            "hz": 60
        },
        {
            "user": "SnoopyHyperion6",
            "link": "https://www.youtube.com/watch?v=8yFUHkxaCMo",
            "percent": 100,
            "hz": 165
        },
        {
            "user": "Zan",
            "link": "https://www.youtube.com/watch?v=p0Y1CDcqTK8",
            "percent": 100,
            "hz": 144
        },
        {
            "user": "martinx233",
            "link": "https://www.youtube.com/watch?v=LYgFx0nQvzs&t=18s",
            "percent": 100,
            "hz": 120
        },
        {
            "user": "BlueTomcat",
            "link": "https://youtu.be/1viwIeCqNsU",
            "percent": 100,
            "hz": 144
        },
        {
            "user": "IcaroX",
            "link": "https://youtu.be/d8ni1VZfEVc",
            "percent": 100,
            "hz": 240
        },
        {
            "user": "FTRS Paulie",
            "link": "https://www.youtube.com/watch?v=oBttL61Glvk",
            "percent": 100,
            "hz": 120
        },
        {
            "user": "Charlielance",
            "link": "https://www.youtube.com/watch?v=TinNjTLFXbU&ab_channel=CharlieLance",
            "percent": 100,
            "hz": 360
        },
        {
            "user": "Geometry 2012",
            "link": "https://youtu.be/uEthbX7Xm20",
            "percent": 100,
            "hz": 360
        },
        {
            "user": "TravelChimp",
            "link": "https://youtu.be/EgaWMJ_jpio",
            "percent": 100,
            "hz": 288
        },
        {
            "user": "TH54",
            "link": "https://youtu.be/vyVCV-TNIus",
            "percent": 100,
            "hz": 360
        },
        {
            "user": "RubisNoob",
            "link": "https://youtu.be/QA0CijeJNBM",
            "percent": 100,
            "hz": 60
        },
        {
            "user": "InferiorPatty",
            "link": "https://www.youtube.com/watch?v=yKuQemvEpTk",
            "percent": 100,
            "hz": 360
        },
        {
            "user": "ZedGMD",
            "link": "https://www.youtube.com/watch?v=y2Pln4mgVkA",
            "percent": 100,
            "hz": 144
        },
        {
            "user": "blessed",
            "link": "https://www.youtube.com/watch?v=rBI8fNDCMgk",
            "percent": 100,
            "hz": 120
        },
        {
            "user": "Decin0",
            "link": "https://youtu.be/_OwPflzHcnQ?t=35",
            "percent": 100,
            "hz": 240
        },
        {
            "user": "YinnYang",
            "link": "https://youtu.be/-uld81iaJjc",
            "percent": 100,
            "hz": 360
        },
        {
            "user": "Xtyles",
            "link": "https://youtu.be/hM9YULStDCE",
            "percent": 100,
            "hz": 360
        },
        {
            "user": "Shel",
            "link": "https://youtu.be/QPwkSgOne_Q",
            "percent": 100,
            "hz": 144
        },
        {
            "user": "Viridian",
            "link": "https://www.youtube.com/watch?v=0Atq72tOymc",
            "percent": 100,
            "hz": 288
        },
        {
            "user": "SupaX_",
            "link": "https://youtu.be/OJjviuA2m-g",
            "percent": 100,
            "hz": 240
        },
        {
            "user": "Fusion425",
            "link": "https://youtu.be/zl2SZnDGcao",
            "percent": 100,
            "hz": 300
        },
        {
            "user": "Lyrian",
            "link": "https://www.youtube.com/watch?v=nZaWvAs7pRg&t=16s&pp=sAQA",
            "percent": 100,
            "hz": 165
        },
        {
            "user": "domi77",
            "link": "https://www.youtube.com/watch?v=argKok9MG_c",
            "percent": 100,
            "hz": 144
        },
        {
            "user": "WallyWalrus",
            "link": "https://youtu.be/kOkQssHthPM",
            "percent": 100,
            "hz": 240
        },
        {
            "user": "BrightBird",
            "link": "https://youtu.be/ZqGLVl0TdS8",
            "percent": 100,
            "hz": 60
        },
        {
            "user": "Delay",
            "link": "https://www.youtube.com/watch?v=cdvicKqhUt4",
            "percent": 100,
            "hz": 240
        },
        {
            "user": "Armani",
            "link": "https://youtu.be/PSv7iwjtgQ0",
            "percent": 100,
            "hz": 360
        },
        {
            "user": "Nolife",
            "link": "https://www.youtube.com/watch?v=qaPVaM2B6wE",
            "percent": 100,
            "hz": 240
        },
        {
            "user": "bnuuy",
            "link": "https://www.youtube.com/watch?v=fFU-DvpjzcA",
            "percent": 100,
            "hz": 144
        },
        {
            "user": "WhiteGokey",
            "link": "https://youtu.be/xlsi3Lgcdtk",
            "percent": 100,
            "hz": 60
        },
        {
            "user": "Troy3",
            "link": "https://youtu.be/rqMA17cNV9o",
            "percent": 100,
            "hz": 180
        },
        {
            "user": "CaptainAMC",
            "link": "https://www.youtube.com/watch?v=__P3VLlC-f4",
            "percent": 100,
            "hz": 240
        },
        {
            "user": "MfoGaming1219",
            "link": "https://youtu.be/cqMhRogEAdA",
            "percent": 100,
            "hz": 120
        },
        {
            "user": "Timéo",
            "link": "https://youtu.be/g9NR-GMjO7g",
            "percent": 100,
            "hz": 144
        },
        {
            "user": "CsdCosine",
            "link": "https://www.youtube.com/watch?v=WSkgnLhtKTM",
            "percent": 100,
            "hz": 288
        },
        {
            "user": "Derpso",
            "link": "https://www.youtube.com/watch?v=EOFwSsaNmg4",
            "percent": 100,
            "hz": 144
        },
        {
            "user": "Davine_007",
            "link": "https://www.youtube.com/watch?v=eqZBAOUzrdU",
            "percent": 100,
            "hz": 144
        },
        {
            "user": "Oganesson",
            "link": "https://www.youtube.com/watch?v=YnCnlxBxPiI",
            "percent": 100,
            "hz": 165
        },
        {
            "user": "Skhinner13",
            "link": "https://youtu.be/AvGQVIctTAA",
            "percent": 100,
            "hz": 144
        },
        {
            "user": "Zygimantux",
            "link": "https://www.youtube.com/watch?v=cfjDg5uRxLI",
            "percent": 100,
            "hz": 144
        },
        {
            "user": "DashTH",
            "link": "https://www.youtube.com/watch?v=_nZ6y3pF8r8",
            "percent": 100,
            "hz": 120
        },
        {
            "user": "deex3",
            "link": "https://youtu.be/gfcMaXX0iX0",
            "percent": 100,
            "hz": 360
        },
        {
            "user": "WilltheRen",
            "link": "https://www.youtube.com/watch?v=CU1NJ_SULv0",
            "percent": 100,
            "hz": 165
        },
        {
            "user": "DogeyBoi",
            "link": "https://www.youtube.com/watch?v=upoc0M_hljI",
            "percent": 100,
            "hz": 165
        },
        {
            "user": "Denni",
            "link": "https://www.youtube.com/watch?v=0Jh1KTujljU",
            "percent": 100,
            "hz": 360
        },
        {
            "user": "Andrew14916",
            "link": "https://m.youtube.com/watch?v=29x4HCxMjWU",
            "percent": 100,
            "hz": 288
        },
        {
            "user": "Lisa",
            "link": "https://www.youtube.com/watch?v=0ATppWyUDno",
            "percent": 100,
            "hz": 360
        },
        {
            "user": "Spaace",
            "link": "https://www.youtube.com/watch?v=uhtM1PJuiJg",
            "percent": 100,
            "hz": 144
        },
        {
            "user": "tunax",
            "link": "https://youtu.be/Gr2Y3txVnZ4",
            "percent": 100,
            "hz": 360
        },
        {
            "user": "LBoke",
            "link": "https://www.youtube.com/watch?v=wLBZoxhH1F8",
            "percent": 100,
            "hz": 240
        },
        {
            "user": "ElixiumGD",
            "link": "https://www.youtube.com/watch?v=JqU3dFVyhk0",
            "percent": 100,
            "hz": 240
        },
        {
            "user": "LCynox",
            "link": "https://youtu.be/rKnhorNT6p0",
            "percent": 100,
            "hz": 144
        },
        {
            "user": "Certified Noob",
            "link": "https://www.youtube.com/watch?v=RnAmHV1O56c",
            "percent": 100,
            "hz": 165
        },
        {
            "user": "Snakez363",
            "link": "https://www.twitch.tv/videos/1242992534",
            "percent": 100,
            "hz": 144
        },
        {
            "user": "gonza650",
            "link": "https://youtu.be/P6cazC9qAxw",
            "percent": 100,
            "hz": 240
        },
        {
            "user": "LinedriveGD",
            "link": "https://www.youtube.com/watch?v=n4Y6NtyT5C0",
            "percent": 100,
            "hz": 300
        },
        {
            "user": "Slijee",
            "link": "https://youtu.be/a5TB4BNjL5k",
            "percent": 100,
            "hz": 144
        },
        {
            "user": "Invinceicube",
            "link": "https://www.youtube.com/watch?v=umexDJ1Xak4",
            "percent": 100,
            "hz": 240
        },
        {
            "user": "ObvSilver",
            "link": "https://www.youtube.com/watch?v=B-CwJa-JTsI",
            "percent": 100,
            "hz": 165
        },
        {
            "user": "Acacia",
            "link": "https://www.youtube.com/watch?v=rC992D9rlfs",
            "percent": 100,
            "hz": 360
        },
        {
            "user": "Riptide",
            "link": "https://youtu.be/NxYu9kSiGuY",
            "percent": 100,
            "hz": 60
        },
        {
            "user": "1hhx9",
            "link": "https://www.youtube.com/watch?v=9pldbHZfW70",
            "percent": 100,
            "hz": 240
        },
        {
            "user": "ThatGuyFroGG",
            "link": "https://youtu.be/b3tXKsmUocY",
            "percent": 100,
            "hz": 360
        },
        {
            "user": "Freikz",
            "link": "https://youtu.be/t7OVsh2uZuQ",
            "percent": 100,
            "hz": 360
        },
        {
            "user": "LzKlauss",
            "link": "https://www.youtube.com/watch?v=PwRvZz_87M4",
            "percent": 100,
            "hz": 360
        },
        {
            "user": "M1nYong",
            "link": "https://youtu.be/7KVt8KhUNAg",
            "percent": 100,
            "hz": 360
        },
        {
            "user": "Semperfusion",
            "link": "https://www.youtube.com/watch?v=K9oGVwpNkN8",
            "percent": 100,
            "hz": 360
        },
        {
            "user": "Xarii_72",
            "link": "https://youtu.be/0tKjco_Q-h4",
            "percent": 100,
            "hz": 240
        },
        {
            "user": "zTrailer2016",
            "link": "https://www.youtube.com/watch?v=FYvuTyHtVZM",
            "percent": 100,
            "hz": 144
        },
        {
            "user": "goobs",
            "link": "https://www.youtube.com/watch?v=ctk54DFaFOY",
            "percent": 100,
            "hz": 240
        },
        {
            "user": "nonosteve",
            "link": "https://youtu.be/rqkVSZHKV-8",
            "percent": 100,
            "hz": 165
        },
        {
            "user": "VenialCelery",
            "link": "https://www.youtube.com/watch?v=Zrqoia9iXeo",
            "percent": 100,
            "hz": 360
        },
        {
            "user": "couldbeahuman",
            "link": "https://www.youtube.com/watch?v=8h7Z6TjT_vM",
            "percent": 100,
            "hz": 144
        },
        {
            "user": "UDBET",
            "link": "https://youtu.be/kOt0hlXQFxo",
            "percent": 100,
            "hz": 350
        },
        {
            "user": "EliamGD",
            "link": "https://www.youtube.com/watch?v=Z7p9BfkvLn4&t=2s",
            "percent": 100,
            "hz": 359
        },
        {
            "user": "Andrxw",
            "link": "https://www.youtube.com/watch?v=Ds6t7WE6Ehc",
            "percent": 100,
            "hz": 144
        },
        {
            "user": "Keruo",
            "link": "https://www.youtube.com/watch?v=axIduaqqmMU",
            "percent": 100,
            "hz": 144
        },
        {
            "user": "Westart",
            "link": "https://www.youtube.com/watch?v=F_l6ELRM-sg",
            "percent": 100,
            "hz": 144
        },
        {
            "user": "Vaoen",
            "link": "https://www.twitch.tv/videos/1311480911",
            "percent": 100,
            "hz": 288
        },
        {
            "user": "JJ",
            "link": "https://youtu.be/OZN9pqGjEIk",
            "percent": 100,
            "hz": "60",
            "mobile": true
        },
        {
            "user": "RazerJCZ",
            "link": "https://www.youtube.com/watch?v=t2FSkGKAues",
            "percent": 100,
            "hz": 240
        },
        {
            "user": "Bamvie",
            "link": "https://youtu.be/Q6eVihYo1Lw",
            "percent": 100,
            "hz": 120
        },
        {
            "user": "Elinopintin",
            "link": "https://www.youtube.com/watch?v=4chcOhJiqBs",
            "percent": 100,
            "hz": 144
        },
        {
            "user": "WaveWarrior",
            "link": "https://youtu.be/1Ih8LnTS36A",
            "percent": 100,
            "hz": 240
        },
        {
            "user": "Rexall",
            "link": "https://youtu.be/XhCwTNiU01g",
            "percent": 100,
            "hz": 60
        }
    ]
}
