{
    "id": 74455601,
    "name": "Shitty Carnage Mode",
    "author": "Sushiboys",
    "creators": [],
    "verifier": "Sushiboys",
    "verification": "https://youtu.be/Fz5pSF8LUkw",
    "percentToQualify": 100,
    "password": "Free to Copy",
    "records": [
        {
            "user": "LexTank",
            "link": "https://youtu.be/gUGlZLbhExs",
            "percent": 100,
            "hz": 288
        },
        {
            "user": "Shadowwhite",
            "link": "https://youtu.be/EA5xHhz_Vcw",
            "percent": 100,
            "hz": 144
        },
        {
            "user": "T333",
            "link": "https://youtu.be/XsLux4ir6_k",
            "percent": 100,
            "hz": 240
        },
        {
            "user": "JimmyVT",
            "link": "https://youtu.be/-yaoPtei27Q",
            "percent": 100,
            "hz": 120
        },
        {
            "user": "Riptide",
            "link": "https://www.youtube.com/watch?v=ab-JuaSPV7s",
            "percent": 100,
            "hz": 120
        },
        {
            "user": "homegrowntag",
            "link": "https://youtu.be/VqOu4UYQQWE",
            "percent": 100,
            "hz": 144
        }
    ]
}
