{
    "id": 62969628,
    "name": "Shitty Catalyze",
    "author": "Bluuper",
    "creators": [],
    "verifier": "Bluuper",
    "verification": "https://www.youtube.com/watch?v=djwY15f51dE",
    "percentToQualify": 100,
    "records": [
        {
            "user": "WhatsApp",
            "link": "https://youtu.be/t04e8-KmxzI",
            "percent": 100,
            "hz": 288
        },
        {
            "user": "Sydney",
            "link": "https://youtu.be/hmP37CaGpLw",
            "percent": 100,
            "hz": 288
        },
        {
            "user": "WowoGD",
            "link": "https://youtu.be/rwerfHdOVok",
            "percent": 100,
            "hz": 240
        },
        {
            "user": "TH54",
            "link": "https://youtu.be/0xWlqN4S180",
            "percent": 100,
            "hz": 240
        },
        {
            "user": "GDMeric",
            "link": "https://youtu.be/8bFbWtYwQ4Y",
            "percent": 100,
            "hz": 144
        },
        {
            "user": "Aber",
            "link": "https://www.youtube.com/watch?v=ZzRHBalS91s&ab_channel=Aber",
            "percent": 100,
            "hz": 144
        },
        {
            "user": "Predatoe",
            "link": "https://youtu.be/V5n29sVKY9Y",
            "percent": 100,
            "hz": 288
        },
        {
            "user": "attrixia",
            "link": "https://youtu.be/aZXbWakA2jQ",
            "percent": 100,
            "hz": 240
        },
        {
            "user": "zGod",
            "link": "https://www.youtube.com/watch?v=xKV_72xD5bY",
            "percent": 100,
            "hz": 240
        },
        {
            "user": "TzAnder",
            "link": "https://www.youtube.com/watch?v=m7VcQTwK6es",
            "percent": 100,
            "hz": 75
        },
        {
            "user": "Tai0",
            "link": "https://youtu.be/EM9N9TFxnKk",
            "percent": 100,
            "hz": 120
        },
        {
            "user": "Ryclix",
            "link": "https://www.youtube.com/watch?v=KgI8YzpKOIg&t=261s",
            "percent": 100,
            "hz": 288
        },
        {
            "user": "Kapinapi",
            "link": "https://www.youtube.com/watch?v=Hs9QOerNPJc&t=410",
            "percent": 100,
            "hz": 144
        },
        {
            "user": "yonggal",
            "link": "https://youtu.be/SU4QflIlcoo",
            "percent": 100,
            "hz": 300
        },
        {
            "user": "Finki",
            "link": "https://www.youtube.com/watch?v=3eFdH3fUUtA",
            "percent": 100,
            "hz": 144
        },
        {
            "user": "Spinach",
            "link": "https://youtu.be/c4FOe-iXg2M",
            "percent": 100,
            "hz": 288
        },
        {
            "user": "HaydenX13",
            "link": "https://www.youtube.com/watch?v=8-gzagP5o2I",
            "percent": 100,
            "hz": 240
        },
        {
            "user": "fakeiwnl",
            "link": "https://www.youtube.com/watch?v=lkfb31nENDQ&feature=youtu.be",
            "percent": 100,
            "hz": 288
        },
        {
            "user": "GD Catalyst",
            "link": "https://www.youtube.com/watch?v=2ySEMaq7HkI",
            "percent": 100,
            "hz": 144
        },
        {
            "user": "Charlielance",
            "link": "https://www.youtube.com/watch?v=KGRn8sitrEQ&feature=youtu.be&ab_channel=CharlieLance",
            "percent": 100,
            "hz": 120
        },
        {
            "user": "Buvettu",
            "link": "https://youtu.be/Lav0iWD_9lY",
            "percent": 100,
            "hz": 240
        },
        {
            "user": "DerflaX",
            "link": "https://www.youtube.com/watch?v=UaawS9xYcXw",
            "percent": 100,
            "hz": 240
        },
        {
            "user": "idiotdash",
            "link": "https://www.youtube.com/watch?v=7OT0TEFuYI0",
            "percent": 100,
            "hz": 60
        },
        {
            "user": "Consuno",
            "link": "https://www.youtube.com/watch?v=eGlpoU_PXpg&list=PLM8TVHb2DOlW601iDf9spVZgIvejvrLXt",
            "percent": 100,
            "hz": 144
        },
        {
            "user": "zLunatiX",
            "link": "https://www.youtube.com/watch?v=2hjwAu0QpiU",
            "percent": 100,
            "hz": 240
        },
        {
            "user": "XLGamer10",
            "link": "https://youtu.be/tanmI3Hv-eI",
            "percent": 100,
            "hz": 288
        },
        {
            "user": "Vaxec",
            "link": "https://youtu.be/kbxvk0bRqw0",
            "percent": 100,
            "hz": 240
        },
        {
            "user": "Acidius",
            "link": "https://www.youtube.com/watch?v=v29krdurRVw",
            "percent": 100,
            "hz": 60,
            "mobile": true
        },
        {
            "user": "Kobra456",
            "link": "https://www.youtube.com/watch?v=OYLiYqXV5GA",
            "percent": 100,
            "hz": 144
        },
        {
            "user": "DibiiziCookie",
            "link": "https://youtu.be/Md45f0dm6V4",
            "percent": 100,
            "hz": 240
        },
        {
            "user": "AragoniteGD",
            "link": "https://www.youtube.com/watch?v=Zn25jwFWwVE",
            "percent": 100,
            "hz": 240
        },
        {
            "user": "pgocrack05",
            "link": "https://www.youtube.com/watch?v=6DDZ0rWu1jM",
            "percent": 100,
            "hz": 300
        },
        {
            "user": "Harpax",
            "link": "https://youtu.be/T9nIm2Kl-hg",
            "percent": 100,
            "hz": 300
        },
        {
            "user": "AlejandroGD17",
            "link": "https://www.youtube.com/watch?v=6bBccvMuedk&ab_channel=AlejandroGD",
            "percent": 100,
            "hz": 60
        },
        {
            "user": "CyboFly",
            "link": "https://www.youtube.com/watch?v=MNoaf5u5vvU&feature=youtu.be&list=PLsLouU5QZz0jtUQKmteWfaQq8cqIOsFNQ",
            "percent": 100,
            "hz": 165
        },
        {
            "user": "jah",
            "link": "https://www.youtube.com/watch?v=fXKhKanYy5k&feature=youtu.be",
            "percent": 100,
            "hz": 288
        },
        {
            "user": "itzkmc21",
            "link": "https://www.youtube.com/watch?v=Pk86w6UOlVk&feature=youtu.be",
            "percent": 100,
            "hz": 240
        },
        {
            "user": "Melbourne",
            "link": "https://youtu.be/DMcq7YQ32DU",
            "percent": 100,
            "hz": 144
        },
        {
            "user": "corny",
            "link": "https://youtu.be/ldgeQ3W3_Gc",
            "percent": 100,
            "hz": 240
        },
        {
            "user": "ImScoping",
            "link": "https://youtu.be/kOc4cn2CAxw",
            "percent": 100,
            "hz": 288
        },
        {
            "user": "FizzySalad",
            "link": "https://youtu.be/Yfo7h2hLNkM",
            "percent": 100,
            "hz": 144
        },
        {
            "user": "Marteh",
            "link": "https://youtu.be/SfQrr4WV5zk",
            "percent": 100,
            "hz": 144
        },
        {
            "user": "Nilusape",
            "link": "https://youtu.be/U6L9h3rcY_8",
            "percent": 100,
            "hz": 120
        },
        {
            "user": "CobGD",
            "link": "https://youtu.be/BHdfNg2aCwM",
            "percent": 100,
            "hz": 75
        },
        {
            "user": "Illuxional",
            "link": "https://youtu.be/jfW1kMU6GUE",
            "percent": 100,
            "hz": 120
        },
        {
            "user": "DMK",
            "link": "https://www.youtube.com/watch?v=ArlzDEVeo60",
            "percent": 100,
            "hz": 144
        },
        {
            "user": "Samuuu18",
            "link": "https://www.youtube.com/watch?v=TwMVsTrj1kw&feature=youtu.be",
            "percent": 100,
            "hz": 180
        },
        {
            "user": "Ryoui",
            "link": "https://youtu.be/TsaEH-ohzPg",
            "percent": 100,
            "hz": 288
        },
        {
            "user": "OwO Whats This",
            "link": "https://youtu.be/dOM_2Hq4mfM",
            "percent": 100,
            "hz": 300
        },
        {
            "user": "RafaUwU",
            "link": "https://youtu.be/_alntSPrdzY",
            "percent": 100,
            "hz": 120
        },
        {
            "user": "XxYourNan69420xD",
            "link": "https://www.youtube.com/watch?v=TeuUQZbcAU8&ab_channel=mineman2005",
            "percent": 100,
            "hz": 144
        },
        {
            "user": "ZerniasX",
            "link": "https://youtu.be/VJ4UGwHuhLU",
            "percent": 100,
            "hz": 144
        },
        {
            "user": "Peachy",
            "link": "https://youtu.be/f5A7mEbaJWs",
            "percent": 100,
            "hz": 144
        },
        {
            "user": "GabeLucario",
            "link": "https://youtu.be/jDpwfS-YcGY",
            "percent": 100,
            "hz": 240
        },
        {
            "user": "Axinity",
            "link": "https://youtu.be/3rV3Dse5FEI",
            "percent": 100,
            "hz": 144
        },
        {
            "user": "Abdul Kareem",
            "link": "https://youtu.be/3rV3Dse5FEI",
            "percent": 100,
            "hz": 144
        },
        {
            "user": "Vink",
            "link": "https://youtu.be/7NnRGdcT3hQ",
            "percent": 100,
            "hz": 120
        },
        {
            "user": "SuPPerBBoy [GD]",
            "link": "https://www.youtube.com/watch?v=zWpj3quQ4lo",
            "percent": 100,
            "hz": 300
        },
        {
            "user": "GGGrte",
            "link": "https://youtu.be/w4saI_aJsYg",
            "percent": 100,
            "hz": 300
        },
        {
            "user": "zWhirlpool",
            "link": "https://www.youtube.com/watch?v=2mkw8zFOLRc",
            "percent": 100,
            "hz": 144
        },
        {
            "user": "excist",
            "link": "https://www.youtube.com/watch?v=QH8tP-X4y9s",
            "percent": 100,
            "hz": 144
        },
        {
            "user": "Delphin",
            "link": "https://youtu.be/Hcp4GCuHE40",
            "percent": 100,
            "hz": 75
        },
        {
            "user": "Emma_GD",
            "link": "https://www.youtube.com/watch?v=Njp8vZ7GDIA",
            "percent": 100,
            "hz": 240
        },
        {
            "user": "IDeltaPhantomI",
            "link": "https://youtu.be/tyJumFBWv3Q",
            "percent": 100,
            "hz": 240
        },
        {
            "user": "by Trafiken",
            "link": "https://youtu.be/L7NctirZxps",
            "percent": 100,
            "hz": 300
        },
        {
            "user": "Patrick61804",
            "link": "https://youtu.be/3-24KvuaKJg",
            "percent": 100,
            "hz": 240
        },
        {
            "user": "GDTombstone",
            "link": "https://youtu.be/OCnfAeNGvYM",
            "percent": 100,
            "hz": 60,
            "mobile": true
        },
        {
            "user": "WildWaffle",
            "link": "https://youtu.be/jTOs0Y4FFnw",
            "percent": 100,
            "hz": 144
        },
        {
            "user": "Soul",
            "link": "https://www.youtube.com/watch?v=YAWZT2FXfiA",
            "percent": 100,
            "hz": 240
        },
        {
            "user": "Ecstricity",
            "link": "https://youtu.be/Ir7WlFhnbI8",
            "percent": 100,
            "hz": 60
        },
        {
            "user": "Myz",
            "link": "https://youtu.be/p0GAtwToFqg",
            "percent": 100,
            "hz": 300
        },
        {
            "user": "Juan_7542",
            "link": "https://youtu.be/_gyVJPLcWc4",
            "percent": 100,
            "hz": 300
        },
        {
            "user": "DJP7",
            "link": "https://youtu.be/ug5f-o1ETHs",
            "percent": 100,
            "hz": 240
        },
        {
            "user": "GD CrimsonKing22",
            "link": "https://www.youtube.com/watch?v=tfiO9h3PDL0&ab_channel=GDCrimsonKing22",
            "percent": 100,
            "hz": 288
        },
        {
            "user": "NoobikGD",
            "link": "https://youtu.be/lSqbHZtXDlA",
            "percent": 100,
            "hz": 120
        },
        {
            "user": "PatoQuack",
            "link": "https://www.youtube.com/watch?v=j6tARNbpN70",
            "percent": 100,
            "hz": 144
        },
        {
            "user": "Voltrux",
            "link": "https://www.youtube.com/watch?v=QEYdfVdOeiU&feature=youtu.be",
            "percent": 100,
            "hz": 240
        },
        {
            "user": "Espi",
            "link": "https://youtu.be/52Eiymw0Dic",
            "percent": 100,
            "hz": 60
        },
        {
            "user": "SupaX_",
            "link": "https://youtu.be/eJZ1p-etVxs",
            "percent": 100,
            "hz": 300
        },
        {
            "user": "Quack",
            "link": "https://youtu.be/w4dilqIONMU",
            "percent": 100,
            "hz": 240
        },
        {
            "user": "InferiorPatty",
            "link": "https://www.youtube.com/watch?v=q8UapS9GjeM&feature=youtu.be&ab_channel=InferiorPatty",
            "percent": 100,
            "hz": 240
        },
        {
            "user": "NanduO3O",
            "link": "https://youtu.be/9QrBQ36OkjA",
            "percent": 100,
            "hz": 240
        },
        {
            "user": "CytoV",
            "link": "https://youtu.be/lWfiEf-84OM",
            "percent": 100,
            "hz": 240
        },
        {
            "user": "Didjimon",
            "link": "https://www.youtube.com/watch?v=UeKU8KOK7tw",
            "percent": 100,
            "hz": 144
        },
        {
            "user": "JustAlf",
            "link": "https://www.youtube.com/watch?v=1gQCOErVaNE",
            "percent": 100,
            "hz": 240
        },
        {
            "user": "tuomaster",
            "link": "https://youtu.be/JipGfQuPFWE",
            "percent": 100,
            "hz": 230
        },
        {
            "user": "Holojen",
            "link": "https://youtu.be/YH7F0wpHsMg",
            "percent": 100,
            "hz": 288
        },
        {
            "user": "Weedeater69420",
            "link": "https://www.youtube.com/watch?v=ptJL4GLC9So",
            "percent": 100,
            "hz": 300
        },
        {
            "user": "Zan",
            "link": "https://www.youtube.com/watch?v=rC2RhKcQaak&feature=youtu.be",
            "percent": 100,
            "hz": 144
        },
        {
            "user": "LLunaa",
            "link": "https://youtu.be/619NhEMiORU",
            "percent": 100,
            "hz": 240
        },
        {
            "user": "Nexor_r",
            "link": "https://youtu.be/sLH5cNT6o6Q",
            "percent": 100,
            "hz": 165
        },
        {
            "user": "ValFilho",
            "link": "https://www.youtube.com/watch?v=0EutJFjcTMo&feature=youtu.be&ab_channel=ValFilho",
            "percent": 100,
            "hz": 240
        },
        {
            "user": "StampZ",
            "link": "https://youtu.be/gIfv8tW7NIk",
            "percent": 100,
            "hz": 144
        },
        {
            "user": "juuted",
            "link": "https://youtu.be/3WgwOAY93JU",
            "percent": 100,
            "hz": 240
        },
        {
            "user": "Dustik",
            "link": "https://www.youtube.com/watch?v=ljXGJpqW1B4&ab_channel=Dustik",
            "percent": 100,
            "hz": 144
        },
        {
            "user": "iRaserG",
            "link": "https://youtu.be/VzJqGaQnbGI",
            "percent": 100,
            "hz": 120
        },
        {
            "user": "SuseJRG",
            "link": "https://youtu.be/R6k5rmhhUdA",
            "percent": 100,
            "hz": 120
        },
        {
            "user": "TravelChimp",
            "link": "https://youtu.be/xmObBzFqq0E",
            "percent": 100,
            "hz": 288
        },
        {
            "user": "BlueTomcat",
            "link": "https://youtu.be/tqWtNrufAlc",
            "percent": 100,
            "hz": 144
        },
        {
            "user": "SrGuillester",
            "link": "https://www.youtube.com/watch?v=fHqhy9bO00o",
            "percent": 100,
            "hz": 144
        },
        {
            "user": "h4tecr1me.",
            "link": "https://www.youtube.com/watch?v=W_10CkP8NcA",
            "percent": 100,
            "hz": 120
        },
        {
            "user": "VenenoG",
            "link": "https://youtu.be/_666AW710vc",
            "percent": 100,
            "hz": 288
        },
        {
            "user": "DeCross",
            "link": "https://www.youtube.com/watch?v=CMPSPmzN4Ls",
            "percent": 100,
            "hz": 144
        },
        {
            "user": "Nukie",
            "link": "https://youtu.be/CEMvZQKfXhA",
            "percent": 100,
            "hz": 280
        },
        {
            "user": "Breakcore",
            "link": "https://streamable.com/asyjp4",
            "percent": 100,
            "hz": 360
        },
        {
            "user": "bnuuy",
            "link": "https://www.youtube.com/watch?v=Z7qkww9Mneo",
            "percent": 100,
            "hz": 240
        },
        {
            "user": "Squinty303v2",
            "link": "https://youtu.be/lwZLREqtSMc",
            "percent": 100,
            "hz": 144
        },
        {
            "user": "Sonic Wave",
            "link": "https://www.youtube.com/watch?v=ssZn1eZ9-jI",
            "percent": 100,
            "hz": 360
        },
        {
            "user": "StellarSigma",
            "link": "https://www.youtube.com/watch?v=-W4R4sKjyRE",
            "percent": 100,
            "hz": 144
        },
        {
            "user": "Brinnn",
            "link": "https://youtu.be/I3fivItagN4",
            "percent": 100,
            "hz": 120
        },
        {
            "user": "iRaily",
            "link": "https://youtu.be/mx4ah5ZT1YQ",
            "percent": 100,
            "hz": 288
        },
        {
            "user": "ItzQuster",
            "link": "https://youtu.be/3lwfv2K4JaE",
            "percent": 100,
            "hz": 120
        },
        {
            "user": "AustinGD",
            "link": "https://youtu.be/KzT8IefthH0",
            "percent": 100,
            "hz": 240
        },
        {
            "user": "Andrew14916",
            "link": "https://m.youtube.com/watch?v=6gWs8HVShWU",
            "percent": 100,
            "hz": 240
        },
        {
            "user": "Hydrough",
            "link": "https://youtu.be/d2Y-pBNtNm0",
            "percent": 100,
            "hz": 144
        },
        {
            "user": "WauksGD",
            "link": "https://www.youtube.com/watch?v=FR6ejqTzFxk",
            "percent": 100,
            "hz": 144
        },
        {
            "user": "CookieGMD",
            "link": "https://youtu.be/LJYB6r8bD34",
            "percent": 100,
            "hz": 240
        },
        {
            "user": "danialves555",
            "link": "https://youtu.be/q_-dOLvbzOM",
            "percent": 100,
            "hz": 240
        },
        {
            "user": "Keyoes",
            "link": "https://youtu.be/l-WuIhFx-As",
            "percent": 100,
            "hz": 288
        },
        {
            "user": "YOUNGBOY",
            "link": "https://www.youtube.com/watch?v=56yIZ-8xtgQ",
            "percent": 100,
            "hz": 240
        },
        {
            "user": "CorpludGMD",
            "link": "https://youtu.be/GIKgc7nxkS4",
            "percent": 100,
            "hz": 144
        },
        {
            "user": "Frozono",
            "link": "https://www.youtube.com/watch?v=35VFTV7glyQ",
            "percent": 100,
            "hz": 60
        },
        {
            "user": "deex3",
            "link": "https://www.youtube.com/watch?v=0YRlK58qAPE",
            "percent": 100,
            "hz": 360
        },
        {
            "user": "Blumpus",
            "link": "https://youtu.be/JNANthpW3jo",
            "percent": 100,
            "hz": 144
        },
        {
            "user": "Sushiboys",
            "link": "https://www.youtube.com/watch?v=l6CulPX4IOw",
            "percent": 100,
            "hz": 300
        },
        {
            "user": "ColorRox",
            "link": "https://youtu.be/V3Yfu_-iolc",
            "percent": 100,
            "hz": 120
        },
        {
            "user": "REPILLO GD",
            "link": "https://www.youtube.com/watch?v=TMrutPHF8a0",
            "percent": 100,
            "hz": 144
        },
        {
            "user": "Shel",
            "link": "https://www.youtube.com/watch?v=zZGOvniptv0",
            "percent": 100,
            "hz": 144
        },
        {
            "user": "LzKlauss",
            "link": "https://www.youtube.com/watch?v=iV76akze-AQ",
            "percent": 100,
            "hz": 360
        },
        {
            "user": "Vicrf",
            "link": "https://www.youtube.com/watch?v=pJQyWFMzKpM&ab_channel=Vicente.-.raupp",
            "percent": 100,
            "hz": 240
        },
        {
            "user": "UndyingXuwu",
            "link": "https://youtu.be/f95xWYXV8l8",
            "percent": 100,
            "hz": 240
        },
        {
            "user": "Dogeyboi",
            "link": "https://www.youtube.com/watch?v=BE4EPXDunqY",
            "percent": 100,
            "hz": 165
        },
        {
            "user": "Lisa",
            "link": "https://www.youtube.com/watch?v=nEgyZxdOki4",
            "percent": 100,
            "hz": 360
        },
        {
            "user": "Limsy",
            "link": "https://www.youtube.com/watch?v=uQ3ClEPfyAw",
            "percent": 100,
            "hz": 360
        },
        {
            "user": "Delay",
            "link": "https://www.youtube.com/watch?v=lc0Qhkpl6h8",
            "percent": 100,
            "hz": 240
        },
        {
            "user": "moee",
            "link": "https://youtu.be/HSotUlCo6vM",
            "percent": 100,
            "hz": 360
        },
        {
            "user": "Xpzp",
            "link": "https://youtu.be/5mqaYEe63nw",
            "percent": 100,
            "hz": 165
        },
        {
            "user": "uR1",
            "link": "https://youtu.be/O8jsL7qC7vM",
            "percent": 100,
            "hz": 240
        },
        {
            "user": "Pizi",
            "link": "https://youtu.be/8UslpcFDGGA",
            "percent": 100,
            "hz": 360
        },
        {
            "user": "Troy3",
            "link": "https://youtu.be/mjQg9QgpA80",
            "percent": 100,
            "hz": 180
        },
        {
            "user": "Davine_007",
            "link": "https://youtu.be/4ItKD7Af3-M",
            "percent": 100,
            "hz": 144
        },
        {
            "user": "snickles",
            "link": "https://www.youtube.com/watch?v=Xzoly_L9i-8",
            "percent": 100,
            "hz": 360
        },
        {
            "user": "WilltheRen",
            "link": "https://www.youtube.com/watch?v=kmiNrhNdGbY",
            "percent": 100,
            "hz": 165
        },
        {
            "user": "Decin0",
            "link": "https://youtu.be/Vnph2aB1gkw?t=24",
            "percent": 100,
            "hz": 288
        },
        {
            "user": "GDCade22",
            "link": "https://www.youtube.com/watch?v=XigtdMQLXkA",
            "percent": 100,
            "hz": 144
        },
        {
            "user": "Fh1r",
            "link": "https://www.youtube.com/watch?v=hLlusJdcYg0&t=177s",
            "percent": 100,
            "hz": 240
        },
        {
            "user": "Dandy Chiggins",
            "link": "https://www.youtube.com/watch?v=ue5SWkf9Tdo",
            "percent": 100,
            "hz": 240
        },
        {
            "user": "LBoke",
            "link": "https://www.youtube.com/watch?v=evOyEn3U0mI",
            "percent": 100,
            "hz": 240
        },
        {
            "user": "zygimantux",
            "link": "https://www.youtube.com/watch?v=Zvc55I_RaWI",
            "percent": 100,
            "hz": 144
        },
        {
            "user": "Chr8ts",
            "link": "https://www.youtube.com/watch?v=gA7Y-IV0SKU",
            "percent": 100,
            "hz": 240
        },
        {
            "user": "Snakez363",
            "link": "https://youtu.be/h_4DxyqRCeM",
            "percent": 100,
            "hz": 144
        },
        {
            "user": "T333",
            "link": "https://www.youtube.com/watch?v=2HjTyITF16A",
            "percent": 100,
            "hz": 240
        },
        {
            "user": "ObvSilver",
            "link": "https://youtu.be/YogUoGyaIP8",
            "percent": 100,
            "hz": 165
        },
        {
            "user": "CHANGMUN",
            "link": "https://youtu.be/FQq2MJNw4ZU",
            "percent": 100,
            "hz": 360
        },
        {
            "user": "train",
            "link": "https://www.youtube.com/watch?v=wrnplApQWCs&",
            "percent": 100,
            "hz": 165
        },
        {
            "user": "TheDerpShark",
            "link": "https://youtu.be/uWvWBvr-pb0",
            "percent": 100,
            "hz": 60
        },
        {
            "user": "ItzKuikeGD",
            "link": "https://youtu.be/ofSRed9mhkU",
            "percent": 100,
            "hz": 130
        },
        {
            "user": "Chee2y",
            "link": "https://www.youtube.com/watch?v=ol8e_Rx739A",
            "percent": 100,
            "hz": 240
        },
        {
            "user": "FedeXD",
            "link": "https://www.youtube.com/watch?v=Nf5EKijvLiQ",
            "percent": 100,
            "hz": 240
        },
        {
            "user": "xFutureKillz",
            "link": "https://www.youtube.com/watch?v=xMqSRa-Ru1M",
            "percent": 100,
            "hz": 360
        },
        {
            "user": "Xarii_72",
            "link": "https://youtu.be/m87tSxHuQvQ",
            "percent": 100,
            "hz": 240
        },
        {
            "user": "KasiaUwU",
            "link": "https://youtu.be/KefLNHKj7oI",
            "percent": 100,
            "hz": 180
        },
        {
            "user": "Riptide",
            "link": "https://youtu.be/E_xMMGUeXeo",
            "percent": 100,
            "hz": 120
        },
        {
            "user": "Chronic",
            "link": "https://www.youtube.com/watch?v=I0VbXCFcLBk",
            "percent": 100,
            "hz": 144
        },
        {
            "user": "Oblivion7",
            "link": "https://www.youtube.com/watch?v=mHgv6FNNvW4",
            "percent": 100,
            "hz": 120
        },
        {
            "user": "Unacow",
            "link": "https://www.youtube.com/watch?v=RIo8y36BwZ4&list=PLVubV1vSd81q0A_93Nl0_hyk20gmQtoP3&index=13",
            "percent": 100,
            "hz": 240
        },
        {
            "user": ".com",
            "link": "https://youtu.be/83turkjEMF8",
            "percent": 100,
            "hz": 120
        },
        {
            "user": "DelfunCzyCos",
            "link": "https://www.youtube.com/watch?v=w3DRhLMLf-g",
            "percent": 100,
            "hz": 144
        }
    ]
}
