{
    "id": 73035090,
    "name": "Shitty Celestial Force",
    "author": "chspchips",
    "creators": [],
    "verifier": "Lucid",
    "verification": "https://youtu.be/P8wiBAaj6L4",
    "percentToQualify": 60,
    "records": [
        {
            "user": "Fh1r",
            "link": "https://www.youtube.com/watch?v=5rPWrINTzcE",
            "percent": 100,
            "hz": 240
        },
        {
            "user": "iRaily",
            "link": "https://youtu.be/jRW21LBWjlc",
            "percent": 100,
            "hz": 288
        },
        {
            "user": "Samuuu18",
            "link": "https://youtu.be/Zw4CmVLQItE",
            "percent": 100,
            "hz": 180
        },
        {
            "user": "sand1234",
            "link": "https://www.youtube.com/watch?v=ZGzbiU5c3Ec&list=PLBUzfTl-BDLtWqNCbjTom78zWLr1CV5Vg&index=15&ab_channel=Sand1234",
            "percent": 100,
            "hz": 300
        },
        {
            "user": "BlueTomcat",
            "link": "https://youtu.be/T_StYXupW-A",
            "percent": 100,
            "hz": 288
        },
        {
            "user": "GDiagonal",
            "link": "https://www.youtube.com/watch?v=vwxBcbqL53I",
            "percent": 100,
            "hz": 120
        },
        {
            "user": "YemenHD",
            "link": "https://youtu.be/Q6dfOJ0sZhA",
            "percent": 100,
            "hz": 144
        },
        {
            "user": "Shel",
            "link": "https://www.youtube.com/watch?v=12aYoNi_JOI",
            "percent": 100,
            "hz": 144
        },
        {
            "user": "Coheton",
            "link": "https://www.youtube.com/watch?v=KZwB7jtj8v4",
            "percent": 100,
            "hz": 60
        },
        {
            "user": "ItzQuster",
            "link": "https://youtu.be/QYVGfvARwTQ",
            "percent": 100,
            "hz": 120
        },
        {
            "user": "Sushiboys",
            "link": "https://youtu.be/O0_hErFSOAo",
            "percent": 100,
            "hz": 300
        },
        {
            "user": "Vink",
            "link": "https://youtu.be/W88iZkJvQvI",
            "percent": 100,
            "hz": 120
        },
        {
            "user": "InferiorPatty",
            "link": "https://www.youtube.com/watch?v=k1QH-rOtaGc",
            "percent": 100,
            "hz": 360
        },
        {
            "user": "ZerniasX",
            "link": "https://youtu.be/B_aDmJlZHfs",
            "percent": 100,
            "hz": 360
        },
        {
            "user": "Nolife",
            "link": "https://www.youtube.com/watch?v=HnMLplX1F6E",
            "percent": 100,
            "hz": 240
        },
        {
            "user": "Dougieman",
            "link": "https://youtu.be/G16Iu5NacvI",
            "percent": 72,
            "hz": 60,
            "mobile": true
        },
        {
            "user": "mist3red",
            "link": "https://www.youtube.com/watch?v=uY-gL0Bj_Uc",
            "percent": 62,
            "hz": 150
        },
        {
            "user": "Riptide",
            "link": "https://youtu.be/YkUSFUGsXik",
            "percent": 100,
            "hz": 60
        },
        {
            "user": "Dep96",
            "link": "https://www.youtube.com/watch?v=TyfkAIQd994",
            "percent": 100,
            "hz": 360
        },
        {
            "user": "obsi",
            "link": "https://www.youtube.com/watch?v=N6-oFBJw4s0",
            "percent": 100,
            "hz": 120
        },
        {
            "user": "LzKlauss",
            "link": "https://www.youtube.com/watch?v=vdkpPdoWBRw",
            "percent": 100,
            "hz": 360
        },
        {
            "user": "M1nYong",
            "link": "https://youtu.be/7KVt8KhUNAg",
            "percent": 100,
            "hz": 360
        },
        {
            "user": "RobertoSv",
            "link": "https://youtu.be/q8Ag6TS_JtI",
            "percent": 74,
            "hz": 60,
            "mobile": true
        },
        {
            "user": "BrightBird",
            "link": "https://www.youtube.com/watch?v=DZP6RVdevP0",
            "percent": 100,
            "hz": 288
        },
        {
            "user": "attrixia",
            "link": "https://youtu.be/DJRinBP0P_o",
            "percent": 100,
            "hz": 150
        },
        {
            "user": "KylashTheKiller",
            "link": "https://youtu.be/bg1f6aOEqIE",
            "percent": 100,
            "hz": 60
        },
        {
            "user": "GD CrimsonKing22",
            "link": "https://www.youtube.com/watch?v=uxpQwGGa3Hs&ab_channel=GDCrimsonKing22",
            "percent": 100,
            "hz": 288
        },
        {
            "user": "Hasik",
            "link": "https://youtu.be/qdI28ZaMOmY",
            "percent": 100,
            "hz": 165
        },
        {
            "user": "StarXV",
            "link": "https://youtu.be/GyJIQCmDSX8",
            "percent": 100,
            "hz": 240
        },
        {
            "user": "Samu2174218",
            "link": "https://youtu.be/P4KIb61k7sA",
            "percent": 72,
            "hz": 120
        },
        {
            "user": "xdgamer",
            "link": "https://www.youtube.com/watch?v=6ZMGEhvI6Aw",
            "percent": 100,
            "hz": 288
        },
        {
            "user": "XORFSFASXC",
            "link": "https://youtu.be/iFbL2TZxAw0",
            "percent": 60,
            "hz": 120
        },
        {
            "user": "Chuck Danger",
            "link": "https://medal.tv/games/geometry-dash/clips/lSzuwpxWHABPI/d13371d2DBrO?invite=cr-MSwxcDksNDMwNDUyMDEs",
            "percent": 83,
            "hz": 240
        },
        {
            "user": "Kenos Song",
            "link": "https://www.youtube.com/watch?v=jnyV64Kcd94",
            "percent": 100,
            "hz": 360
        },
        {
            "user": "Zophirux",
            "link": "https://www.youtube.com/watch?v=GaX6HDkkUNo&t=10s",
            "percent": 100,
            "hz": 60
        },
        {
            "user": "Michachel",
            "link": "https://www.youtube.com/watch?v=ffsPxwvCUSg",
            "percent": 100,
            "hz": 360
        },
        {
            "user": ".com",
            "link": "https://www.youtube.com/watch?v=Yodul1TsUhY",
            "percent": 100,
            "hz": 120
        },
        {
            "user": "BlizzardLaZario",
            "link": "https://www.youtube.com/watch?v=_3CHOHr-TNw",
            "percent": 100,
            "hz": 144
        },
        {
            "user": "ObvSilver",
            "link": "https://youtu.be/bT8ZP4F7NKQ",
            "percent": 100,
            "hz": 165
        },
        {
            "user": "KroniteGD",
            "link": "https://www.youtube.com/watch?v=dfGkweTV61A",
            "percent": 100,
            "hz": 144
        },
        {
            "user": "biskit",
            "link": "https://www.youtube.com/watch?v=CfA1weptiTk",
            "percent": 100,
            "hz": 360
        },
        {
            "user": "FullyDiverse",
            "link": "https://youtu.be/rfhaDO3d8ok",
            "percent": 100,
            "hz": 360
        },
        {
            "user": "Hubertos",
            "link": "https://youtu.be/fo-eGdGmoac",
            "percent": 100,
            "hz": 288
        }
    ]
}
