{
    "id": 77433701,
    "name": "Shitty Cersia Difficult",
    "author": "Prometheus",
    "creators": [
        "sarcasticmuch",
        "TravelChimp",
        "zFice",
        "Bluestone",
        "Kiwi1938",
        "Spaace"
    ],
    "verifier": "Magmeta",
    "verification": "https://www.youtube.com/watch?v=UQWIefA2Cio",
    "percentToQualify": 100,
    "records": [
        {
            "user": "Shel",
            "link": "https://www.youtube.com/watch?v=4p_A4mM4uwI",
            "percent": 100,
            "hz": 144
        },
        {
            "user": "attrixia",
            "link": "https://www.youtube.com/watch?v=cG4-tK1RHZs",
            "percent": 100,
            "hz": 150
        },
        {
            "user": "Prometheus",
            "link": "https://youtu.be/3oBkp310jOU",
            "percent": 100,
            "hz": 144
        },
        {
            "user": "M1nYong",
            "link": "https://www.youtube.com/watch?v=kZjWXFymJtg",
            "percent": 100,
            "hz": 360
        },
        {
            "user": "Riptide",
            "link": "https://www.youtube.com/watch?v=-oDT8M7aFyM",
            "percent": 100,
            "hz": 120
        },
        {
            "user": "IDeltaPhantomI",
            "link": "https://youtu.be/vdHvzSh6e2M",
            "percent": 100,
            "hz": 360
        },
        {
            "user": "KylashTheKiller",
            "link": "https://youtu.be/hlgG9R-S5qo",
            "percent": 100,
            "hz": 60
        },
        {
            "user": "Skhinner13",
            "link": "https://youtu.be/9IcTO0qs_no",
            "percent": 100,
            "hz": 144
        }
    ]
}
