{
    "id": 77671870,
    "name": "Shitty CHROMA FINALE",
    "author": "Itzpentol",
    "creators": ["Bonuskey", "chspchips", "iRaily"],
    "verifier": "LinedriveGD",
    "verification": "https://youtu.be/cGG2nWnkDGY",
    "percentToQualify": 57,
    "password": "Not Copyable",
    "records": [
        {
            "user": "LzKlauss",
            "link": "https://www.youtube.com/watch?v=ON1IZwP-r8s",
            "percent": 100,
            "hz": 360
        },
        {
            "user": "Oblivion7",
            "link": "https://www.youtube.com/watch?v=M3vy_sKkBYo&ab_channel=Oblivion7",
            "percent": 100,
            "hz": 120
        },
        {
            "user": "biskit",
            "link": "https://youtu.be/PJDRNko2aLA",
            "percent": 100,
            "hz": 360
        }
    ]
}
