{
    "id": 75744471,
    "name": "Shitty CHROMA II",
    "author": "Itzpentol",
    "creators": ["chspchips", "itzcola"],
    "verifier": "iRaily",
    "verification": "https://www.youtube.com/watch?v=wPPeopslO4E",
    "percentToQualify": 100,
    "records": [
        {
            "user": "LinedriveGD",
            "link": "https://www.youtube.com/watch?v=yrbRFCdQ0mA",
            "percent": 100,
            "hz": 300
        },
        {
            "user": "Shel",
            "link": "https://youtu.be/PVghkqH64B0",
            "percent": 100,
            "hz": 144
        },
        {
            "user": "T333",
            "link": "https://youtu.be/9F0irMNDl3s",
            "percent": 100,
            "hz": 240
        },
        {
            "user": "Micro",
            "link": "https://www.youtube.com/watch?v=zUt9yAhfzCc",
            "percent": 100,
            "hz": 144
        },
        {
            "user": "TH54",
            "link": "https://youtu.be/tr9jfQt6Ti8",
            "percent": 100,
            "hz": 360
        },
        {
            "user": "Delay",
            "link": "https://www.youtube.com/watch?v=-wz5xkmOPNw",
            "percent": 100,
            "hz": 288
        },
        {
            "user": "BlackChaleur",
            "link": "https://www.youtube.com/watch?v=LLgnxxQGlRQ",
            "percent": 100,
            "hz": 240
        },
        {
            "user": "ItzQuster",
            "link": "https://youtu.be/9JWOl0JgoeY",
            "percent": 100,
            "hz": 300
        },
        {
            "user": "BrightBird",
            "link": "https://youtu.be/2zRFAf4tS04",
            "percent": 100,
            "hz": 288
        },
        {
            "user": "zLunatiX",
            "link": "https://youtu.be/HLl1g4PPuis",
            "percent": 100,
            "hz": 120
        },
        {
            "user": "Semperfusion",
            "link": "https://www.youtube.com/watch?v=1oUaOD1PWbc",
            "percent": 100,
            "hz": 360
        },
        {
            "user": "Riptide",
            "link": "https://youtu.be/T46d08hCIKU",
            "percent": 100,
            "hz": 120
        },
        {
            "user": "Oblivion7",
            "link": "https://www.youtube.com/watch?v=JFtBiC3MOvo",
            "percent": 100,
            "hz": 120
        },
        {
            "user": "fakeiwnl",
            "link": "https://www.youtube.com/watch?v=XqLiJDMMn-M",
            "percent": 100,
            "hz": 360
        },
        {
            "user": "ItsMeAlex25",
            "link": "https://www.youtube.com/watch?v=u3tw90zCwcI",
            "percent": 100,
            "hz": 240
        },
        {
            "user": "Lucas531",
            "link": "https://www.youtube.com/watch?v=65rfhARyzc8",
            "percent": 100,
            "hz": 360
        },
        {
            "user": "Chilovao",
            "link": "https://www.youtube.com/watch?v=-L43CT5Hbeg&ab_channel=Chilovao",
            "percent": 100,
            "hz": 360
        }
    ]
}
