{
    "id": 67996492,
    "name": "Shitty Chromatic Haze",
    "author": "BatryzzGD",
    "creators": ["IntriZ", "chspchips", "Whiliams", "JaydenB118", "Acidius"],
    "verifier": "Magmeta",
    "verification": "https://www.youtube.com/watch?v=rdLAqO316UI",
    "percentToQualify": 100,
    "records": [
        {
            "user": "iRaily",
            "link": "https://youtu.be/QYdbj9sIR1Y?t=110",
            "percent": 100,
            "hz": 288
        },
        {
            "user": "StampZ",
            "link": "https://youtu.be/uCIK6KM_Vb0",
            "percent": 100,
            "hz": 144
        },
        {
            "user": "Emonadeo",
            "link": "https://youtu.be/cLnB5j-uRjI",
            "percent": 100,
            "hz": 240
        },
        {
            "user": "Kobra456",
            "link": "https://www.youtube.com/watch?v=eGZDTGUXodk",
            "percent": 100,
            "hz": 288
        },
        {
            "user": "T333",
            "link": "https://youtu.be/jVafz4mvL10",
            "percent": 100,
            "hz": 240
        },
        {
            "user": "Renar333",
            "link": "https://youtu.be/HcJo_-jW6s0",
            "percent": 100,
            "hz": 180
        },
        {
            "user": "Dustik",
            "link": "https://www.youtube.com/watch?v=Tql5Kk9oUCQ&ab_channel=Dustik",
            "percent": 100,
            "hz": 144
        },
        {
            "user": "Epsilonic70",
            "link": "https://www.youtube.com/watch?v=IM-0FxzmzWw",
            "percent": 100,
            "hz": 300
        },
        {
            "user": "Juan_7542",
            "link": "https://youtu.be/jnSS6rXE25g",
            "percent": 100,
            "hz": 288
        },
        {
            "user": "attrixia",
            "link": "https://youtu.be/dvVG10c58ng",
            "percent": 100,
            "hz": 150
        },
        {
            "user": "ZerniasX",
            "link": "https://youtu.be/ADY7-CIjfIY",
            "percent": 100,
            "hz": 360
        },
        {
            "user": "ragerod",
            "link": "https://www.youtube.com/watch?v=K4f-CuPL81U",
            "percent": 100,
            "hz": 300
        },
        {
            "user": "Brinnn",
            "link": "https://youtu.be/mB_8N7yhoDM",
            "percent": 100,
            "hz": 120
        },
        {
            "user": "ItzQuster",
            "link": "https://youtu.be/FKti5Gj3AVc",
            "percent": 100,
            "hz": 120
        },
        {
            "user": "danialves555",
            "link": "https://youtu.be/pfyTsvtwvA0",
            "percent": 100,
            "hz": 240
        },
        {
            "user": "Fusion425",
            "link": "https://www.youtube.com/watch?v=gxUwIzYUjAQ",
            "percent": 100,
            "hz": 288
        },
        {
            "user": "Tai0",
            "link": "https://youtu.be/Ln-Pzi4Tpv4",
            "percent": 100,
            "hz": 144
        },
        {
            "user": "Crucible[GD]",
            "link": "https://www.youtube.com/watch?v=bh9lyadd8ZQ",
            "percent": 100,
            "hz": 144
        },
        {
            "user": "Finki",
            "link": "https://www.youtube.com/watch?v=5NmgN6P9hwU",
            "percent": 100,
            "hz": 360
        },
        {
            "user": "IDeltaPhantomI",
            "link": "https://youtu.be/dJpL5XIkBKs",
            "percent": 100,
            "hz": 240
        },
        {
            "user": "Shel",
            "link": "https://youtu.be/omXUcQhn3Qg",
            "percent": 100,
            "hz": 144
        },
        {
            "user": "deex3",
            "link": "https://youtu.be/Pu7KesRPbD8",
            "percent": 100,
            "hz": 360
        },
        {
            "user": "Fh1r",
            "link": "https://www.youtube.com/watch?v=vW0pgHXIYrw",
            "percent": 100,
            "hz": 240
        },
        {
            "user": "Decin0",
            "link": "https://www.youtube.com/watch?v=NB_F63qbqeQ&t=41s",
            "percent": 100,
            "hz": 240
        },
        {
            "user": "AieredX",
            "link": "https://youtu.be/2kpd8H82gpI",
            "percent": 100,
            "hz": 144
        },
        {
            "user": "GD CrimsonKing22",
            "link": "https://www.youtube.com/watch?v=nU2cusRQWfo&ab_channel=GDCrimsonKing22",
            "percent": 100,
            "hz": 288
        },
        {
            "user": "Timéo",
            "link": "https://youtu.be/lhXlBafNpIE",
            "percent": 100,
            "hz": 144
        },
        {
            "user": "DogeyBoi",
            "link": "https://youtu.be/8A2fE52-u-I",
            "percent": 100,
            "hz": 165
        },
        {
            "user": "Nolife",
            "link": "https://www.youtube.com/watch?v=qaPVaM2B6wE",
            "percent": 100,
            "hz": 240
        },
        {
            "user": "WhiteEmerald",
            "link": "https://www.youtube.com/watch?v=PNvhME9GuX8",
            "percent": 100,
            "hz": 60,
            "mobile": true
        },
        {
            "user": "shreksdonk",
            "link": "https://youtu.be/n8qr72_lrT0",
            "percent": 100,
            "hz": 144
        },
        {
            "user": "NixHGD",
            "link": "https://www.youtube.com/watch?v=UdsQYTNFdk4",
            "percent": 100,
            "hz": 60
        },
        {
            "user": "Lhiquidd",
            "link": "https://youtu.be/NoihAlP7tuo",
            "percent": 100,
            "hz": 360
        },
        {
            "user": "Chr8ts",
            "link": "https://youtu.be/BELz1RgDLNk",
            "percent": 100,
            "hz": 240
        },
        {
            "user": "Riptide",
            "link": "https://www.youtube.com/watch?v=NmryiEkpT40",
            "percent": 100,
            "hz": 60
        },
        {
            "user": "WilltheRen",
            "link": "https://www.youtube.com/7r2gmBbvN8E",
            "percent": 100,
            "hz": 165
        },
        {
            "user": "Keruo",
            "link": "https://www.youtube.com/watch?v=_B4E2yE3qGo",
            "percent": 100,
            "hz": 144
        },
        {
            "user": "DashTH",
            "link": "https://www.youtube.com/watch?v=ndW-LiXN-n4",
            "percent": 100,
            "hz": 120
        },
        {
            "user": "Samu2174218",
            "link": "https://www.youtube.com/watch?v=VQHohj7Dt-o",
            "percent": 77,
            "hz": 165
        },
        {
            "user": "Holojen",
            "link": "https://youtu.be/rkIjF1uSiXE",
            "percent": 100,
            "hz": 288
        },
        {
            "user": "zowl",
            "link": "https://youtu.be/yeyw9s5FeHY",
            "percent": 100,
            "hz": 240
        },
        {
            "user": "VeryThicccBoi",
            "link": "https://youtu.be/l4O0BkDT9lo",
            "percent": 100,
            "hz": 165
        },
        {
            "user": "Nomed",
            "link": "https://www.youtube.com/watch?v=tMUVWXfkntc",
            "percent": 100,
            "hz": 144
        },
        {
            "user": "LinedriveGD",
            "link": "https://www.youtube.com/watch?v=7L4AU88cZzs",
            "percent": 100,
            "hz": 300
        },
        {
            "user": "sketch",
            "link": "https://youtu.be/_NnO_uVMWv0",
            "percent": 100,
            "hz": 360
        },
        {
            "user": "BlackChaleur",
            "link": "https://youtu.be/Pep3JBeprGE",
            "percent": 100,
            "hz": 240
        },
        {
            "user": "Dicetarien",
            "link": "https://youtu.be/N4NBrvqWEKk",
            "percent": 96,
            "hz": 360
        },
        {
            "user": "quane",
            "link": "https://www.youtube.com/watch?v=BewzYh3nRZA&ab_channel=Quane",
            "percent": 100,
            "hz": 288
        },
        {
            "user": "bolo",
            "link": "https://youtu.be/lkM1CuzFTrI",
            "percent": 64,
            "hz": 144
        },
        {
            "user": "BenJa14GD",
            "link": "https://www.youtube.com/watch?v=I9QZ9IQ64FA",
            "percent": 100,
            "hz": 144
        },
        {
            "user": "BrightBird",
            "link": "https://youtu.be/gwZJSEg1cVo",
            "percent": 100,
            "hz": 288
        },
        {
            "user": "CjuanXd",
            "link": "https://www.youtube.com/watch?v=8zsc7hyfRP8",
            "percent": 100,
            "hz": 165
        },
        {
            "user": "Matthlew",
            "link": "https://youtu.be/ohUT8R6p82Q",
            "percent": 100,
            "hz": 144
        },
        {
            "user": "GMD Capybara",
            "link": "https://www.youtube.com/watch?v=Ob9loqV74n8",
            "percent": 79,
            "hz": 360
        },
        {
            "user": "GDLoganPlays",
            "link": "https://youtu.be/YDWVjkCm7vU",
            "percent": 100,
            "hz": 144
        },
        {
            "user": "Korvak",
            "link": "https://www.youtube.com/watch?v=QbpahjAaC0I&t=9s",
            "percent": 100,
            "hz": 288
        },
        {
            "user": "Snakez363",
            "link": "https://www.youtube.com/watch?v=aYj0oQhhP1A",
            "percent": 100,
            "hz": 144
        },
        {
            "user": "Andrxw",
            "link": "https://www.youtube.com/watch?v=1En9exZ-FK4",
            "percent": 100,
            "hz": 144
        },
        {
            "user": "DijonGD",
            "link": "https://youtu.be/3SQ-QTXZCGQ",
            "percent": 100,
            "hz": 240
        },
        {
            "user": "Shemenzy",
            "link": "https://www.youtube.com/watch?v=NWgJWlZ9RGQ",
            "percent": 100,
            "hz": 300
        },
        {
            "user": "snickles",
            "link": "https://youtu.be/cU_9UhUh0tQ",
            "percent": 100,
            "hz": 360
        },
        {
            "user": "Vink",
            "link": "https://youtu.be/TOLSkTRMJ5g",
            "percent": 100,
            "hz": 120
        },
        {
            "user": "asmallsock",
            "link": "https://youtu.be/lXLkfG7B0Bw",
            "percent": 82,
            "hz": 300
        },
        {
            "user": "GDLarry7",
            "link": "https://drive.google.com/file/d/1yZbGXHbH3JRYXhpfj1yaDM88r4R_NNWQ/view?usp=sharing",
            "percent": 100,
            "hz": 144
        },
        {
            "user": "xdgamer",
            "link": "https://www.youtube.com/watch?v=7ShdzytKdWg",
            "percent": 100,
            "hz": 288
        },
        {
            "user": "Shworp",
            "link": "https://www.youtube.com/watch?v=3op1bSHME6A",
            "percent": 100,
            "hz": 300
        },
        {
            "user": "NakachoRB",
            "link": "https://youtu.be/jyQTIV2ff_8",
            "percent": 100,
            "hz": 120
        },
        {
            "user": "Wish",
            "link": "https://www.youtube.com/watch?v=6R8CclTYtmY&ab_channel=Wish",
            "percent": 100,
            "hz": 360
        },
        {
            "user": "rNovaa",
            "link": "https://www.youtube.com/watch?v=jKce-n85L-4",
            "percent": 100,
            "hz": 144
        },
        {
            "user": "RedWire",
            "link": "https://www.youtube.com/watch?v=OXsu-bKMTBo",
            "percent": 100,
            "hz": 300
        },
        {
            "user": "donut737",
            "link": "https://youtu.be/RKUTR7UO86k",
            "percent": 100,
            "hz": 144
        },
        {
            "user": "emerald",
            "link": "https://youtu.be/JpsaxgBmV2U",
            "percent": 100,
            "hz": 360
        },
        {
            "user": "shaodwwhite",
            "link": "https://youtu.be/O65OqYPuqko",
            "percent": 100,
            "hz": 240
        },
        {
            "user": "Sorry m8",
            "link": "https://youtu.be/UK6RCjfD9-s",
            "percent": 62,
            "hz": 120
        },
        {
            "user": "Kopre",
            "link": "https://youtu.be/yC_RUtjEYGg",
            "percent": 100,
            "hz": 144
        },
        {
            "user": "Coffin",
            "link": "https://youtu.be/pZrTOHOOsig",
            "percent": 71,
            "hz": 144
        },
        {
            "user": ".com",
            "link": "https://www.youtube.com/watch?v=FkUcVoVRMjQ",
            "percent": 100,
            "hz": 120
        },
        {
            "user": "ThirtyTwelve",
            "link": "https://youtu.be/eyPZ-WyYFG4",
            "percent": 100,
            "hz": 240
        },
        {
            "user": "Andrew14916",
            "link": "https://www.youtube.com/watch?v=WgZDQ4i_IxA",
            "percent": 100,
            "hz": 360
        },
        {
            "user": "Dr4QuiTo",
            "link": "https://www.youtube.com/watch?v=t99qvndRhcg&ab_channel=Dr4QuiTo",
            "percent": 100,
            "hz": 360
        },
        {
            "user": "J",
            "link": "https://youtu.be/pN82o0AKTDc",
            "percent": 100,
            "hz": 360
        },
        {
            "user": "NiXaNTy",
            "link": "https://youtu.be/ZPKnuCa_bh8",
            "percent": 100,
            "hz": 360
        },
        {
            "user": "SpLinter",
            "link": "https://www.youtube.com/watch?v=mEVpf9LxzXI&ab_channel=SpLinter",
            "percent": 100,
            "hz": 300
        },
        {
            "user": "asdsdvb",
            "link": "https://www.youtube.com/watch?v=9YBndHSdqHw",
            "percent": 100,
            "hz": 240
        }
    ]
}
