{
    "id": 79023586,
    "name": "Shitty Circuit Breaker",
    "author": "zFice7",
    "creators": ["R1fleRob0tz"],
    "verifier": "TravelChimp",
    "verification": "https://www.youtube.com/watch?v=WNnNkpQH2h8",
    "percentToQualify": 100,
    "password": "456456",
    "records": [
        {
           "user": "Shel",
           "link": "https://youtu.be/C1CLHKlqLsE",
           "percent": 100,
           "hz": 144
        },
        {
           "user": "Fh1r",
           "link": "https://www.youtube.com/watch?v=Rcc-nz73kVw",
           "percent": 100,
           "hz": 240
        }
    ]
}
