{
    "id": 80507445,
    "name": "Shitty Cobwebs",
    "author": "Deceit",
    "creators": [],
    "verifier": "Dxst",
    "verification": "https://youtu.be/uaNgnH06Taw",
    "percentToQualify": 100,
    "records": [
        {
            "user": "ObvSilver",
            "link": "https://youtu.be/5DjupAm0vsY",
            "percent": 100,
            "hz": 165
        },
        {
            "user": "Armani",
            "link": "https://youtu.be/edEM5u-ir5A",
            "percent": 100,
            "hz": 360
        },
        {
            "user": "Lyrian",
            "link": "https://www.youtube.com/watch?v=1AQSUYIOWoQ",
            "percent": 100,
            "hz": 360
        },
        {
            "user": "Ariwl",
            "link": "https://youtu.be/-8yRbu7r8M8",
            "percent": 100,
            "hz": 360
        },
        {
            "user": "bnuuy",
            "link": "https://www.youtube.com/watch?v=HCO93LXci8w",
            "percent": 100,
            "hz": 360
        },
        {
            "user": "Samuuu18",
            "link": "https://youtu.be/WV0CKf6BgQk",
            "percent": 100,
            "hz": 360
        },
        {
            "user": "Unrealluw",
            "link": "https://www.youtube.com/watch?v=TbCFRkoYE6k&ab_channel=Unrealluw",
            "percent": 100,
            "hz": 360
        },
        {
            "user": "Dandy Chiggins",
            "link": "https://youtu.be/KHhqPbHdBi0",
            "percent": 100,
            "hz": 360
        },
        {
            "user": "Bamvie",
            "link": "https://www.youtube.com/watch?v=-X45rkD3s7A",
            "percent": 100,
            "hz": 120
        },
        {
            "user": "Jef",
            "link": "https://www.youtube.com/watch?v=h2jvZxbg2jM",
            "percent": 100,
            "hz": 360
        },
        {
            "user": "AndUhHalf",
            "link": "https://www.youtube.com/watch?v=H2Yxa2D5VX8",
            "percent": 100,
            "hz": 144
        },
        {
            "user": "Tweezy",
            "link": "https://youtu.be/XAbmmizDaww",
            "percent": 90,
            "hz": 300
        },
        {
            "user": "lucap123",
            "link": "https://www.youtube.com/watch?v=hWuDvoRSKLY",
            "percent": 100,
            "hz": 144
        },
        {
            "user": "Atronicks",
            "link": "https://youtu.be/ZKHt9IC62yU",
            "percent": 77,
            "hz": 360
        },
        {
            "user": "Chuck Danger",
            "link": "https://youtu.be/ZWcmXvGMgT8",
            "percent": 100,
            "hz": 360
        },
        {
            "user": "aluxie",
            "link": "https://www.youtube.com/watch?v=1KGkQfzZFMY&ab_channel=Honkingedits",
            "percent": 64,
            "hz": 240
        },
        {
            "user": "leykizz",
            "link": "https://www.youtube.com/watch?v=1-R5VoSbuAo&ab_channel=leykizz",
            "percent": 100,
            "hz": 240
        },
        {
            "user": "Decin0",
            "link": "https://youtu.be/vpNLpjLpF9w",
            "percent": 100,
            "hz": 360
        },
        {
            "user": "Riptide",
            "link": "https://youtu.be/wOmxb2XiAXc",
            "percent": 100,
            "hz": 120
        },
        {
            "user": "Mariomcluki",
            "link": "https://youtu.be/2apbFMiaKRU",
            "percent": 67,
            "hz": 300
        },
        {
            "user": "vKaii",
            "link": "https://youtu.be/AOsNXqWwOns",
            "percent": 100,
            "hz": 360
        },
        {
            "user": "Snakez363",
            "link": "https://youtu.be/adNETlug3yc",
            "percent": 100,
            "hz": 144
        },
        {
            "user": "homegrowntag",
            "link": "https://www.youtube.com/watch?v=BJqJAuRzQ4c",
            "percent": 100,
            "hz": 144
        },
        {
            "user": "Freikz",
            "link": "https://youtu.be/n-lcDMNmOZ4",
            "percent": 100,
            "hz": 360
        },
        {
            "user": "bananamf",
            "link": "https://www.youtube.com/watch?v=x3MXmE3jr1s",
            "percent": 100,
            "hz": 330
        },
        {
            "user": "Keruo",
            "link": "https://youtu.be/Qu9Dw_XI6tg",
            "percent": 100,
            "hz": 144
        },
        {
            "user": "Villa",
            "link": "https://www.youtube.com/watch?v=x6V7q2yViak",
            "percent": 100,
            "hz": 360
        },
        {
            "user": "CaoticGD",
            "link": "https://youtu.be/4KMYl9Butww",
            "percent": 65,
            "hz": 360
        },
        {
            "user": "F34R_NINJ4",
            "link": "https://medal.tv/games/geometry-dash/clips/vLj70N3grOJNH/d1337kyzo8sc?invite=cr-MSxma2ksMzk3OTA0MCw",
            "percent": 100,
            "hz": 240
        },
        {
            "user": "Rectic",
            "link": "https://youtu.be/OIpOMjXlT48",
            "percent": 100,
            "hz": 360
        },
        {
            "user": "DogeyBoi",
            "link": "https://www.youtube.com/watch?v=_LQOnfDE3qU",
            "percent": 100,
            "hz": 240
        },
        {
            "user": "Rumba",
            "link": "https://www.youtube.com/watch?v=g-xNIyGcVlA",
            "percent": 70,
            "hz": 360
        },
        {
            "user": "MrSkunk",
            "link": "https://www.youtube.com/watch?v=2J2U3D_CIWU&ab_channel=MrSkunkDaUltimate",
            "percent": 100,
            "hz": 360
        },
        {
            "user": "EvesoonMSQD",
            "link": "https://youtu.be/zHPgLYvA1Oo",
            "percent": 100,
            "hz": 240
        },
        {
            "user": "Quick",
            "link": "https://www.youtube.com/watch?v=U1iNI4krPgA",
            "percent": 100,
            "hz": 360
        },
        {
            "user": "SuperThiago1234",
            "link": "https://youtu.be/aFKzBsZhlhY",
            "percent": 66,
            "hz": 360
        },
        {
            "user": "Wyatt_GD",
            "link": "https://youtu.be/B3p6LU02ihQ",
            "percent": 100,
            "hz": 240
        },
        {
            "user": "Snowball",
            "link": "https://www.youtube.com/watch?v=fB7ha2RTmR4",
            "percent": 100,
            "hz": 360
        },
        {
            "user": "Nobelix",
            "link": "https://youtu.be/d5eVLs_5RWs",
            "percent": 100,
            "hz": 360
        },
        {
            "user": "Nectro",
            "link": "https://www.twitch.tv/ceternalgd/clip/AssiduousBashfulNarwhalTheRinger-YsBROV91eynWv3tG",
            "percent": 64,
            "hz": 240
        },
        {
            "user": "NotD4N1",
            "link": "https://youtu.be/n5PgdfCjAzw",
            "percent": 91,
            "hz": 360
        },
        {
            "user": "GD Leaf",
            "link": "https://youtu.be/_Sjm1fN2Fw4",
            "percent": 100,
            "hz": 144
        },
        {
            "user": "CaoticGD",
            "link": "https://youtu.be/oqtel9kb3Ow",
            "percent": 100,
            "hz": 360
        },
        {
            "user": "FranK_24",
            "link": "https://youtu.be/g1ph9UxiDBQ",
            "percent": 66,
            "hz": 240
        },
        {
            "user": "HeartLess",
            "link": "https://youtu.be/KRp0bBBjfgg",
            "percent": 100,
            "hz": 360
        },
        {
            "user": "asdsdvb",
            "link": "https://www.youtube.com/watch?v=noptmyHqpj4",
            "percent": 100,
            "hz": 240
        },
        {
            "user": "SuperThiago1234",
            "link": "https://youtu.be/CpNqumKH_98",
            "percent": 100,
            "hz": 360
        },
        {
            "user": "BlackAlex077",
            "link": "https://www.youtube.com/watch?v=1aYN1R4eHF0",
            "percent": 100,
            "hz": 120
        }
    ]
}
