{
    "id": 77015646,
    "name": "Shitty Cognition",
    "author": "zPhysixX",
    "creators": [],
    "verifier": "Lyrian",
    "verification": "https://youtu.be/Vb6SPxgV6sk",
    "percentToQualify": 100,
    "password": "Free to Copy",
    "records": [
        {
            "user": "MushroomB0i",
            "link": "https://www.youtube.com/watch?v=w18puTjh3Jg",
            "percent": 100,
            "hz": 360
        },
        {
            "user": "He_rules",
            "link": "https://www.youtube.com/watch?v=bz6lrW9xBaI",
            "percent": 100,
            "hz": 144
        },
        {
            "user": "T333",
            "link": "https://www.youtube.com/watch?v=Y15C8533nYI",
            "percent": 100,
            "hz": 240
        },
        {
            "user": "Decin0",
            "link": "https://youtu.be/JEVCw5sK83c",
            "percent": 100,
            "hz": 288
        },
        {
            "user": "IDeltaPhantomI",
            "link": "https://youtu.be/gpkN8HxhCfM",
            "percent": 100,
            "hz": 360
        },
        {
            "user": "Chr8ts",
            "link": "https://youtu.be/X7u3EuZ-weE",
            "percent": 100,
            "hz": 240
        },
        {
            "user": "Emonadeo",
            "link": "https://www.youtube.com/watch?v=snT7T_hziA8",
            "percent": 100,
            "hz": 240
        },
        {
            "user": "Cric2",
            "link": "https://youtu.be/Hy4dAoGcsdE",
            "percent": 100,
            "hz": 240
        },
        {
            "user": "mouscl.",
            "link": "https://youtu.be/17FYrNAAwZ4",
            "percent": 100,
            "hz": 60
        },
        {
            "user": "Riptide",
            "link": "https://youtu.be/o0QzMg8ythY",
            "percent": 100,
            "hz": 120
        },
        {
            "user": "funniestpro",
            "link": "https://www.youtube.com/watch?v=AQjbHjvnhm4",
            "percent": 100,
            "hz": 240
        },
        {
            "user": "Jef",
            "link": "https://www.youtube.com/watch?v=7q4Gy8oeN9c",
            "percent": 100,
            "hz": 360
        },
        {
            "user": "Delay",
            "link": "https://www.youtube.com/watch?v=LB6U740I41w",
            "percent": 100,
            "hz": 144
        },
        {
            "user": "biskit",
            "link": "https://youtu.be/lmRkx2tELVk",
            "percent": 100,
            "hz": 360
        },
        {
            "user": "Shel",
            "link": "https://youtu.be/dd1-NYvzwms",
            "percent": 100,
            "hz": 144
        },
        {
            "user": "Spaace",
            "link": "https://youtu.be/Zl7VJoRFwhc",
            "percent": 100,
            "hz": 120
        },
        {
            "user": "Ultament",
            "link": "https://youtu.be/inPMmgmmqvE",
            "percent": 100,
            "hz": 120
        },
        {
            "user": "WaveWarrior",
            "link": "https://youtu.be/WSRFQEcX3V4",
            "percent": 100,
            "hz": 240
        },
        {
            "user": "DelfunCzyCos",
            "link": "https://www.youtube.com/watch?v=SVfIk6YE4mA",
            "percent": 100,
            "hz": 144
        },
        {
            "user": "HeartLess",
            "link": "https://youtu.be/Hb8eoTXJk_s",
            "percent": 100,
            "hz": 360
        }
    ]
}
