{
    "id": 81521179,
    "name": "Shitty Cold Sweat",
    "author": "Kiwi1938",
    "creators": [
    "Helbrein"
    ],
    "verifier": "Lipton",
    "verification": "https://youtu.be/KZeZu8b0kJU",
    "percentToQualify": 61,
    "records": [
        {
            "user": "Lyrian",
            "link": "https://www.youtube.com/watch?v=GYbGlyFv1fo&t=25s",
            "percent": 100,
            "hz": 360
        },
        {
            "user": "Kenos Song",
            "link": "https://youtu.be/WwWGz7RjvP4",
            "percent": 100,
            "hz": 360
        },
        {
            "user": "Samuuu18",
            "link": "https://youtu.be/VIflqSefMz8",
            "percent": 100,
            "hz": 360
        },
        {
            "user": "h4tecr1me.",
            "link": "https://www.youtube.com/watch?v=9VAq8K8iLFE",
            "percent": 100,
            "hz": 240
        },
        {
            "user": "Dandy Chiggins",
            "link": "https://youtu.be/tvPCEHrGy68",
            "percent": 100,
            "hz": 360
        },
        {
            "user": "RaizingGD",
            "link": "https://www.youtube.com/watch?v=td-Z3CbXogw",
            "percent": 100,
            "hz": 360
        },
        {
            "user": "biskit",
            "link": "https://www.youtube.com/watch?v=ncl-hQHdEuk",
            "percent": 100,
            "hz": 360
        },
        {
            "user": "7ssumi",
            "link": "https://www.youtube.com/watch?v=E9LDl9EnS-E",
            "percent": 100,
            "hz": 288
        },
        {
            "user": "FakeRodri",
            "link": "https://www.youtube.com/watch?v=Xz-QbMvvAbI",
            "percent": 100,
            "hz": 360
        },
        {
            "user": "BrightBird",
            "link": "https://youtu.be/DNdqe6wY0_o",
            "percent": 100,
            "hz": 288
        },
        {
            "user": "Korvak",
            "link": "https://youtu.be/-NP5idV5H98",
            "percent": 100,
            "hz": 360
        },
        {
            "user": "starships",
            "link": "https://www.youtube.com/watch?v=ZaI6DByAFCM&t=5s",
            "percent": 100,
            "hz": 360
        },
        {
            "user": "KylashTheKiller",
            "link": "https://youtu.be/Y5XTxLfqrfU",
            "percent": 100,
            "hz": 60
        },
        {
            "user": "kri1s5",
            "link": "https://youtu.be/kl_SmzJWyYo",
            "percent": 100,
            "hz": 60
        }
    ]
}
