{
    "id": 73429981,
    "name": "Shitty Congregation",
    "author": "SpaceAir",
    "creators": [],
    "verifier": "ItsMeAlex25",
    "verification": "https://youtu.be/SceLphS8v-k",
    "percentToQualify": 60,
    "records": [
        {
            "user": "iRaily",
            "link": "https://youtu.be/tmIPLL0n2mo",
            "percent": 100,
            "hz": 288
        },
        {
            "user": "Samuuu18",
            "link": "https://youtu.be/-NDVUIMe8Nw",
            "percent": 100,
            "hz": 360
        },
        {
            "user": "Shel",
            "link": "https://www.youtube.com/watch?v=OE-ZhcZlodQ",
            "percent": 100,
            "hz": 144
        },
        {
            "user": "Demons [GD]",
            "link": "https://www.youtube.com/watch?v=WnDYLROnuik",
            "percent": 74,
            "hz": 60
        },
        {
            "user": "Holojen",
            "link": "https://youtu.be/qCn4w04AyEU",
            "percent": 100,
            "hz": 288
        },
        {
            "user": "kri1s5",
            "link": "https://www.youtube.com/watch?v=ZpWNLjRGoqU",
            "percent": 100,
            "hz": 60
        },
        {
            "user": "JASM1818",
            "link": "https://youtu.be/LR0DXFeqTow",
            "percent": 100,
            "hz": 180
        },
        {
            "user": "ZoxtoGD",
            "link": "https://www.youtube.com/watch?v=nJkPxPnm0aI",
            "percent": 100,
            "hz": 75
        },
        {
            "user": "Brielgamer",
            "link": "https://www.youtube.com/watch?v=QKvTn6-T6cA&ab_channel=Briel456",
            "percent": 100,
            "hz": 280
        },
        {
            "user": "AzielGD",
            "link": "https://youtu.be/ZWrb7BUZty4",
            "percent": 100,
            "hz": 120
        },
        {
            "user": "Vladymir [GD]",
            "link": "https://www.youtube.com/watch?v=_tcurOVly8o",
            "percent": 87,
            "hz": 60,
            "mobile": true
        },
        {
            "user": "KylashTheKiller",
            "link": "https://www.youtube.com/watch?v=Xj8iOkZt7sE",
            "percent": 100,
            "hz": 60
        },
        {
            "user": "BrightBird",
            "link": "https://youtu.be/ZRySl4jmX7I",
            "percent": 100,
            "hz": 288
        },
        {
            "user": "ImCrisGD",
            "link": "https://www.youtube.com/watch?v=_tgQhPDkfbY",
            "percent": 100,
            "hz": 360
        },
        {
            "user": "Naxix",
            "link": "https://youtu.be/ntR8XUde00k",
            "percent": 77,
            "hz": 60
        },
        {
            "user": "LzKlauss",
            "link": "https://youtu.be/BNXAeYHBmkM",
            "percent": 100,
            "hz": 360
        },
        {
            "user": "Fallentoge",
            "link": "https://clips.twitch.tv/CalmIgnorantShrewAllenHuhu-l90D3s5Xt3xRyidF",
            "percent": 79,
            "hz": 60,
            "mobile": true
        },
        {
            "user": "Hiper Crack",
            "link": "https://youtu.be/z43g0OaRpaA",
            "percent": 100,
            "hz": 60
        },
        {
            "user": "Riptide",
            "link": "https://youtu.be/uNPkcbLUspg",
            "percent": 100,
            "hz": 120
        },
        {
            "user": "FallenToge",
            "link": "https://www.youtube.com/watch?v=bE3m30SE-Tw",
            "percent": 100,
            "hz": 60,
            "mobile": true
        },
        {
            "user": "T333",
            "link": "https://youtu.be/TWrCM14vVrE",
            "percent": 100,
            "hz": 240
        },
        {
            "user": "zTrailer2016",
            "link": "https://www.youtube.com/watch?v=n3CkdAJjAuo",
            "percent": 65,
            "hz": 144
        },
        {
            "user": "homegrowntag",
            "link": "https://youtu.be/qnGWTuDklxQ",
            "percent": 100,
            "hz": 144
        },
        {
            "user": "Pisi",
            "link": "https://www.youtube.com/watch?v=HPS5Fzv_z04&t=0s",
            "percent": 61,
            "hz": 60
        },
        {
            "user": "WodiGD",
            "link": "https://youtu.be/mT5XmKIwR9Y",
            "percent": 69,
            "hz": 144
        },
        {
            "user": "aheadhulkdrive",
            "link": "https://youtu.be/MRgP4jkNwBU",
            "percent": 65,
            "hz": 360
        },
        {
            "user": "ITSL3OMC",
            "link": "https://youtu.be/V-XpRsYLKJc",
            "percent": 83,
            "hz": 60
        },
        {
            "user": "DaVinciGD",
            "link": "https://youtu.be/GGRUgl3dfwo",
            "percent": 87,
            "hz": 60,
            "mobile": true
        },
        {
            "user": "SpaceGaelic",
            "link": "https://youtu.be/d6DhzEUmK3M",
            "percent": 65,
            "hz": 60
        },
        {
            "user": "JuanxHD",
            "link": "https://www.youtube.com/watch?v=r8-AmedTUwA",
            "percent": 65,
            "hz": 60
        },
        {
            "user": "milsantm",
            "link": "https://www.youtube.com/watch?v=BjyjCaUzkc0",
            "percent": 61,
            "hz": 60
        },
        {
            "user": "Vaoen",
            "link": "https://www.twitch.tv/videos/1480310491",
            "percent": 100,
            "hz": 288
        },
        {
            "user": "Gabo5400",
            "link": "https://youtu.be/gy-vtpZBbls",
            "percent": 79,
            "hz": 288
        },
        {
            "user": "ITSL3OMC",
            "link": "https://youtu.be/UL3yJzUiwrU",
            "percent": 100,
            "hz": 60
        },
        {
            "user": "Tailzz",
            "link": "https://youtu.be/ncKazsrWBJQ",
            "percent": 64,
            "hz": 60
        },
        {
            "user": "DaVinciGD",
            "link": "https://youtu.be/GeDXcz8-Krc",
            "percent": 100,
            "hz": 60,
            "mobile": true
        },
        {
            "user": "trolomask",
            "link": "https://www.youtube.com/watch?v=0BTceDZVviE",
            "percent": 100,
            "hz": 240
        },
        {
            "user": "Charliventum",
            "link": "https://www.youtube.com/watch?v=kb9tH-6fEok",
            "percent": 100,
            "hz": 144
        },
        {
            "user": "Delay",
            "link": "https://www.youtube.com/watch?v=LDNzPN9xgb4",
            "percent": 100,
            "hz": 144
        },
        {
            "user": "SpaceGaelic",
            "link": "https://youtu.be/TNXEzc90m0s",
            "percent": 77,
            "hz": 60
        },
        {
            "user": "RoyersStark",
            "link": "https://www.youtube.com/watch?v=aMK-FaXrDKw&t=3s",
            "percent": 64,
            "hz": 60
        },
        {
            "user": "ElXiProGamer 10",
            "link": "https://www.youtube.com/watch?v=6UuAxFh6q4A",
            "percent": 82,
            "hz": 240
        },
        {
            "user": "Elpepetaxio",
            "link": "https://youtu.be/G8zAH4a2xY0",
            "percent": 100,
            "hz": 360
        },
        {
            "user": "Chronic",
            "link": "https://youtu.be/F1uqLbwRJT8",
            "percent": 100,
            "hz": 144
        },
        {
            "user": "Gael Andrade",
            "link": "https://youtu.be/dSYg0osZZGA",
            "percent": 100,
            "hz": 60
        },
        {
            "user": "IELREXI",
            "link": "https://www.youtube.com/watch?v=gj6lPqzeyak",
            "percent": 100,
            "hz": 144
        },
        {
            "user": "zCodeB0y",
            "link": "https://youtu.be/xo_i5WaOwPA",
            "percent": 83,
            "hz": 60
        },
        {
            "user": "ELREXGD",
            "link": "https://www.youtube.com/watch?v=gj6lPqzeyak&t=6s",
            "percent": 100,
            "hz": 144
        },
        {
            "user": "Ju4nChoZ [COL]",
            "link": "https://youtu.be/ugj6WgleXzc",
            "percent": 100,
            "hz": 60
        },
        {
            "user": "C_H_E_M_4",
            "link": "https://www.youtube.com/watch?v=Xl4TfdvnNYw",
            "percent": 100,
            "hz": 240
        },
        {
            "user": "JuanchitoXD5",
            "link": "https://www.youtube.com/watch?v=ywMq1ufe0Og&ab_channel=juanchitoxd5",
            "percent": 100,
            "hz": 120
        },
        {
            "user": "expertsito",
            "link": "https://www.youtube.com/watch?v=zlvdyxwOabE",
            "percent": 100,
            "hz": 60
        },
        {
            "user": "Twister :p",
            "link": "https://youtu.be/Nq0_jvpV-u0",
            "percent": 100,
            "hz": 165
        },
        {
            "user": "Traffic Light",
            "link": "https://www.youtube.com/watch?v=k71ZlEIsRl0",
            "percent": 60,
            "hz": 360
        },
        {
            "user": "DraconPlox",
            "link": "https://youtu.be/Qy91iy6o_Ag",
            "percent": 77,
            "hz": 144
        },
        {
            "user": "Theitha",
            "link": "https://drive.google.com/file/d/1xdvqHG3Y9kvZOnVNdElfFYyXchOImKqV/view",
            "percent": 100,
            "hz": 360
        },
        {
            "user": "ValtAoiGremory",
            "link": "https://www.youtube.com/watch?v=Fwxpkod7_mI",
            "percent": 100,
            "hz": 60
        },
        {
            "user": "Rodrexuwu",
            "link": "https://youtu.be/tWw5-jgtd50",
            "percent": 67,
            "hz": 180
        },
        {
            "user": "Kling1803",
            "link": "https://www.youtube.com/watch?v=AjCgKMWIC78",
            "percent": 100,
            "hz": 165
        },
        {
            "user": "CaLvO712",
            "link": "https://youtu.be/YZ8LHj3v0LE",
            "percent": 65,
            "hz": 60
        },
        {
            "user": "ElBrocasYT",
            "link": "https://www.youtube.com/watch?v=CmFNd_XS3gE",
            "percent": 100,
            "hz": 60
        },
        {
            "user": "HeartLess",
            "link": "https://youtu.be/cgHQ30jDI2Y",
            "percent": 100,
            "hz": 360
        }
    ]
}
