{
    "id": 73720597,
    "name": "Shitty Crimson Planet",
    "author": "Whitar",
    "creators": [],
    "verifier": "iRaily",
    "verification": "https://www.youtube.com/watch?v=JYIWPFQ2Ukc",
    "percentToQualify": 100,
    "password": "159159",
    "records": [
        {
            "user": "BlueTomcat",
            "link": "https://youtu.be/Lu7JMf0LC4Q",
            "percent": 100,
            "hz": 288
        },
        {
            "user": "Tai0",
            "link": "https://youtu.be/HNyxe929O1o",
            "percent": 100,
            "hz": 144
        },
        {
            "user": "KylashTheKiller",
            "link": "https://youtu.be/S3JRUhy4-qw",
            "percent": 100,
            "hz": 60
        },
        {
            "user": "Frozono",
            "link": "https://youtu.be/dP86Hy5e8vw",
            "percent": 100,
            "hz": 60
        },
        {
            "user": "Matthlew",
            "link": "https://www.youtube.com/watch?v=z2wGOJlDlJ0",
            "percent": 100,
            "hz": 144
        },
        {
            "user": "Juan_7542",
            "link": "https://www.youtube.com/watch?v=0Bpm3lAMv3g&ab_channel=JuanWithNoLife",
            "percent": 100,
            "hz": 288
        },
        {
            "user": "Emonadeo",
            "link": "https://www.youtube.com/watch?v=afPzBMgrga4",
            "percent": 100,
            "hz": 240
        },
        {
            "user": "DogeyBoi",
            "link": "https://www.youtube.com/watch?v=6TfzO5Pp4Ec",
            "percent": 100,
            "hz": 165
        },
        {
            "user": "Nolife",
            "link": "https://www.youtube.com/watch?v=ZdoyKYipisI",
            "percent": 100,
            "hz": 240
        },
        {
            "user": "attrixia",
            "link": "https://youtu.be/fkDioKcCkek",
            "percent": 100,
            "hz": 150
        },
        {
            "user": "kri1s5",
            "link": "https://youtu.be/iGetgIkE_4Q",
            "percent": 100,
            "hz": 60
        },
        {
            "user": "Delay",
            "link": "https://youtu.be/O9B68smKyLw",
            "percent": 100,
            "hz": 240
        },
        {
            "user": "ZerniasX",
            "link": "https://youtu.be/LjOcYzOGV9E",
            "percent": 100,
            "hz": 360
        },
        {
            "user": "SupaX_",
            "link": "https://youtu.be/RpD8EPoLBzQ",
            "percent": 100,
            "hz": 240
        },
        {
            "user": "WilltheRen",
            "link": "https://www.youtube.com/7r2gmBbvN8E",
            "percent": 100,
            "hz": 165
        },
        {
            "user": "GD Catalyst",
            "link": "https://youtu.be/ly7EV49GnAc",
            "percent": 100,
            "hz": 144
        },
        {
            "user": "Samuuu18",
            "link": "https://www.youtube.com/watch?v=YVZ07GQyPdI",
            "percent": 100,
            "hz": 360
        },
        {
            "user": "Strylah",
            "link": "https://www.youtube.com/watch?v=cGhGpdwaG7U",
            "percent": 100,
            "hz": 240
        },
        {
            "user": "Decin0",
            "link": "https://youtu.be/sqtV_I8WxEo?t=49",
            "percent": 100,
            "hz": 288
        },
        {
            "user": "AGMD",
            "link": "https://youtu.be/nJbmd072z6A",
            "percent": 100,
            "hz": 60
        },
        {
            "user": "NixHGD",
            "link": "https://www.youtube.com/watch?v=NZ0ZN1fSJck",
            "percent": 100,
            "hz": 240
        },
        {
            "user": "Itsmegadash",
            "link": "https://www.youtube.com/watch?v=EAB5kdLQyww",
            "percent": 100,
            "hz": 180
        },
        {
            "user": "Holojen",
            "link": "https://www.youtube.com/watch?v=qH1aTv5GmjY",
            "percent": 100,
            "hz": 288
        },
        {
            "user": "InfluX",
            "link": "https://www.youtube.com/watch?v=sz1mMN4YZ7s",
            "percent": 100,
            "hz": 240
        },
        {
            "user": "AwaKteFurry",
            "link": "https://youtu.be/iyjy4CiXqaQ",
            "percent": 100,
            "hz": 296
        },
        {
            "user": "David84",
            "link": "https://youtu.be/aQL2NE73qgM",
            "percent": 100,
            "hz": 120
        },
        {
            "user": "Dandy Chiggins",
            "link": "https://youtu.be/UU8Fx7223CI",
            "percent": 100,
            "hz": 240
        },
        {
            "user": "DrineX",
            "link": "https://youtu.be/y2Uj_-E5zxk?t=514",
            "percent": 100,
            "hz": 300
        },
        {
            "user": "zLunatiX",
            "link": "https://www.youtube.com/watch?v=zt3XNY3oNn8",
            "percent": 100,
            "hz": 120
        },
        {
            "user": "IDeltaPhantomI",
            "link": "https://youtu.be/CiRLmPtam28",
            "percent": 100,
            "hz": 360
        },
        {
            "user": "driftracers",
            "link": "https://www.youtube.com/watch?v=YyUtbu8Nbf0",
            "percent": 100,
            "hz": 60
        },
        {
            "user": "ZeykerGD",
            "link": "https://www.youtube.com/watch?v=24WU_Z7YpEk&t=0s",
            "percent": 100,
            "hz": 288
        },
        {
            "user": "PinkCotton",
            "link": "https://youtu.be/MmYnfJ55hGM",
            "percent": 100,
            "hz": 240
        },
        {
            "user": "Chr8ts",
            "link": "https://www.youtube.com/watch?v=JtQxcIsMEd0",
            "percent": 100,
            "hz": 240
        },
        {
            "user": "Renger Alpha",
            "link": "https://www.youtube.com/watch?v=ZoW3--7fx4M",
            "percent": 100,
            "hz": 60
        },
        {
            "user": "Cuchara",
            "link": "https://youtu.be/CTW-qY28SKc",
            "percent": 100,
            "hz": 240
        },
        {
            "user": "Andrxw",
            "link": "https://www.youtube.com/watch?v=1En9exZ-FK4",
            "percent": 100,
            "hz": 144
        },
        {
            "user": "ObvSilver",
            "link": "https://youtu.be/XUasK3QZZMI",
            "percent": 100,
            "hz": 165
        },
        {
            "user": "Shemenzy",
            "link": "https://www.youtube.com/watch?v=Ny_LUyQ_y-M",
            "percent": 100,
            "hz": 360
        },
        {
            "user": "T333",
            "link": "https://youtu.be/U93Fgi5aMVw",
            "percent": 100,
            "hz": 240
        },
        {
            "user": "Vink",
            "link": "https://youtu.be/3Eg4JHWbFFc",
            "percent": 100,
            "hz": 120
        },
        {
            "user": "fakeiwnl",
            "link": "https://www.youtube.com/watch?v=kO1Dul8vpyw",
            "percent": 100,
            "hz": 360
        },
        {
            "user": "ZeykerGD",
            "link": "https://www.youtube.com/watch?v=24WU_Z7YpEk",
            "percent": 100,
            "hz": 288
        },
        {
            "user": "Blazenton",
            "link": "https://www.youtube.com/watch?v=skSArIbSw3s",
            "percent": 100,
            "hz": 360
        },
        {
            "user": "Kobra456",
            "link": "https://www.youtube.com/watch?v=UvADZHtnOeA",
            "percent": 100,
            "hz": 288
        },
        {
            "user": "GDKellen",
            "link": "www.youtube.com/watch?v=I7qB09-zoBc",
            "percent": 100,
            "hz": 300
        },
        {
            "user": "ItzKuster",
            "link": "https://youtu.be/R6-85uBaD_o",
            "percent": 100,
            "hz": 300
        },
        {
            "user": "FuPlug",
            "link": "https://www.youtube.com/watch?v=UqsNC2fqZ_8",
            "percent": 100,
            "hz": 144
        },
        {
            "user": "Milley",
            "link": "https://youtu.be/-ps57FXc3Fw",
            "percent": 100,
            "hz": 240
        },
        {
            "user": "7ssumi",
            "link": "https://youtu.be/Ip16pP5-QjY",
            "percent": 100,
            "hz": 288
        },        
        {
            "user": "Pins",
            "link": "https://youtu.be/kjHxc_EqnUk",
            "percent": 100,
            "hz": 144
        },
        {
            "user": "biskit",
            "link": "https://youtu.be/d-CwuEaCvIE",
            "percent": 100,
            "hz": 360
        },
        {
            "user": "thechiron",
            "link": "https://youtu.be/fTzcVRitWgw",
            "percent": 100,
            "hz": 360
        },
        {
            "user": "zorsti",
            "link": "https://youtu.be/lXNf2bzaWyM",
            "percent": 100,
            "hz": 144
        },
        {
            "user": "Bamvie",
            "link": "https://youtu.be/BuBquZjB4X4",
            "percent": 100,
            "hz": 120
        },
        {
            "user": "Hollow",
            "link": "https://youtu.be/vy00xq1P6hg",
            "percent": 100,
            "hz": 144
        },
        {
            "user": "shreksdonk",
            "link": "https://youtu.be/EJTbDjdb8L0",
            "percent": 100,
            "hz": 144
        },
        {
            "user": "Acacia",
            "link": "https://www.youtube.com/watch?v=q4KmMXG8QoM",
            "percent": 100,
            "hz": 360
        },
        {
            "user": "Lucas531",
            "link": "https://www.youtube.com/watch?v=iP1T1IDSN9s",
            "percent": 100,
            "hz": 360
        },
        {
            "user": "NiXaNTy",
            "link": "https://www.youtube.com/watch?v=UXMG53ItbdM",
            "percent": 100,
            "hz": 360
        }
    ]
}
