{
    "id": 70662958,
    "name": "Shitty Cursed Corridor",
    "author": "MfoGaming1219",
    "creators": [],
    "verifier": "Frozono",
    "verification": "https://www.youtube.com/watch?v=AgdqmJH4LWE",
    "percentToQualify": 100,
    "password": "Free to Copy",
    "records": [
        {
            "user": "SupaX_",
            "link": "https://youtu.be/WRMv7aNmAYU",
            "percent": 100,
            "hz": 240
        },
        {
            "user": "iRaily",
            "link": "https://youtu.be/uQpmwwGHce4",
            "percent": 100,
            "hz": 288
        },
        {
            "user": "Shel",
            "link": "https://www.youtube.com/watch?v=5L9Dnx3oJYM",
            "percent": 100,
            "hz": 144
        },
        {
            "user": "BlueTomcat",
            "link": "https://youtu.be/HTKgj5CeIQs",
            "percent": 100,
            "hz": 288
        },
        {
            "user": "TravelChimp",
            "link": "https://youtu.be/9aBfyvJVRaM",
            "percent": 100,
            "hz": 288
        },
        {
            "user": "Jonathangdnt",
            "link": "https://youtu.be/QfnEuKQNz3I",
            "percent": 100,
            "hz": 144
        },
        {
            "user": "Kobra456",
            "link": "https://www.youtube.com/watch?v=Y9u4617m7JY",
            "percent": 100,
            "hz": 288
        },
        {
            "user": "LzKlauss",
            "link": "https://www.youtube.com/watch?v=OiT5iT1j0Vw",
            "percent": 100,
            "hz": 360
        },
        {
            "user": "Lisa",
            "link": "https://www.youtube.com/watch?v=Ze08ocJeBiY",
            "percent": 100,
            "hz": 360
        },
        {
            "user": "Mentrillum",
            "link": "https://www.youtube.com/watch?v=lL_0XemWRlk",
            "percent": 100,
            "hz": 144
        },
        {
            "user": "Pickle",
            "link": "https://youtu.be/W0NqyTBjWVQ",
            "percent": 100,
            "hz": 360
        },
        {
            "user": "tonyearl",
            "link": "https://www.youtube.com/watch?v=WDzzPRjRMm4",
            "percent": 100,
            "hz": 360
        },
        {
            "user": "Delay",
            "link": "https://www.youtube.com/watch?v=mGO2QCHiW6I",
            "percent": 100,
            "hz": 144
        },
        {
            "user": "Prometheus",
            "link": "https://youtu.be/W-YrKI2ldDo",
            "percent": 100,
            "hz": 144
        },
        {
            "user": "ObvSilver",
            "link": "https://youtu.be/TlpQq8ZGaEg",
            "percent": 100,
            "hz": 165
        },
        {
            "user": "Certified Noob",
            "link": "https://youtu.be/0LQcq4DJ-6s",
            "percent": 100,
            "hz": 165
        },
        {
            "user": "Acacia",
            "link": "https://youtu.be/eIDq2b5rTAI",
            "percent": 100,
            "hz": 288
        },
        {
            "user": "T333",
            "link": "https://www.youtube.com/watch?v=qrZZxlKt6R8",
            "percent": 100,
            "hz": 240
        },
        {
            "user": "ThatGuyFroGG",
            "link": "https://www.youtube.com/watch?v=osomwJ-8NVo",
            "percent": 100,
            "hz": 360
        },
        {
            "user": "Andrew14916",
            "link": "https://m.youtube.com/watch?v=UC0IRWLf_Os",
            "percent": 100,
            "hz": 360
        },
        {
            "user": "Echo",
            "link": "https://www.youtube.com/watch?v=wni3NWNnWec",
            "percent": 100,
            "hz": 240
        },
        {
            "user": "geekchannel1",
            "link": "https://youtu.be/Eci_Zpl7tgg",
            "percent": 100,
            "hz": 144
        },
        {
            "user": "LexTank",
            "link": "https://youtu.be/tU3Y9p8hcqk",
            "percent": 100,
            "hz": 360
        },
        {
            "user": "FedeXD",
            "link": "https://www.youtube.com/watch?v=rqMLXwFIaTE",
            "percent": 100,
            "hz": 240
        },
        {
            "user": "WaveWarrior",
            "link": "https://youtu.be/1Ih8LnTS36A",
            "percent": 100,
            "hz": 240
        }
    ]
}
