{
    "id": 70788515,
    "name": "Shitty Cybernetic Crescent",
    "author": "Lil_Creator",
    "creators": [],
    "verifier": "Holojen",
    "verification": "https://youtu.be/-mRXb0LfkjU",
    "percentToQualify": 62,
    "records": [
        {
            "user": "Fh1r",
            "link": "https://www.youtube.com/watch?v=Q2aeeXxRNkI",
            "percent": 100,
            "hz": 240
        },
        {
            "user": "iRaily",
            "link": "https://youtu.be/sBmpwfiQ-Hk",
            "percent": 100,
            "hz": 288
        },
        {
            "user": "Nolife",
            "link": "https://www.youtube.com/watch?v=HR8sKkpF7Ag",
            "percent": 100,
            "hz": 240
        },
        {
            "user": "zuva",
            "link": "https://www.youtube.com/watch?v=12wS-uuToJc",
            "percent": 100,
            "hz": 165
        },
        {
            "user": "BlueTomcat",
            "link": "https://www.youtube.com/watch?v=WrTSLxc-Xxs",
            "percent": 100,
            "hz": 288
        },
        {
            "user": "Sushiboys",
            "link": "https://youtu.be/7aMK8hCRIaM",
            "percent": 100,
            "hz": 300
        },
        {
            "user": "andredragon",
            "link": "https://www.youtube.com/watch?v=4cD-afGcSiU",
            "percent": 93,
            "hz": 244
        },
        {
            "user": "Delay",
            "link": "https://www.youtube.com/watch?v=1GLH2Yk0nfo",
            "percent": 100,
            "hz": 240
        },
        {
            "user": "ThirtyTwelve",
            "link": "https://youtu.be/95u0aTbLR34",
            "percent": 100,
            "hz": 240
        },
        {
            "user": "Nomed",
            "link": "https://www.youtube.com/watch?v=BwlknVPOTrA",
            "percent": 100,
            "hz": 144
        },
        {
            "user": "DogeyBoi",
            "link": "https://www.youtube.com/watch?v=cCPQsEIUZpo&t=13s",
            "percent": 100,
            "hz": 165
        },
        {
            "user": "GD CrimsonKing22",
            "link": "https://www.youtube.com/watch?v=ruHI6wSWxDA&ab_channel=GDCrimsonKing22",
            "percent": 100,
            "hz": 288
        },
        {
            "user": "Tai0",
            "link": "https://youtu.be/7aKhB1xuzZE",
            "percent": 100,
            "hz": 144
        },
        {
            "user": "VdT",
            "link": "https://youtu.be/K0IOVuW2Ejg",
            "percent": 100,
            "hz": 360
        },
        {
            "user": "Jef",
            "link": "https://www.youtube.com/watch?v=UTxGIHu86ck",
            "percent": 100,
            "hz": 360
        },
        {
            "user": "Epsilonic70",
            "link": "https://www.youtube.com/watch?v=KMWtKLD8_H8",
            "percent": 100,
            "hz": 240
        },
        {
            "user": "attrixia",
            "link": "https://youtu.be/UbKpqUjX1F8",
            "percent": 100,
            "hz": 150
        },
        {
            "user": "Shel",
            "link": "https://www.youtube.com/watch?v=TMyQHn-BDNk",
            "percent": 100,
            "hz": 144
        },
        {
            "user": "IDeltaPhantomI",
            "link": "https://youtu.be/Yi7b8no8UY4",
            "percent": 100,
            "hz": 360
        },
        {
            "user": "BrightBird",
            "link": "https://youtu.be/QVyhkzuLOyM",
            "percent": 100,
            "hz": 288
        },
        {
            "user": "xdgamer",
            "link": "https://www.twitch.tv/videos/1082585455",
            "percent": 100,
            "hz": 180
        },
        {
            "user": "RazerJCZ",
            "link": "https://www.youtube.com/watch?v=OdJiuuCfCoM",
            "percent": 100,
            "hz": 360
        },
        {
            "user": "LexTank",
            "link": "https://www.youtube.com/watch?v=yBB8rTs3P9I",
            "percent": 100,
            "hz": 360
        },
        {
            "user": "Certified Noob",
            "link": "https://www.youtube.com/watch?v=xg6evhbRdAQ",
            "percent": 100,
            "hz": 165
        },
        {
            "user": "StarXV",
            "link": "https://youtu.be/lcVg7pydDT4",
            "percent": 100,
            "hz": 180
        },
        {
            "user": "MfoGaming1219",
            "link": "https://youtu.be/f4wXJDmx5Yo",
            "percent": 100,
            "hz": 165
        },
        {
            "user": "Snakez363",
            "link": "https://youtu.be/n8J0I6h0NuE",
            "percent": 100,
            "hz": 144
        },
        {
            "user": "Chr8ts",
            "link": "https://youtu.be/cv516oxRpO4",
            "percent": 100,
            "hz": 240
        },
        {
            "user": "PinkCotton",
            "link": "https://youtu.be/H-pu5iopLxw",
            "percent": 100,
            "hz": 240
        },
        {
            "user": "Shemenzy",
            "link": "https://www.youtube.com/watch?v=B8gxb69C998",
            "percent": 100,
            "hz": 300
        },
        {
            "user": "BBBrightBoi",
            "link": "https://www.youtube.com/watch?v=UUuAwLQ8MSg&t=28s",
            "percent": 100,
            "hz": 360
        },
        {
            "user": "Riptide",
            "link": "https://youtu.be/pslO73KTMR0",
            "percent": 100,
            "hz": 120
        },
        {
            "user": "Dandy Chiggins",
            "link": "https://youtu.be/XObaweS1WlU",
            "percent": 100,
            "hz": 360
        },
        {
            "user": "Vaoen",
            "link": "https://www.twitch.tv/videos/1488259049",
            "percent": 100,
            "hz": 288
        },
        {
            "user": "ItsMeAlex25",
            "link": "https://www.youtube.com/watch?v=e2VTP-xCASE",
            "percent": 100,
            "hz": 360
        },
        {
            "user": "BlackAlex077",
            "link": "https://www.youtube.com/watch?v=8SQhINa5H60",
            "percent": 100,
            "hz": 120
        },
        {
            "user": "Aimbroz",
            "link": "https://youtu.be/ENe5_RwxvSw",
            "percent": 100,
            "hz": 144
        },
        {
            "user": "ziheng",
            "link": "https://youtu.be/tB5gYR9JaGw",
            "percent": 100,
            "hz": 60
        },
        {
            "user": "homegrowntag",
            "link": "https://youtu.be/LwGjiubMXTc",
            "percent": 100,
            "hz": 144
        }
    ]
}
