{
    "id": 78402532,
    "name": "Shitty CYCLONE",
    "author": "chspchips",
    "creators": [
        "Zekron",
        "TravelChimp",
        "R1fleRobotz",
        "FireRift",
        "Whiliams",
        "Whitar",
        "iRaily",
        "SupaX_"
    ],
    "verifier": "SupaX_",
    "verification": "https://www.youtube.com/watch?v=1-tV6ObuGsU",
    "percentToQualify": 100,
    "records": [
        {
            "user": "iRaily",
            "link": "https://youtu.be/yZRNOOScvCQ",
            "percent": 100,
            "hz": 288
        },
        {
            "user": "Shel",
            "link": "https://youtu.be/j_d8BWjwhGU",
            "percent": 100,
            "hz": 144
        },
        {
            "user": "T333",
            "link": "https://youtu.be/u-DnFL3vhsU",
            "percent": 100,
            "hz": 240
        },
        {
            "user": "Emonadeo",
            "link": "https://www.youtube.com/watch?v=jk60vJwdgEM",
            "percent": 100,
            "hz": 240
        },
        {
            "user": "Momo baba",
            "link": "https://www.youtube.com/watch?v=u4P8vVRkyfs",
            "percent": 100,
            "hz": 144
        },
        {
            "user": "ThatGuyFroGG",
            "link": "https://www.youtube.com/watch?v=xpLGeNEv55o",
            "percent": 100,
            "hz": 360
        },
        {
            "user": "Unacow",
            "link": "https://www.youtube.com/watch?v=SGm523GKoBo&list=PLVubV1vSd81q0A_93Nl0_hyk20gmQtoP3&index=15&t=2s",
            "percent": 100,
            "hz": 240
        },
        {
            "user": "geomaniac",
            "link": "https://www.youtube.com/watch?v=lI0xRhJQZNM",
            "percent": 100,
            "hz": 360
        },
        {
            "user": "Delay",
            "link": "https://www.youtube.com/watch?v=LB6U740I41w",
            "percent": 100,
            "hz": 144
        },
        {
            "user": "ItsMeAlex25",
            "link": "https://youtu.be/NuBN6LaZezY",
            "percent": 100,
            "hz": 240
        },
        {
            "user": "Chuck Danger",
            "link": "https://www.youtube.com/watch?v=pm5Sh0AYiic",
            "percent": 100,
            "hz": 240
        }
    ]
}
