{
    "id": 72873243,
    "name": "Shitty DARKENED",
    "author": "Lil_Creator",
    "creators": [],
    "verifier": "Qb1",
    "verification": "https://youtu.be/DV2VKM3Qx2U",
    "percentToQualify": 100,
    "records": [
        {
            "user": "iRaily",
            "link": "https://youtu.be/7KrTAgI8Zzo",
            "percent": 100,
            "hz": 288
        },
        {
            "user": "Nolife",
            "link": "https://www.youtube.com/watch?v=eZy1P1OGUCM",
            "percent": 100,
            "hz": 240
        },
        {
            "user": "Emonadeo",
            "link": "https://youtu.be/JT4PQ1pjvBA",
            "percent": 100,
            "hz": 240
        },
        {
            "user": "Tai0",
            "link": "https://youtu.be/dXl9i2xqW9A",
            "percent": 100,
            "hz": 144
        },
        {
            "user": "Weedeater69420",
            "link": "https://youtu.be/sjfABIRczOo",
            "percent": 100,
            "hz": 360
        },
        {
            "user": "Matthlew",
            "link": "https://youtu.be/Mo4GGAnkUXg",
            "percent": 100,
            "hz": 144
        },
        {
            "user": "GD CrimsonKing22",
            "link": "https://youtu.be/xV_DGeqO7mE",
            "percent": 100,
            "hz": 288
        },
        {
            "user": "Invinceicube",
            "link": "https://www.youtube.com/watch?v=o6wcVi6EQaM",
            "percent": 100,
            "hz": 300
        },
        {
            "user": "Holojen",
            "link": "https://www.youtube.com/watch?v=YsIl3FsAiS4",
            "percent": 100,
            "hz": 288
        },
        {
            "user": "WilltheRen",
            "link": "https://www.youtube.com/watch?v=VDSkDdeU5Rs",
            "percent": 100,
            "hz": 165
        },
        {
            "user": "Shel",
            "link": "https://www.youtube.com/watch?v=owEyaQE8c_Y",
            "percent": 100,
            "hz": 144
        },
        {
            "user": "LinedriveGD",
            "link": "https://www.youtube.com/watch?v=LQzvSdqFXkA",
            "percent": 100,
            "hz": 300
        },
        {
            "user": "WGoated",
            "link": "https://youtu.be/vy0PXrl8VZs",
            "percent": 100,
            "hz": 288
        },
        {
            "user": "funniestpro",
            "link": "https://www.youtube.com/watch?v=Pa1yFDGWU0A",
            "percent": 100,
            "hz": 240
        },
        {
            "user": "Marke",
            "link": "https://youtu.be/_NUNHKmuUf0",
            "percent": 100,
            "hz": 288
        },
        {
            "user": "J",
            "link": "https://youtu.be/M3w_wtyQ8xw",
            "percent": 100,
            "hz": 360
        }
    ]
}
