{
    "id": 74838413,
    "name": "Shitty Daydream",
    "author": "Helbrein",
    "creators": [],
    "verifier": "ElevensGD",
    "verification": "https://youtu.be/Zoka4Gvwrps",
    "percentToQualify": 100,
    "password": 696969,
    "records": [
        {
            "user": "Nolife",
            "link": "https://youtu.be/EW5zOZ9eWKM",
            "percent": 100,
            "hz": 240
        },
        {
            "user": "iRaily",
            "link": "https://youtu.be/vRCh-M-yS_o",
            "percent": 100,
            "hz": 288
        },
        {
            "user": "Shel",
            "link": "https://www.youtube.com/watch?v=gJPVWMBJj5k",
            "percent": 100,
            "hz": 144
        },
        {
            "user": "Armani",
            "link": "https://www.youtube.com/watch?v=IeOyCM1DYtE",
            "percent": 100,
            "hz": 360
        },
        {
            "user": "Matthlew",
            "link": "https://www.youtube.com/watch?v=FOUuxjowTiU",
            "percent": 100,
            "hz": 144
        },
        {
            "user": "Zan",
            "link": "https://youtu.be/SCvbm-MnXIk",
            "percent": 100,
            "hz": 288
        },
        {
            "user": "Cow",
            "link": "https://www.youtube.com/watch?v=nUgZ2wmtbzM",
            "percent": 100,
            "hz": 144
        },
        {
            "user": "GD Catalyst",
            "link": "https://www.youtube.com/watch?v=1CuEt4MF9Gw",
            "percent": 100,
            "hz": 144
        },
        {
            "user": "LinedriveGD",
            "link": "https://www.youtube.com/watch?v=LQzvSdqFXkA",
            "percent": 100,
            "hz": 300
        },
        {
            "user": "T333",
            "link": "https://youtu.be/LYQEruWGmkA",
            "percent": 100,
            "hz": 240
        },
        {
            "user": "mrazuli12",
            "link": "https://youtu.be/1hIUsoDg-SA",
            "percent": 100,
            "hz": 240
        },
        {
            "user": "Kr_Flame",
            "link": "https://www.youtube.com/watch?v=w8UIqk5uRD0",
            "percent": 100,
            "hz": 240
        },
        {
            "user": "JustM4t",
            "link": "https://youtu.be/TP1ovDCOSM4",
            "percent": 100,
            "hz": 180
        },
        {
            "user": "Riptide",
            "link": "https://youtu.be/PqQMRlDY1IU",
            "percent": 100,
            "hz": 120
        },
        {
            "user": "IDeltaPhantomI",
            "link": "https://youtu.be/JBBuCtgNVoM",
            "percent": 100,
            "hz": 360
        },
        {
            "user": "zuva",
            "link": "https://youtu.be/yJ5F_mdO3Ng",
            "percent": 100,
            "hz": 165
        },
        {
            "user": "Limsy",
            "link": "https://www.youtube.com/watch?v=9Mc0isYBd_Q",
            "percent": 100,
            "hz": 360
        },
        {
            "user": "WilltheRen",
            "link": "https://www.youtube.com/watch?v=agOhDLTus9Q",
            "percent": 100,
            "hz": 280
        },
        {
            "user": "Twister :p",
            "link": "https://youtu.be/kWl1bVVeCxI",
            "percent": 100,
            "hz": 165
        },
        {
            "user": "Zelphic",
            "link": "https://youtu.be/QLhX-WV9Nd4",
            "percent": 100,
            "hz": 144
        },
        {
            "user": "woi",
            "link": "hhttps://youtu.be/hBwvfmqmWm8",
            "percent": 100,
            "hz": 360
        }
    ]
}
