{
    "id": 69964628,
    "name": "Shitty Delta Interface",
    "author": "Luke",
    "creators": [],
    "verifier": "LBoke",
    "verification": "https://www.youtube.com/watch?v=hoDSpNjfOK0&t=2s",
    "percentToQualify": 100,
    "password": "Free to Copy",
    "records": [
        {
            "user": "Shel",
            "link": "https://youtu.be/-ZkZezkcd68",
            "percent": 100,
            "hz": 144
        },
        {
            "user": "BrightBIrd",
            "link": "https://youtu.be/t9iz8wuEdCM",
            "percent": 100,
            "hz": 288
        },
        {
            "user": "T333",
            "link": "https://youtu.be/59jzBvvL1oo",
            "percent": 100,
            "hz": 240
        },
        {
            "user": "RealEB2610",
            "link": "https://www.youtube.com/watch?v=0qMnqBICH84",
            "percent": 100,
            "hz": 288
        },
        {
            "user": "Trikecycle",
            "link": "https://youtu.be/S9ajkOcg2BU",
            "percent": 100,
            "hz": 288
        },
        {
            "user": "FakeRodri",
            "link": "https://youtu.be/hdNILvbAxn8",
            "percent": 100,
            "hz": 360
        },
        {
            "user": "Andrxw",
            "link": "https://www.youtube.com/watch?v=5XTGoDX0pOE",
            "percent": 100,
            "hz": 144
        },
        {
            "user": "Samuuu18",
            "link": "https://www.youtube.com/watch?v=47S54BwTFRY",
            "percent": 100,
            "hz": 360
        },
        {
            "user": "Riptide",
            "link": "https://youtu.be/JSGuJogjbLU",
            "percent": 100,
            "hz": 120
        },
        {
            "user": "JASM1818",
            "link": "https://www.youtube.com/watch?v=85NYS-EsNaQ",
            "percent": 100,
            "hz": 240
        },
        {
            "user": "homegrowntag",
            "link": "https://youtu.be/ME1s819af44",
            "percent": 100,
            "hz": 288
        },
        {
            "user": "ItsDTD",
            "link": "https://youtu.be/uJVvMYiH3E0",
            "percent": 100,
            "hz": 360
        }
    ]
}
