{
    "id": 66914377,
    "name": "Shitty Digital Descent",
    "author": "SupaX_",
    "creators": [],
    "verifier": "SupaX_",
    "verification": "https://youtu.be/HcfREGcqdKw",
    "percentToQualify": 100,
    "password": "696969",
    "records": [
        {
            "user": "Riptide",
            "link": "https://youtu.be/SPdaPjBULgc",
            "percent": 100,
            "hz": 120
        },
        {
            "user": "homegrowntag",
            "link": "https://youtu.be/pcChtJmsi0Y",
            "percent": 100,
            "hz": 288
        },
        {
            "user": "ObvSilver",
            "link": "https://youtu.be/FFWx8mtw65o",
            "percent": 100,
            "hz": 165
        },
        {
            "user": "JASM1818",
            "link": "https://youtu.be/OQpBqkRZdSI",
            "percent": 100,
            "hz": 240
        },
        {
            "user": "Shel",
            "link": "https://youtu.be/om91c7Oj0oE",
            "percent": 100,
            "hz": 144
        },
        {
            "user": "HeartLess",
            "link": "https://youtu.be/14-rQerKi1Y",
            "percent": 100,
            "hz": 360
        }
    ]
}
