{
    "id": 81607750,
    "name": "Shitty Disruption",
    "author": "R1fleR0botz",
    "creators": [
    "Sky Storm",
    "BetaGD",
    "SupaX",
    "TravelChimp",
    "McaT",
    "zFice7"
    ],
    "verifier": "L0GAN",
    "verification": "https://www.youtube.com/watch?v=vltLQuPDfgY",
    "percentToQualify": 100,
    "records": [
        {
            "user": "Willow",
            "link": "https://youtu.be/FHkyH5X-O78",
            "percent": 100,
            "hz": 240
        },
        {
            "user": "BrightBird",
            "link": "https://youtu.be/aeutBuqYIO0",
            "percent": 100,
            "hz": 288
        },
        {
            "user": "ObvSilver",
            "link": "https://youtu.be/jOAH5eny5tI",
            "percent": 100,
            "hz": 165
        },
        {
            "user": "ItsMeAlex25",
            "link": "https://www.youtube.com/watch?v=jj1Q4Oyoz_o",
            "percent": 100,
            "hz": 240
        }
    ]
}
