{
    "id": 75869454,
    "name": "Shitty distraught",
    "author": "Whitar",
    "creators": [
        "Strix",
        "RadioY",
        "NoCtrl",
        "Chaotrix",
        "Experience43",
        "R1fleRob0tz",
        "Lyrian",
        "MamaMauve",
        "chspchips"
    ],
    "verifier": "Melbourne",
    "verification": "https://youtu.be/HVAEBU0lT6I",
    "percentToQualify": 100,
    "records": [
        {
            "user": "Shel",
            "link": "https://youtu.be/ZlOkM6_sKRk",
            "percent": 100,
            "hz": 144
        },
        {
            "user": "Riptide",
            "link": "https://youtu.be/sJSboQ6DmFQ",
            "percent": 100,
            "hz": 60
        },
        {
            "user": "iRaily",
            "link": "https://youtu.be/L3-_1p-TktY",
            "percent": 100,
            "hz": 288
        },
        {
            "user": "FallenToge",
            "link": "https://www.twitch.tv/dn_togexd/v/1236604522?sr=a&t=0s",
            "percent": 73,
            "hz": 60,
            "mobile": true
        },
        {
            "user": "LinedriveGD",
            "link": "https://www.youtube.com/watch?v=LQzvSdqFXkA",
            "percent": 100,
            "hz": 300
        },
        {
            "user": "Chr8ts",
            "link": "https://www.youtube.com/watch?v=5mVh--HLPKs",
            "percent": 100,
            "hz": 240
        },
        {
            "user": "zDusti",
            "link": "https://www.youtube.com/watch?v=CwP4O4ISuPA",
            "percent": 100,
            "hz": 360
        },
        {
            "user": "Holojen",
            "link": "https://youtu.be/exRxig4txE8",
            "percent": 100,
            "hz": 288
        },
        {
            "user": "zLunatiX",
            "link": "https://youtu.be/pFjL5KHb7cs",
            "percent": 100,
            "hz": 120
        },
        {
            "user": "Vink",
            "link": "https://www.youtube.com/watch?v=uxciA89yugY&ab_channel=Vink",
            "percent": 100,
            "hz": 120
        },
        {
            "user": "Skhinner13",
            "link": "https://youtu.be/0zFJ1RvOJ94",
            "percent": 100,
            "hz": 144
        },
        {
            "user": "KroniteGD",
            "link": "https://www.youtube.com/watch?v=eYswdTcflko",
            "percent": 100,
            "hz": 144
        },
        {
            "user": "Shemenzy",
            "link": "https://www.youtube.com/watch?v=a6q8B7rhJQ4",
            "percent": 100,
            "hz": 300
        },
        {
            "user": "Samuuu18",
            "link": "https://www.twitch.tv/videos/1548665023",
            "percent": 100,
            "hz": 360
        },
        {
            "user": "Emonadeo",
            "link": "https://www.youtube.com/watch?v=Ik-w9tnGRfA",
            "percent": 100,
            "hz": 240
        },
        {
            "user": "SpLinter",
            "link": "https://www.youtube.com/watch?v=rRcYEolQz9c&ab_channel=SpLinter",
            "percent": 100,
            "hz": 300
        }
    ]
}
