{
    "id": 74938786,
    "name": "Shitty DMG CTRL",
    "author": "TravelChimp",
    "creators": [],
    "verifier": "BlueTomcat",
    "verification": "https://youtu.be/mgGPCCl1-ao",
    "percentToQualify": 100,
    "records": [
        {
            "user": "iRaily",
            "link": "https://youtu.be/jkaShme7a0k",
            "percent": 100,
            "hz": 288
        },
        {
            "user": "Shel",
            "link": "https://youtu.be/JzEd-v-jnRk",
            "percent": 100,
            "hz": 144
        },
        {
            "user": "Nolife",
            "link": "https://youtu.be/N9nTpjf_f88",
            "percent": 100,
            "hz": 240
        },
        {
            "user": "Sealio",
            "link": "https://youtu.be/7He-BtYibPQ",
            "percent": 100,
            "hz": 195
        },
        {
            "user": "melbourne",
            "link": "https://www.youtube.com/watch?v=lgkFbRMoSvU",
            "percent": 100,
            "hz": 288
        },
        {
            "user": "DogeyBoi",
            "link": "https://www.youtube.com/watch?v=EuDto--hrEE",
            "percent": 100,
            "hz": 165
        },
        {
            "user": "Keruo",
            "link": "https://www.youtube.com/watch?v=srmEN2m9kW0",
            "percent": 100,
            "hz": 144
        },
        {
            "user": "T333",
            "link": "https://www.youtube.com/watch?v=w4zB3PUYBN4",
            "percent": 100,
            "hz": 240
        },
        {
            "user": "LinedriveGD",
            "link": "https://www.youtube.com/watch?v=n4Y6NtyT5C0",
            "percent": 100,
            "hz": 300
        },
        {
            "user": "IDeltaPhantomI ",
            "link": "https://youtu.be/OZfRKgFAuIQ",
            "percent": 100,
            "hz": 360
        },
        {
            "user": "Riptide",
            "link": "https://youtu.be/NawJISFSrFs",
            "percent": 100,
            "hz": 120
        },
        {
            "user": "Dougieman",
            "link": "https://youtu.be/Dtcpl9dKIGo",
            "percent": 100,
            "hz": 120,
            "mobile": true
        },
        {
            "user": "KasiaUwU",
            "link": "https://youtu.be/q4xp4YgBGeI",
            "percent": 100,
            "hz": 120
        },
        {
            "user": "Semperfusion",
            "link": "https://www.youtube.com/watch?v=pwFpyKm9yuE",
            "percent": 100,
            "hz": 360
        }
    ]
}
