{
    "id": 71184379,
    "name": "Shitty Dolos",
    "author": "NoCtrl",
    "creators": [],
    "verifier": "NoCtrl",
    "verification": "https://youtu.be/kCBCXMxTiwk",
    "percentToQualify": 77,
    "password": "Free to Copy",
    "records": [
        {
            "user": "PinkCotton",
            "link": "https://youtu.be/gKLheBRC2lQ",
            "percent": 100,
            "hz": 240
        },
        {
            "user": "BlueTomcat",
            "link": "https://youtu.be/TRVJP8YDKCU",
            "percent": 100,
            "hz": 288
        },
        {
            "user": "Nolife",
            "link": "https://www.youtube.com/watch?v=J_YswISIxvM",
            "percent": 100,
            "hz": 165
        },
        {
            "user": "iRaily",
            "link": "https://www.youtube.com/watch?v=IER_fbJxKYc",
            "percent": 100,
            "hz": 288
        },
        {
            "user": "Fh1r",
            "link": "https://www.youtube.com/watch?v=aD4vDVv8x10",
            "percent": 100,
            "hz": 240
        },
        {
            "user": "DogeyBoi",
            "link": "https://www.youtube.com/watch?v=4ZZJTvL4Ze8",
            "percent": 100,
            "hz": 165
        },
        {
            "user": "SupaX_",
            "link": "https://youtu.be/JG5laauLUcc",
            "percent": 100,
            "hz": 240
        },
        {
            "user": "LzKlauss",
            "link": "https://www.youtube.com/watch?v=dqwfaOERgwQ",
            "percent": 100,
            "hz": 120
        },
        {
            "user": "KylashTheKiller",
            "link": "https://youtu.be/VVGhxdnxKRk",
            "percent": 100,
            "hz": 60
        },
        {
            "user": "Tai0",
            "link": "https://youtu.be/gv9xfPrxWFA",
            "percent": 100,
            "hz": 144
        },
        {
            "user": "Samuuu18",
            "link": "https://youtu.be/bfC28QkWZ4A",
            "percent": 100,
            "hz": 180
        },
        {
            "user": "GD CrimsonKing22",
            "link": "https://www.youtube.com/watch?v=ruHI6wSWxDA&ab_channel=GDCrimsonKing22",
            "percent": 100,
            "hz": 288
        },
        {
            "user": "Nuggels",
            "link": "https://www.youtube.com/watch?v=fDP1A5zHFL4",
            "percent": 100,
            "hz": 280
        },
        {
            "user": "Willow",
            "link": "https://youtu.be/GGzcHu0LJK8",
            "percent": 100,
            "hz": 360
        },
        {
            "user": "Tango",
            "link": "https://www.youtube.com/watch?v=htYl2USWG2I",
            "percent": 100,
            "hz": 144
        },
        {
            "user": "Matthlew",
            "link": "https://www.youtube.com/watch?v=aIkRqimcSgs",
            "percent": 100,
            "hz": 144
        },
        {
            "user": "Delay",
            "link": "https://www.youtube.com/watch?v=PfkxQoLR_GI",
            "percent": 100,
            "hz": 144
        },
        {
            "user": "Keruo",
            "link": "https://youtu.be/ofcj-4GjBkY",
            "percent": 100,
            "hz": 144
        },
        {
            "user": "Korvak",
            "link": "https://youtu.be/3tB4gtGHRos",
            "percent": 100,
            "hz": 240
        },
        {
            "user": "MfoGaming1219",
            "link": "https://youtu.be/Bj_tUmiWtaM",
            "percent": 100,
            "hz": 165
        },
        {
            "user": "Dandy Chiggins",
            "link": "https://youtu.be/6NqnW-m4m9w",
            "percent": 100,
            "hz": 240
        },
        {
            "user": "Chee2y",
            "link": "https://www.youtube.com/watch?v=mdIr3puhScM",
            "percent": 100,
            "hz": 240
        },
        {
            "user": "M1nYong",
            "link": "https://youtu.be/DdhhwmMbJYU",
            "percent": 100,
            "hz": 360
        },
        {
            "user": "Racio",
            "link": "https://www.youtube.com/watch?v=hglt7nHhzDs",
            "percent": 81,
            "hz": 288
        },
        {
            "user": "FakeRodri",
            "link": "https://www.youtube.com/watch?v=AlCI1fNLqPo",
            "percent": 100,
            "hz": 360
        },
        {
            "user": "Echo",
            "link": "https://www.youtube.com/watch?v=wni3NWNnWec",
            "percent": 100,
            "hz": 240
        },
        {
            "user": "Abr4h4M",
            "link": "https://youtu.be/TDM_xqQN024",
            "percent": 100,
            "hz": 180
        },
        {
            "user": "Cric2",
            "link": "https://youtu.be/t2hiHWnPx7k",
            "percent": 100,
            "hz": 240
        },
        {
            "user": "rweix",
            "link": "https://www.youtube.com/watch?v=M0sfRd2-b3M",
            "percent": 100,
            "hz": 360
        },
        {
            "user": ".com",
            "link": "https://www.youtube.com/watch?v=cyEUTYY8-iY",
            "percent": 100,
            "hz": 120
        },
        {
            "user": "Riptide",
            "link": "https://youtu.be/5NuMlZn8WN8",
            "percent": 100,
            "hz": 120
        },
        {
            "user": "ItsDTD",
            "link": "https://youtu.be/_Fn8iBT94Xg",
            "percent": 100,
            "hz": 360
        },
        {
            "user": "Spaace",
            "link": "https://youtu.be/z_Fb5pJP5ig",
            "percent": 100,
            "hz": 120
        },
        {
            "user": "GD Leaf",
            "link": "https://youtu.be/584TlZrSAfo",
            "percent": 100,
            "hz": 144
        },
        {
            "user": "alejoangelXx",
            "link": "https://youtu.be/lIazCoF4CbU",
            "percent": 100,
            "hz": 144
        }
    ]
}
