{
    "id": 67971712,
    "name": "Shitty Edge of the Blade",
    "author": "bluuper",
    "creators": [],
    "verifier": "bluuper",
    "verification": "https://youtu.be/FLH5Ek73viQ",
    "percentToQualify": 56,
    "records": [
        {
            "user": "Dustik",
            "link": "https://www.youtube.com/watch?v=L3h3QhUNaQs&ab_channel=Dustik",
            "percent": 100,
            "hz": 144
        },
        {
            "user": "Kobra456",
            "link": "https://www.youtube.com/watch?v=8pv3H-iIeLU",
            "percent": 100,
            "hz": 288
        },
        {
            "user": "BlueTomcat",
            "link": "https://youtu.be/Xu9XqsDQktY",
            "percent": 100,
            "hz": 144
        },
        {
            "user": "ZerniasX",
            "link": "https://youtu.be/of5wU5oC26g",
            "percent": 100,
            "hz": 360
        },
        {
            "user": "IDeltaPhantomI",
            "link": "https://youtu.be/7sXhAJ0wan0",
            "percent": 100,
            "hz": 240
        },
        {
            "user": "iRaily",
            "link": "https://youtu.be/oo32Kn_5e3s",
            "percent": 100,
            "hz": 288
        },
        {
            "user": "SupaX_",
            "link": "https://youtu.be/rmG5HuC3QUQ",
            "percent": 100,
            "hz": 240
        },
        {
            "user": "deex3",
            "link": "https://www.youtube.com/watch?v=aRWTqjZEIYU",
            "percent": 100,
            "hz": 360
        },
        {
            "user": "nayf",
            "link": "https://youtu.be/dKQNaF0FsbA",
            "percent": 100,
            "hz": 240
        },
        {
            "user": "Zandrew",
            "link": "https://www.youtube.com/watch?v=X61BmoY68KI",
            "percent": 63,
            "hz": 240
        },
        {
            "user": "Fh1r",
            "link": "https://youtu.be/YHgf0A_vr5Q",
            "percent": 100,
            "hz": 240
        },
        {
            "user": "Delay",
            "link": "https://youtu.be/lbBJhbUo24Y",
            "percent": 100,
            "hz": 240
        },
        {
            "user": "Sushiboys",
            "link": "https://youtu.be/0UQcs7oAERs",
            "percent": 100,
            "hz": 300
        },
        {
            "user": "Nolife",
            "link": "https://www.youtube.com/watch?v=9RHAU98TT2U",
            "percent": 100,
            "hz": 240
        },
        {
            "user": "ItzQuster",
            "link": "https://youtu.be/iSehdMcZP1Y",
            "percent": 100,
            "hz": 120
        },
        {
            "user": "Bacon",
            "link": "https://youtu.be/uprQg7LxFao",
            "percent": 100,
            "hz": 288
        },
        {
            "user": "Shel",
            "link": "https://youtu.be/6TcZfDSm1uk",
            "percent": 100,
            "hz": 144
        },
        {
            "user": "GD CrimsonKing22",
            "link": "https://www.youtube.com/watch?v=ruHI6wSWxDA&ab_channel=GDCrimsonKing22",
            "percent": 100,
            "hz": 288
        },
        {
            "user": "Tai0",
            "link": "https://youtu.be/RL7A3Mt6xNI",
            "percent": 100,
            "hz": 144
        },
        {
            "user": "Santyr",
            "link": "https://www.youtube.com/watch?v=m_orTkgQNHY",
            "percent": 100,
            "hz": 360
        },
        {
            "user": "attrixia",
            "link": "https://youtu.be/yj8KEElOyMw",
            "percent": 100,
            "hz": 150
        },
        {
            "user": "Myz",
            "link": "https://youtu.be/eoHeohnhpnI",
            "percent": 100,
            "hz": 288
        },
        {
            "user": "Armani",
            "link": "https://youtu.be/4zQFsxFIWdA",
            "percent": 100,
            "hz": 360
        },
        {
            "user": "Gamez",
            "link": "https://www.youtube.com/watch?v=UuOG0sOAg0Y",
            "percent": 100,
            "hz": 144
        },
        {
            "user": "Samuuu18",
            "link": "https://www.youtube.com/watch?v=iV3yAfDj__o",
            "percent": 100,
            "hz": 360
        },
        {
            "user": "WilltheRen",
            "link": "https://youtu.be/oip9KjGR_cE",
            "percent": 100,
            "hz": 165
        },
        {
            "user": "GD Catalyst",
            "link": "https://www.youtube.com/watch?v=B2jFtYPSX2Y",
            "percent": 100,
            "hz": 144
        },
        {
            "user": "H3lpFul",
            "link": "https://www.youtube.com/watch?v=6oi2hWnzRvk",
            "percent": 100,
            "hz": 240
        },
        {
            "user": "gdXposed",
            "link": "https://www.youtube.com/watch?v=cUx7cjYpPH4",
            "percent": 100,
            "hz": 360
        },
        {
            "user": "Acacia",
            "link": "https://youtu.be/qVMGHhO25_Y",
            "percent": 100,
            "hz": 288
        },
        {
            "user": "Solid",
            "link": "https://www.youtube.com/watch?v=e6iJRPMoJLs",
            "percent": 100,
            "hz": 240
        },
        {
            "user": "IcaroX",
            "link": "https://youtu.be/mx4zv9kFS9k",
            "percent": 100,
            "hz": 240
        },
        {
            "user": "FakeRodri",
            "link": "https://www.youtube.com/watch?v=4NqWuG69n3M",
            "percent": 100,
            "hz": 330
        },
        {
            "user": "Alaniz004",
            "link": "https://youtu.be/KCtc0X0gfr4",
            "percent": 100,
            "hz": 360
        },
        {
            "user": "BrightBird",
            "link": "https://youtu.be/r3s57wmW2rQ",
            "percent": 100,
            "hz": 288
        },
        {
            "user": "NoumnoumGD",
            "link": "https://youtu.be/tXtJPwiHyDA",
            "percent": 92,
            "hz": 240
        },
        {
            "user": "Riptide",
            "link": "https://youtu.be/QEBNYvU2v24",
            "percent": 100,
            "hz": 120
        },
        {
            "user": "gonza",
            "link": "https://www.youtube.com/watch?v=nuKusWzFUrE&ab_channel=Gonza650",
            "percent": 68,
            "hz": 160
        },
        {
            "user": "KylashTheKiller",
            "link": "https://youtu.be/wtJ2ufx4i-k",
            "percent": 100,
            "hz": 60
        },
        {
            "user": "Shemenzy",
            "link": "https://www.youtube.com/watch?v=3VEpfU4ZNOk",
            "percent": 100,
            "hz": 300
        },
        {
            "user": "BlackChaleur",
            "link": "https://youtu.be/Ijs8kun66-o",
            "percent": 100,
            "hz": 360
        },
        {
            "user": "TravelChimp",
            "link": "https://youtu.be/6liUFc-jYNY",
            "percent": 100,
            "hz": 288
        },
        {
            "user": "CrokyTheKiwi",
            "link": "https://youtu.be/uxphqeGVMvw",
            "percent": 100,
            "hz": 240
        },
        {
            "user": "Micro",
            "link": "https://youtu.be/bAJVJKwv2PA",
            "percent": 100,
            "hz": 144
        },
        {
            "user": "starships",
            "link": "https://www.youtube.com/watch?v=ffayfSQTqI8",
            "percent": 100,
            "hz": 360
        },
        {
            "user": "biskit",
            "link": "https://www.youtube.com/watch?v=vYenJFhvFLQ",
            "percent": 100,
            "hz": 360
        },
        {
            "user": "Andrew14916",
            "link": "https://www.youtube.com/watch?v=aux1NXLhHsA",
            "percent": 100,
            "hz": 300
        },
        {
            "user": "Snakez363",
            "link": "https://www.youtube.com/watch?v=JrwSJ9f4nXI",
            "percent": 100,
            "hz": 144
        },
        {
            "user": "KroniteGD",
            "link": "https://youtu.be/yq8H7hLeGjw",
            "percent": 100,
            "hz": 144
        },
        {
            "user": "BALL FLONDERS",
            "link": "https://www.youtube.com/watch?v=rafHlUYMgKU&ab_channel=BALLFONDLERS",
            "percent": 56,
            "hz": 288
        },
        {
            "user": "Decin0",
            "link": "https://www.youtube.com/watch?v=Ov-HQUtqFwU",
            "percent": 100,
            "hz": 360
        }
    ]
}
