{
    "id": 79439102,
    "name": "Shitty Electro Paracosm",
    "author": "iRaily",
    "creators": ["ChspChips"],
    "verifier": "PilBoom",
    "verification": "https://youtu.be/jV_F5NdO_nA",
    "percentToQualify": 100,
    "records": [
        {
            "user": "Fh1r",
            "link": "https://www.youtube.com/watch?v=LUBhAG4DBzE",
            "percent": 100,
            "hz": 240
        },
        {
            "user": "iRaily",
            "link": "https://youtu.be/I9t-QUIVgTk",
            "percent": 100,
            "hz": 288
        },
        {
            "user": "Delay",
            "link": "https://www.youtube.com/watch?v=mXbDTtNltAs",
            "percent": 100,
            "hz": 144
        },
        {
            "user": "m1nyong",
            "link": "https://www.youtube.com/watch?v=vUGOmQJO3fQ",
            "percent": 100,
            "hz": 360
        },
        {
            "user": "WaffleSniffer",
            "link": "https://www.youtube.com/watch?v=Kz_SzByaMPw",
            "percent": 100,
            "hz": 60
        },
        {
            "user": "ObvSilver",
            "link": "https://youtu.be/x2xC0ISXKJg",
            "percent": 100,
            "hz": 165
        }
    ]
}
