{
    "id": 77423391,
    "name": "Shitty EnvY",
    "author": "Whitar",
    "creators": [],
    "verifier": "bnuuy",
    "verification": "https://youtu.be/UQnCdY5E7no",
    "percentToQualify": 100,
    "password": "159159",
    "records": [
        {
            "user": "T333",
            "link": "https://www.youtube.com/watch?v=p3xNq9iiDDY",
            "percent": 100,
            "hz": 240
        },
        {
            "user": "DashTH",
            "link": "https://www.youtube.com/watch?v=0_j8Or8oBl0",
            "percent": 100,
            "hz": 120
        },
        {
            "user": "Snakez363",
            "link": "https://youtu.be/Lu5kU_vxvaU",
            "percent": 100,
            "hz": 144
        },
        {
            "user": "Riptide",
            "link": "https://youtu.be/CFMvVErBWo8",
            "percent": 100,
            "hz": 120
        },
        {
            "user": "Decin0",
            "link": "https://youtu.be/3HaFXa3T7ug ",
            "percent": 100,
            "hz": 288
        },
        {
            "user": "Vink",
            "link": "https://youtu.be/d6wVSyyk2vY",
            "percent": 100,
            "hz": 120
        },
        {
            "user": "Delay",
            "link": "https://www.youtube.com/watch?v=VGe8qTvARlY",
            "percent": 100,
            "hz": 144
        },
        {
            "user": "iRaily",
            "link": "https://youtu.be/N3Qih7CiquM",
            "percent": 100,
            "hz": 288
        },
        {
            "user": "LazeeBee103",
            "link": "https://www.youtube.com/watch?v=WoKVSG2Fg4w",
            "percent": 100,
            "hz": 360
        },
        {
            "user": "m1nyong",
            "link": "https://www.youtube.com/watch?v=9W9aYqYicrU",
            "percent": 100,
            "hz": 360
        }
    ]
}
