{
    "id": 81073908,
    "name": "Shitty Erebus",
    "author": "AzielGD",
    "creators": [
    "Atotakai",
    "Fice"
    ],
    "verifier": "AzielGD",
    "verification": "https://youtu.be/MbUUiMJUvbA",
    "percentToQualify": 62,
    "records": [
        {
            "user": "ItsMeAlex25",
            "link": "https://www.youtube.com/watch?v=yyJoTYeQdQ0",
            "percent": 100,
            "hz": 240
        },
        {
            "user": "Pichufleta",
            "link": "https://www.youtube.com/watch?v=bb4sh_ulHNM",
            "percent": 100,
            "hz": 360
        },
        {
            "user": "Majesstic",
            "link": "https://youtu.be/Nw4YSzBGZmg",
            "percent": 62,
            "hz": 360
        }
    ]
}
