{
    "id": 76876795,
    "name": "Shitty Eternal Night",
    "author": "Myz",
    "creators": [],
    "verifier": "Davine_007",
    "verification": "https://www.youtube.com/watch?v=eDs_2Prjgeg",
    "percentToQualify": 52,
    "records": [
        {
            "user": "iRaily",
            "link": "https://youtu.be/qjCqzkkeM24",
            "percent": 100,
            "hz": 288
        },
        {
            "user": "Kenos Song",
            "link": "https://www.youtube.com/watch?v=R_-UwKw_OV4",
            "percent": 100,
            "hz": 360
        },
        {
            "user": "Doodle",
            "link": "https://youtu.be/9UDnuQh_XJc",
            "percent": 100,
            "hz": 288
        },
        {
            "user": "Hasik",
            "link": "https://youtu.be/kjPLvNhGDlg",
            "percent": 100,
            "hz": 165
        },
        {
            "user": "Andrxw",
            "link": "https://www.youtube.com/watch?v=Isi3vcP8QvE",
            "percent": 100,
            "hz": 144
        },
        {
            "user": "biskit",
            "link": "https://youtu.be/ulZwBE1dHNc",
            "percent": 100,
            "hz": 360
        },
        {
            "user": "Dandy Chiggins",
            "link": "https://youtu.be/zWxKDUFzOD4",
            "percent": 100,
            "hz": 360
        },
        {
            "user": "skeeb",
            "link": "https://www.youtube.com/watch?v=hVy9LsknX44",
            "percent": 100,
            "hz": 288
        },
        {
            "user": "Riptide",
            "link": "https://youtu.be/RspTCByH4JQ",
            "percent": 100,
            "hz": 120
        },
        {
            "user": "Samuuu18",
            "link": "https://youtu.be/Jjso5_B-dRw",
            "percent": 100,
            "hz": 360
        },
        {
            "user": "Timéo",
            "link": "https://www.youtube.com/watch?v=wCtGHS_e77o&ab_channel=Saoshirax%5BGD%5D",
            "percent": 100,
            "hz": 144
        },
        {
            "user": "HeartLess",
            "link": "https://youtu.be/YcuRXpjre0g",
            "percent": 100,
            "hz": 360
        },
        {
            "user": "zCodeB0y",
            "link": "https://youtu.be/pTTPlvVIyMs",
            "percent": 52,
            "hz": 60
        }
    ]
}
