{
    "id": 76024422,
    "name": "Shitty Eternity",
    "author": "IntriZ",
    "creators": [],
    "verifier": "IntriZ",
    "verification": "https://youtu.be/CTCuODQ_3ik",
    "percentToQualify": 100,
    "password": "652774",
    "records": [
        {
            "user": "Shel",
            "link": "https://youtu.be/6IjE8OhS0X4",
            "percent": 100,
            "hz": 144
        },
        {
            "user": "iRaily",
            "link": "https://youtu.be/w5GHYDOlM9k",
            "percent": 100,
            "hz": 288
        },
        {
            "user": "BlackChaleur",
            "link": "https://www.youtube.com/watch?v=LLgnxxQGlRQ",
            "percent": 100,
            "hz": 240
        },
        {
            "user": "LzKlauss",
            "link": "https://www.youtube.com/watch?v=VttK6P-iEp4",
            "percent": 100,
            "hz": 240
        },
        {
            "user": "T333",
            "link": "https://youtu.be/9V4hO3H2G38",
            "percent": 100,
            "hz": 240
        },
        {
            "user": "Riptide",
            "link": "https://youtu.be/ZOMgiMIfojM",
            "percent": 100,
            "hz": 120
        },
        {
            "user": "AzielGD",
            "link": "https://youtu.be/0mViThxvuo0",
            "percent": 100,
            "hz": 60,
            "mobile": true
        }
    ]
}
