{
    "id": 77046044,
    "name": "Shitty Ethereal Artifice",
    "author": "Luke",
    "creators": ["chspchips", "Scarlett", "Strix", "RadioY", "Whitar", "Myz", "SupaX_", "IHas", "Microwaveee", "T333"],
    "verifier": "Andrew14916",
    "verification": "https://www.youtube.com/watch?v=BovJebfj09I",
    "percentToQualify": 60,
    "records": [
        {
            "user": "T333",
            "link": "https://youtu.be/6VR4gYvHrwg",
            "percent": 100,
            "hz": 240
        },
        {
            "user": "attrixia",
            "link": "https://www.youtube.com/watch?v=nn7Pjo3LfjQ",
            "percent": 100,
            "hz": 150
        },
        {
            "user": "Riptide",
            "link": "https://youtu.be/e7QnBKvzy-A",
            "percent": 100,
            "hz": 120
        },
        {
            "user": "BrightBird",
            "link": "https://www.youtube.com/watch?v=Ib0CpI6j8vM",
            "percent": 100,
            "hz": 288
        },
        {
            "user": "Emonadeo",
            "link": "https://www.youtube.com/watch?v=hine6oSk-60",
            "percent": 100,
            "hz": 240
        }
    ]
}
