{
    "id": 75291595,
    "name": "Shitty EXPLICIT",
    "author": "FireRift",
    "creators": [],
    "verifier": "Slayer",
    "verification": "https://youtu.be/m2sf7dsA9Qk",
    "percentToQualify": 100,
    "password": "654783",
    "records": [
        {
            "user": "iRaily",
            "link": "https://youtu.be/a3HwCXyrYg8",
            "percent": 100,
            "hz": 288
        },
        {
            "user": "Jef",
            "link": "https://www.youtube.com/watch?v=8JoH62xJDxk",
            "percent": 100,
            "hz": 360
        },
        {
            "user": "Samuuu18",
            "link": "https://youtu.be/oGVeNl2Rofw",
            "percent": 100,
            "hz": 360
        },
        {
            "user": "Tai0",
            "link": "https://www.youtube.com/watch?v=h2WoeNymQWE",
            "percent": 100,
            "hz": 144
        },
        {
            "user": "WauksGD",
            "link": "https://youtu.be/dN15gHWnqh8",
            "percent": 100,
            "hz": 144
        },
        {
            "user": "Matthlew",
            "link": "https://youtu.be/LjAskxNtFGk",
            "percent": 100,
            "hz": 144
        },
        {
            "user": "Delay",
            "link": "https://www.youtube.com/watch?v=C4V9YaQq_BM",
            "percent": 100,
            "hz": 144
        },
        {
            "user": "Zan",
            "link": "https://www.youtube.com/watch?v=5hrYBTp9PJ0",
            "percent": 100,
            "hz": 288
        },
        {
            "user": "BlackChaleur",
            "link": "https://youtu.be/27WmfKuxbrM",
            "percent": 100,
            "hz": 240
        },
        {
            "user": "zDusti",
            "link": "https://www.youtube.com/watch?v=v3qSRQvjOWA",
            "percent": 100,
            "hz": 360
        },
        {
            "user": "CookieGMD",
            "link": "https://www.youtube.com/watch?v=UCjEoKDnbPM",
            "percent": 100,
            "hz": 360
        },
        {
            "user": "ii_Savageboy",
            "link": "https://www.youtube.com/watch?v=w1LRzJjAldA",
            "percent": 100,
            "hz": 144
        },
        {
            "user": "bnuuy",
            "link": "https://www.youtube.com/watch?v=dRuRUWfuGzQ",
            "percent": 100,
            "hz": 240
        },
        {
            "user": "ObvSilver",
            "link": "https://youtu.be/xoiiwnHCXMw",
            "percent": 100,
            "hz": 165
        },
        {
            "user": "Armani",
            "link": "https://youtu.be/dG-sqAEMFqc",
            "percent": 100,
            "hz": 360
        },
        {
            "user": "DogeyBoi",
            "link": "https://www.youtube.com/watch?v=ej_s__Xllus",
            "percent": 100,
            "hz": 360
        },
        {
            "user": "T333",
            "link": "https://youtu.be/WiyIIMiBsZw",
            "percent": 100,
            "hz": 240
        },
        {
            "user": "GD Leaf",
            "link": "https://youtu.be/VmWKAjm2I5Y",
            "percent": 100,
            "hz": 360
        },
        {
            "user": "Riptide",
            "link": "https://youtu.be/aNP3EQN6H68",
            "percent": 100,
            "hz": 120
        },
        {
            "user": "moab",
            "link": "https://youtu.be/Nl7HeOR7yj4",
            "percent": 100,
            "hz": 240
        },
        {
            "user": "vKaii",
            "link": "https://www.youtube.com/watch?v=FG6IanWpF-Y",
            "percent": 100,
            "hz": 360
        },
        {
            "user": "Oblivion7",
            "link": "https://www.youtube.com/watch?v=va0RX_TKbOA",
            "percent": 100,
            "hz": 120
        },
        {
            "user": "Invinceicube",
            "link": "https://youtu.be/MDop3hkM5Wg",
            "percent": 100,
            "hz": 240
        },
        {
            "user": "h4tecr1me.",
            "link": "https://www.youtube.com/watch?v=NIRrEtuBSm4",
            "percent": 100,
            "hz": 240
        },
        {
            "user": "Gamez",
            "link": "https://youtu.be/ZV0XtJj5Xhc?t=213",
            "percent": 100,
            "hz": 144
        },
        {
            "user": "Unacow",
            "link": "https://www.youtube.com/watch?v=1JhQ4eL0E1Y&list=PLVubV1vSd81q0A_93Nl0_hyk20gmQtoP3&index=12",
            "percent": 100,
            "hz": 240
        },
        {
            "user": "Andromxda",
            "link": "https://youtu.be/F5bvebR3348",
            "percent": 100,
            "hz": 144
        },
        {
            "user": "MustafaAydin",
            "link": "https://youtu.be/TEgRF3dmzp0",
            "percent": 100,
            "hz": 240
        },
        {
            "user": "ThatGuyFroGG",
            "link": "https://www.youtube.com/watch?v=AiH64zgZlEA",
            "percent": 100,
            "hz": 360
        },
        {
            "user": "Vaoen",
            "link": "https://youtu.be/fX64Wcqfj9o",
            "percent": 100,
            "hz": 288
        },
        {
            "user": "biskit",
            "link": "https://youtu.be/nxOhQu8qonM",
            "percent": 100,
            "hz": 360
        },
        {
            "user": "Asuith",
            "link": "https://www.youtube.com/watch?v=79PNKMr2D80",
            "percent": 100,
            "hz": 240
        },
        {
            "user": "Bamvie",
            "link": "https://youtu.be/FLEg8mHnFi8",
            "percent": 100,
            "hz": 120
        },
        {
            "user": "TboyGD",
            "link": "https://www.youtube.com/watch?v=_c32aq8RQxY",
            "percent": 100,
            "hz": 360
        },
        {
            "user": "Joriuhas",
            "link": "https://youtu.be/ZwamQOC9NLU",
            "percent": 100,
            "hz": 165
        },
        {
            "user": "artlessartichoke",
            "link": "https://youtu.be/7GgMhoemoAw",
            "percent": 100,
            "hz": 144
        },
        {
            "user": "ImSqueam",
            "link": "https://www.youtube.com/watch?v=umx-1XiChs0&ab_channel=ImSqueam",
            "percent": 100,
            "hz": 144
        },
        {
            "user": "asdsdvb",
            "link": "https://www.youtube.com/watch?v=3idfkU5_SMg",
            "percent": 100,
            "hz": 240
        }
    ]
}
