{
    "id": 80791649,
    "name": "Shitty Factory Realm X",
    "author": "Dep96",
    "creators": [],
    "verifier": "JJw128",
    "verification": "https://www.youtube.com/watch?v=svdEE6JEASE",
    "percentToQualify": 100,
    "records": [
        {
            "user": "Dep96",
            "link": "https://www.youtube.com/watch?v=X_zQVwmZ31Y",
            "percent": 100,
            "hz": 360
        },
        {
            "user": "WaveWarrior",
            "link": "https://youtu.be/bLG7FZ77iRo",
            "percent": 100,
            "hz": 240
        }
    ]
}
