{
    "id": 69916144,
    "name": "Shitty Fragile",
    "author": "Bluuper",
    "creators": [],
    "verifier": "Bluuper",
    "verification": "https://www.youtube.com/watch?v=SMDQjZ2GiW0&ab_channel=Bluupers",
    "percentToQualify": 100,
    "records": [
        {
            "user": "Tai0",
            "link": "https://youtu.be/jkBGIApO8a4",
            "percent": 100,
            "hz": 144
        },
        {
            "user": "Frozono",
            "link": "https://youtu.be/GjMJNQEV92U",
            "percent": 100,
            "hz": 60
        },
        {
            "user": "Holojen",
            "link": "https://youtu.be/DXFq5DjNgo8",
            "percent": 100,
            "hz": 288
        },
        {
            "user": "iRaily",
            "link": "https://youtu.be/h-BQemNf8Jk",
            "percent": 100,
            "hz": 288
        },
        {
            "user": "Fabricorn",
            "link": "https://youtu.be/igk-2AJvzW0",
            "percent": 100,
            "hz": 288
        },
        {
            "user": "Kobra456",
            "link": "https://www.youtube.com/watch?v=Y9u4617m7JY",
            "percent": 100,
            "hz": 288
        },
        {
            "user": "Nolife",
            "link": "https://youtu.be/PRNTyV416QI",
            "percent": 100,
            "hz": 165
        },
        {
            "user": "Shel",
            "link": "https://www.youtube.com/watch?v=zHBBCfROdxA",
            "percent": 100,
            "hz": 144
        },
        {
            "user": "Santyr",
            "link": "https://youtu.be/dIFRJV0D8vY",
            "percent": 100,
            "hz": 360
        },
        {
            "user": "Lhiquidd",
            "link": "https://youtu.be/uOKRG659Wto",
            "percent": 100,
            "hz": 360
        },
        {
            "user": "GD CrimsonKing22",
            "link": "https://www.youtube.com/watch?v=nCrZHGOum4s&ab_channel=GDCrimsonKing22",
            "percent": 100,
            "hz": 288
        },
        {
            "user": "attrixia",
            "link": "https://youtu.be/2hVcIjZq5_U",
            "percent": 100,
            "hz": 150
        },
        {
            "user": "WilltheRen",
            "link": "https://youtu.be/uP8KEYPPSF8",
            "percent": 100,
            "hz": 165
        },
        {
            "user": "Dandy Chiggins",
            "link": "https://www.youtube.com/watch?v=Wv6mVIKh32c",
            "percent": 100,
            "hz": 240
        },
        {
            "user": "zygimantux",
            "link": "https://www.youtube.com/watch?v=nL9U_BQ1ozs",
            "percent": 100,
            "hz": 144
        },
        {
            "user": "Riptide",
            "link": "https://youtu.be/tuKcR1BC2vM",
            "percent": 100,
            "hz": 120
        },
        {
            "user": "biskit",
            "link": "https://youtu.be/r4121DXtqKA",
            "percent": 100,
            "hz": 360
        },
        {
            "user": "Samuuu18",
            "link": "https://www.youtube.com/watch?v=NqMDivqvL1c",
            "percent": 100,
            "hz": 360
        },
        {
            "user": "Spaace",
            "link": "https://youtu.be/S81rTiKrZuU",
            "percent": 100,
            "hz": 120
        },
        {
            "user": "zorsti",
            "link": "https://youtu.be/QLvd3ps9FrI",
            "percent": 100,
            "hz": 144
        },
        {
            "user": "HeartLess",
            "link": "https://youtu.be/2GCxscqsG-A?t=90",
            "percent": 100,
            "hz": 360
        }
    ]
}
