{
    "id": 64483760,
    "name": "Shitty Fragmented",
    "author": "jah",
    "creators": [],
    "verifier": "jah",
    "verification": "https://www.youtube.com/watch?v=vPJpFE4fjVo",
    "percentToQualify": 100,
    "password": "Free to Copy",
    "records": [
        {
            "user": "WhatsApp",
            "link": "https://youtu.be/0hPjw6wpv_w",
            "percent": 100,
            "hz": 288
        },
        {
            "user": "BensonGD",
            "link": "https://www.twitch.tv/videos/790221813",
            "percent": 100,
            "hz": 300
        },
        {
            "user": "Kobra456",
            "link": "https://www.youtube.com/watch?v=NFDjSy7oQQ0",
            "percent": 100,
            "hz": 144
        },
        {
            "user": "Sydney",
            "link": "https://youtu.be/EUC4P2_1Fcc",
            "percent": 100,
            "hz": 288
        },
        {
            "user": "XLGamer10",
            "link": "https://youtu.be/V1rQALq5dEA",
            "percent": 100,
            "hz": 288
        },
        {
            "user": "wshedd",
            "link": "https://youtu.be/Fp-gx4GGhac",
            "percent": 100,
            "hz": 144
        },
        {
            "user": "GDMeric",
            "link": "https://youtu.be/1v4h3ppqbIA",
            "percent": 100,
            "hz": 288
        },
        {
            "user": "LucasFLR",
            "link": "https://youtu.be/68i8loF1E-s",
            "percent": 100,
            "hz": 120
        },
        {
            "user": "Vink",
            "link": "https://youtu.be/qfzcxYmfLU4",
            "percent": 100,
            "hz": 120
        },
        {
            "user": "ZerniasX",
            "link": "https://youtu.be/cVaWNEju4dI",
            "percent": 100,
            "hz": 300
        },
        {
            "user": "GabeLucario",
            "link": "https://www.youtube.com/watch?v=ByVA33h-gNs",
            "percent": 100,
            "hz": 240
        },
        {
            "user": "IDeltaPhantomI",
            "link": "https://youtu.be/vIU7XZNPxVk",
            "percent": 100,
            "hz": 240
        },
        {
            "user": "LLunaa",
            "link": "https://www.youtube.com/watch?v=QFdOgsDybWg",
            "percent": 100,
            "hz": 240
        },
        {
            "user": "Magmeta",
            "link": "https://www.youtube.com/watch?v=Xr48Uelzj_w",
            "percent": 100,
            "hz": 240
        },
        {
            "user": "iCodic",
            "link": "https://youtu.be/fvEKf9nYloM",
            "percent": 100,
            "hz": 240
        },
        {
            "user": "sand1234",
            "link": "https://www.youtube.com/watch?v=KG6_0s_Dv-A&ab_channel=sandstormy",
            "percent": 100,
            "hz": 240
        },
        {
            "user": "Renar333",
            "link": "https://youtu.be/Mop0XSAJti4",
            "percent": 100,
            "hz": 180
        },
        {
            "user": "SrGuillester",
            "link": "https://www.youtube.com/watch?v=fHqhy9bO00o",
            "percent": 100,
            "hz": 144
        },
        {
            "user": "Dustik",
            "link": "https://youtu.be/xd5YIgcdwkE",
            "percent": 100,
            "hz": 144
        },
        {
            "user": "gdXposed",
            "link": "https://youtu.be/0kdbdeNcp1o",
            "percent": 100,
            "hz": 240
        },
        {
            "user": "Brinnn",
            "link": "https://youtu.be/dL4EdeZ2Yfg",
            "percent": 100,
            "hz": 120
        },
        {
            "user": "Derek46",
            "link": "https://www.youtube.com/watch?v=kKSyTR1EUqM",
            "percent": 100,
            "hz": 240
        },
        {
            "user": "Tai0",
            "link": "https://youtu.be/Xa1InTkDGyM",
            "percent": 100,
            "hz": 144
        },
        {
            "user": "BlueTomcat",
            "link": "https://youtu.be/e9JDfA6H1wQ",
            "percent": 100,
            "hz": 144
        },
        {
            "user": "Realiosteelio",
            "link": "https://youtu.be/jRF6xcjA2KU",
            "percent": 100,
            "hz": 360
        },
        {
            "user": "TH54",
            "link": "https://youtu.be/CDDVSHaq3-o",
            "percent": 100,
            "hz": 360
        },
        {
            "user": "Kresuu",
            "link": "https://www.youtube.com/watch?v=6rExjV4fkSk",
            "percent": 100,
            "hz": 144
        },
        {
            "user": "SupaX_",
            "link": "https://youtu.be/CnCfBm-g0cQ",
            "percent": 100,
            "hz": 240
        },
        {
            "user": "iRaily",
            "link": "https://youtu.be/a6klDeL8h2I",
            "percent": 100,
            "hz": 288
        },
        {
            "user": "Fh1r",
            "link": "https://www.youtube.com/watch?v=5509hMB0Eyc",
            "percent": 100,
            "hz": 240
        },
        {
            "user": "ItzMira",
            "link": "https://youtu.be/OgfEO5zeRXo",
            "percent": 100,
            "hz": 240
        },
        {
            "user": "trashed",
            "link": "https://www.youtube.com/watch?v=w5pz3wrXuBg",
            "percent": 100,
            "hz": 288
        },
        {
            "user": "Rialyy",
            "link": "https://youtu.be/O9wS_20-yUQ",
            "percent": 100,
            "hz": 225
        },
        {
            "user": "vex",
            "link": "https://www.youtube.com/watch?v=Q-e1FTGk3M4",
            "percent": 100,
            "hz": 144
        },
        {
            "user": "MeatGaming",
            "link": "https://www.youtube.com/watch?v=dMCo_lYNO_Q",
            "percent": 80,
            "hz": 144
        },
        {
            "user": "GD CrimsonKing22",
            "link": "https://www.youtube.com/watch?v=xV_DGeqO7mE&ab_channel=GDCrimsonKing22",
            "percent": 100,
            "hz": 288
        },
        {
            "user": "bnuuy",
            "link": "https://www.youtube.com/watch?v=4w3mBhfyGEQ",
            "percent": 100,
            "hz": 240
        },
        {
            "user": "Sushiboys",
            "link": "https://www.youtube.com/watch?v=TE9Qf2Alu-I",
            "percent": 100,
            "hz": 300
        },
        {
            "user": "h4tecr1me.",
            "link": "https://www.youtube.com/watch?v=qO5HIJEQF-E",
            "percent": 100,
            "hz": 144
        },
        {
            "user": "Shel",
            "link": "https://youtu.be/j5KwgG9rNMk",
            "percent": 100,
            "hz": 144
        },
        {
            "user": "attrixia",
            "link": "https://youtu.be/L61ICoazbXU",
            "percent": 100,
            "hz": 150
        },
        {
            "user": "Willow",
            "link": "https://youtu.be/JwViT-7i-v4",
            "percent": 100,
            "hz": 360
        },
        {
            "user": "Ivystar",
            "link": "https://www.youtube.com/watch?v=KTxw7MOn32E",
            "percent": 100,
            "hz": 360
        },
        {
            "user": "Nolife",
            "link": "https://www.youtube.com/watch?v=lw6t7uQrGks",
            "percent": 100,
            "hz": 240
        },
        {
            "user": "WilltheRen",
            "link": "https://www.youtube.com/7r2gmBbvN8E",
            "percent": 100,
            "hz": 165
        },
        {
            "user": "Armani",
            "link": "https://youtu.be/jQjgyu9pifc",
            "percent": 100,
            "hz": 360
        },
        {
            "user": "DogeyBoi",
            "link": "https://www.youtube.com/watch?v=XPWUvYkf35c",
            "percent": 100,
            "hz": 165
        },
        {
            "user": "Dex TLC",
            "link": "https://www.youtube.com/watch?v=mp9pbTywoZk",
            "percent": 100,
            "hz": 144
        },
        {
            "user": "zowl",
            "link": "https://youtu.be/lq7MTbV56eg",
            "percent": 100,
            "hz": 240
        },
        {
            "user": "homegrowntag",
            "link": "https://youtu.be/GCZuyyQmQtk",
            "percent": 100,
            "hz": 144
        }
    ]
}
