{
    "id": 72850304,
    "name": "Shitty Friday Vortex",
    "author": "iRaily",
    "creators": [],
    "verifier": "iRaily",
    "verification": "https://youtu.be/zOjQHkun9PE",
    "percentToQualify": 100,
    "records": [
        {
            "user": "BlueTomcat",
            "link": "https://youtu.be/4S8eg46hGew",
            "percent": 100,
            "hz": 288
        },
        {
            "user": "Nolife",
            "link": "https://www.youtube.com/watch?v=Xcnu0wi4mTs",
            "percent": 100,
            "hz": 240
        },
        {
            "user": "Tai0",
            "link": "https://youtu.be/HNyxe929O1o",
            "percent": 100,
            "hz": 144
        },
        {
            "user": "Sushiboys",
            "link": "https://youtu.be/jXdbK-dBCTA",
            "percent": 100,
            "hz": 300
        },
        {
            "user": "Shel",
            "link": "https://youtu.be/pN1xBh0kjus",
            "percent": 100,
            "hz": 144
        },
        {
            "user": "Delay",
            "link": "https://www.youtube.com/watch?v=VWjyWMabGH0",
            "percent": 100,
            "hz": 240
        },
        {
            "user": "Willow",
            "link": "https://www.youtube.com/watch?v=ZFqyD9pHKco",
            "percent": 100,
            "hz": 360
        },
        {
            "user": "T333",
            "link": "https://youtu.be/sA9aYgW1hNw",
            "percent": 100,
            "hz": 240
        },
        {
            "user": "ZerniasX",
            "link": "https://youtu.be/8FQClmc-9hc",
            "percent": 100,
            "hz": 360
        },
        {
            "user": "CrokyTheKiwi",
            "link": "https://youtu.be/dnBec3e6gEY",
            "percent": 100,
            "hz": 360
        },
        {
            "user": "Micro",
            "link": "https://youtu.be/MRwQOzjMVGQ",
            "percent": 100,
            "hz": 144
        },
        {
            "user": "ddddr",
            "link": "https://www.youtube.com/watch?v=dpo_iBWX9lE",
            "percent": 100,
            "hz": 360
        },
        {
            "user": "Fh1r",
            "link": "https://www.youtube.com/watch?v=4e4IsRhibJo",
            "percent": 100,
            "hz": 240
        },
        {
            "user": "flavinitrate",
            "link": "https://www.bilibili.com/video/BV1TB4y1t7F8?share_source=copy_web&vd_source=c5c229b60a7286439838a118bfda2ffd",
            "percent": 100,
            "hz": 288
        },
        {
            "user": "ABSOLUT",
            "link": "https://youtu.be/Yc5JJVHmgys",
            "percent": 100,
            "hz": 120
        },
        {
            "user": "Stell06",
            "link": "https://www.youtube.com/watch?v=lBgfpiUCnGQ&ab_channel=Stell06",
            "percent": 100,
            "hz": 360
        }
    ]
}
