{
    "id": 63487281,
    "name": "Shitty Gang Plank Hell",
    "author": "AcropolisBoy",
    "creators": [
        "ZekronGD",
        "Aassbll",
        "DeadshotHD",
        "HDLink13",
        "TheKate",
        "Jackieriz",
        "Williams8080"
    ],
    "verifier": "AcropolisBoy",
    "verification": "https://www.youtube.com/watch?v=FGARY9mestA",
    "percentToQualify": 100,
    "records": [
        {
            "user": "WhatsApp",
            "link": "https://youtu.be/1hAod4IrjPA",
            "percent": 100,
            "hz": 288
        },
        {
            "user": "TH54",
            "link": "https://youtu.be/0MyuhTiTJTo",
            "percent": 100,
            "hz": 240
        },
        {
            "user": "GDMeric",
            "link": "https://youtu.be/rAxXAem7mSQ",
            "percent": 100,
            "hz": 144
        },
        {
            "user": "Sydney",
            "link": "https://youtu.be/HOYz0APlPiY",
            "percent": 100,
            "hz": 288
        },
        {
            "user": "Ryclix",
            "link": "https://www.youtube.com/watch?v=XAxgqPcO4aA&t=766s",
            "percent": 100,
            "hz": 288
        },
        {
            "user": "Kobra456",
            "link": "https://www.youtube.com/watch?v=fUYKC3Obhf8",
            "percent": 100,
            "hz": 144
        },
        {
            "user": "LowBG",
            "link": "https://youtu.be/-dgzvC3qFqo",
            "percent": 100,
            "hz": 240
        },
        {
            "user": "FakeRodri",
            "link": "https://www.youtube.com/watch?v=02T81NtQNLM&t=1s",
            "percent": 100,
            "hz": 240
        },
        {
            "user": "XLGamer10",
            "link": "https://youtu.be/BlJ4TBolXOo",
            "percent": 100,
            "hz": 288
        },
        {
            "user": "ZerniasX",
            "link": "https://youtu.be/pUcmD5lcrjk",
            "percent": 100,
            "hz": 100
        },
        {
            "user": "SupaX_",
            "link": "https://youtu.be/rdcRqTBjSzY",
            "percent": 100,
            "hz": 300
        },
        {
            "user": "Zan",
            "link": "https://www.youtube.com/watch?v=o7_Ueg0UVN4",
            "percent": 100,
            "hz": 144
        },
        {
            "user": "Dustik",
            "link": "https://www.youtube.com/watch?v=NlhR2ITHEkE&ab_channel=Dustik",
            "percent": 100,
            "hz": 144
        },
        {
            "user": "Podingo",
            "link": "https://youtu.be/kgCsj7U_9lE",
            "percent": 100,
            "hz": 75
        },
        {
            "user": "IDeltaPhantomI",
            "link": "https://youtu.be/LwCDe6OWMaQ",
            "percent": 100,
            "hz": 240
        },
        {
            "user": "ddddr",
            "link": "https://www.youtube.com/watch?v=xBQMfYqgIW0",
            "percent": 100,
            "hz": 144
        },
        {
            "user": "SrGuillester",
            "link": "https://www.youtube.com/watch?v=fHqhy9bO00o",
            "percent": 100,
            "hz": 144
        },
        {
            "user": "DevExit",
            "link": "https://youtu.be/LCHUDV5DEqA",
            "percent": 100,
            "hz": 144
        },
        {
            "user": "iRaily",
            "link": "https://youtu.be/UB4KaJ6-DvM",
            "percent": 100,
            "hz": 288
        },
        {
            "user": "Tai0",
            "link": "https://youtu.be/D936V2mobsw",
            "percent": 100,
            "hz": 90
        },
        {
            "user": "NoCtrl",
            "link": "https://youtu.be/9fylOj5f5fE",
            "percent": 100,
            "hz": 144
        },
        {
            "user": "Holojen",
            "link": "https://youtu.be/6l4b8D-t7h0",
            "percent": 100,
            "hz": 288
        },
        {
            "user": "danialves555",
            "link": "https://youtu.be/ZkWr0f1O4As",
            "percent": 100,
            "hz": 240
        },
        {
            "user": "LHenrique",
            "link": "https://youtu.be/nvJa458zFWA",
            "percent": 100,
            "hz": 240
        },
        {
            "user": "Shel",
            "link": "https://www.youtube.com/watch?v=yHKMgYETQak",
            "percent": 100,
            "hz": 144
        },
        {
            "user": "6ixT6",
            "link": "https://youtu.be/ZhwJLo0WHFI",
            "percent": 100,
            "hz": 144
        },
        {
            "user": "Kanekigh",
            "link": "https://youtu.be/J22AUZooUyg",
            "percent": 100,
            "hz": 240
        },
        {
            "user": "iriswolfx",
            "link": "https://www.youtube.com/watch?v=ggD_fT4kTX4",
            "percent": 100,
            "hz": 290
        },
        {
            "user": "KylashTheKiller",
            "link": "https://youtu.be/fS6nnL6JNnA",
            "percent": 100,
            "hz": 60
        },
        {
            "user": "CuttNSee",
            "link": "https://www.youtube.com/watch?v=tQJxuG-HNh0",
            "percent": 100,
            "hz": 240
        },
        {
            "user": "T333",
            "link": "https://www.youtube.com/watch?v=alx3QTUu6io",
            "percent": 100,
            "hz": 240
        },
        {
            "user": "kasiaUwU",
            "link": "https://youtu.be/x3wstcfxdg4",
            "percent": 100,
            "hz": 240
        }
    ]
}
