{
    "id": 69668659,
    "name": "Shitty Generic Wave",
    "author": "chspchips",
    "creators": [],
    "verifier": "iRaily",
    "verification": "https://www.youtube.com/watch?v=xWj5ObViYkA",
    "percentToQualify": 100,
    "records": [
        {
            "user": "Fh1r",
            "link": "https://youtu.be/ED3EXjHbrz0?t=95",
            "percent": 100,
            "hz": 240
        },
        {
            "user": "RazerJCZ",
            "link": "https://www.youtube.com/watch?v=XSzrE67920Y&ab",
            "percent": 100,
            "hz": 240
        },
        {
            "user": "Myz",
            "link": "https://www.youtube.com/watch?v=r0IpjPeNZ9M",
            "percent": 100,
            "hz": 360
        },
        {
            "user": "BlueTomcat",
            "link": "https://www.youtube.com/watch?v=yukZuJeyglE",
            "percent": 100,
            "hz": 288
        },
        {
            "user": "Frozono",
            "link": "https://www.youtube.com/watch?v=TXAgdW1uwUg",
            "percent": 100,
            "hz": 60
        },
        {
            "user": "IDeltaPhantomI",
            "link": "https://youtu.be/_CWUQzFDWXg",
            "percent": 100,
            "hz": 360
        },
        {
            "user": "Kobra456",
            "link": "https://www.youtube.com/watch?v=Y9u4617m7JY",
            "percent": 100,
            "hz": 288
        },
        {
            "user": "Tai0",
            "link": "https://youtu.be/IHi_wNtUDnI",
            "percent": 100,
            "hz": 144
        },
        {
            "user": "GD CrimsonKing22",
            "link": "https://www.youtube.com/watch?v=lftw_IGvlZA&ab_channel=GDCrimsonKing22",
            "percent": 100,
            "hz": 288
        },
        {
            "user": "Echo",
            "link": "https://www.youtube.com/watch?v=hrc5b47UiqE",
            "percent": 100,
            "hz": 120
        },
        {
            "user": "AmogusSus1",
            "link": "https://www.youtube.com/watch?v=XSzrE67920Y",
            "percent": 100,
            "hz": 60
        },
        {
            "user": "Delay",
            "link": "https://www.youtube.com/watch?v=G50XYqcL4qQ&t=28s",
            "percent": 100,
            "hz": 240
        },
        {
            "user": "Shel",
            "link": "https://youtu.be/qZXDSoZEEZU",
            "percent": 100,
            "hz": 144
        },
        {
            "user": "KylashTheKiller",
            "link": "https://www.youtube.com/watch?v=VeKaust1cWs",
            "percent": 100,
            "hz": 60
        },
        {
            "user": "WilltheRen",
            "link": "https://youtu.be/uP8KEYPPSF8",
            "percent": 100,
            "hz": 165
        },
        {
            "user": "DeNora17",
            "link": "https://youtu.be/OWmgj1mu5YQ",
            "percent": 66,
            "hz": 240
        },
        {
            "user": "LinedriveGD",
            "link": "https://www.youtube.com/watch?v=mTaLbPZhq5s",
            "percent": 100,
            "hz": 300
        },
        {
            "user": "M1nYong",
            "link": "https://youtu.be/7KVt8KhUNAg",
            "percent": 100,
            "hz": 360
        },
        {
            "user": "ImCrisGD",
            "link": "https://www.youtube.com/watch?v=YHQR4bna5Ao&ab_channel=ImCrisGD",
            "percent": 65,
            "hz": 240
        },
        {
            "user": "Korvak",
            "link": "https://youtu.be/4CO8MzsuFqg",
            "percent": 100,
            "hz": 288
        },
        {
            "user": "biskit",
            "link": "https://www.youtube.com/watch?v=Dk9cgbXwD9U",
            "percent": 100,
            "hz": 360
        }
    ]
}
