{
    "id": 73411382,
    "name": "Shitty Golden Paracosm",
    "author": "iRaily",
    "creators": [],
    "verifier": "iRaily",
    "verification": "https://youtu.be/CvUnhuUV8BQ",
    "percentToQualify": 100,
    "records": [
        {
            "user": "Fh1r",
            "link": "https://www.youtube.com/watch?v=jV0YO-T498M",
            "percent": 100,
            "hz": 240
        },
        {
            "user": "Sushiboys",
            "link": "https://youtu.be/O0_hErFSOAo",
            "percent": 100,
            "hz": 300
        },
        {
            "user": "Tai0",
            "link": "https://youtu.be/5gNgUOO1R2Y",
            "percent": 100,
            "hz": 144
        },
        {
            "user": "PinkCotton",
            "link": "https://youtu.be/VSwcAhSrJT8",
            "percent": 100,
            "hz": 240
        },
        {
            "user": "Delay",
            "link": "https://www.youtube.com/watch?v=BPSwbH4NS4k",
            "percent": 100,
            "hz": 240
        },
        {
            "user": "Nolife",
            "link": "https://www.youtube.com/watch?v=yQ1yJGyX_tw",
            "percent": 100,
            "hz": 240
        },
        {
            "user": "LinedriveGD",
            "link": "https://www.youtube.com/watch?v=mTaLbPZhq5s",
            "percent": 100,
            "hz": 300
        },
        {
            "user": "T333",
            "link": "https://youtu.be/nufyutj_tqU",
            "percent": 100,
            "hz": 240
        },
        {
            "user": "LzKlauss",
            "link": "https://www.youtube.com/watch?v=i-vCIZeI7Mc",
            "percent": 100,
            "hz": 360
        },
        {
            "user": "IDeltaPhantomI",
            "link": "https://youtu.be/Eq45Zb3tcMg",
            "percent": 100,
            "hz": 360
        },
        {
            "user": "Samuuu18",
            "link": "https://www.youtube.com/watch?v=47S54BwTFRY",
            "percent": 100,
            "hz": 360
        },
        {
            "user": "BlackChaleur",
            "link": "https://youtu.be/Ijs8kun66-o",
            "percent": 100,
            "hz": 360
        }
    ]
}
