{
    "id": 78660021,
    "name": "Shitty GONER",
    "author": "Sulky",
    "creators": [],
    "verifier": "Sulky",
    "verification": "https://www.youtube.com/watch?v=O9awiX3mnCo",
    "percentToQualify": 100,
    "records": [
        {
            "user": "KylashTheKiller",
            "link": "https://www.youtube.com/watch?v=hNp4OYs2ECw",
            "percent": 100,
            "hz": 60
        },
        {
            "user": "Troy3",
            "link": "https://youtu.be/qyG78-wSwak",
            "percent": 100,
            "hz": 180
        },
        {
            "user": "Samuuu18",
            "link": "https://youtu.be/-4C6_rFGj8Q",
            "percent": 100,
            "hz": 360
        },
        {
            "user": "WauksGD",
            "link": "https://www.youtube.com/watch?v=JiqcSxnmevE",
            "percent": 100,
            "hz": 144
        },
        {
            "user": "Vink",
            "link": "https://youtu.be/z9xvvWdyCeE",
            "percent": 100,
            "hz": 120
        },
        {
            "user": "Armani",
            "link": "https://youtu.be/WEN31g9PuwY",
            "percent": 100,
            "hz": 360
        },
        {
            "user": "Riptide",
            "link": "https://youtu.be/a72PG6yxPO4",
            "percent": 100,
            "hz": 120
        },
        {
            "user": "Decin0",
            "link": "https://youtu.be/SHRZFFo42T4",
            "percent": 100,
            "hz": 360
        },
        {
            "user": "Vaoen",
            "link": "https://www.twitch.tv/videos/1311285515",
            "percent": 100,
            "hz": 288
        },
        {
            "user": "Alaniz004",
            "link": "https://www.youtube.com/watch?v=hUYEcRKkrho",
            "percent": 100,
            "hz": 360
        },
        {
            "user": "Freikz",
            "link": "https://youtu.be/mYwdDgfLJt4",
            "percent": 100,
            "hz": 360
        },
        {
            "user": "BrightBird",
            "link": "https://youtu.be/DuuIt9PzyYA",
            "percent": 100,
            "hz": 288
        },
        {
            "user": "LzKlauss",
            "link": "https://www.youtube.com/watch?v=DU1ONGYNbeI",
            "percent": 100,
            "hz": 360
        },
        {
            "user": "Cuin",
            "link": "https://youtu.be/zxvKD36i4vU",
            "percent": 100,
            "hz": 240
        },
        {
            "user": "Kopre",
            "link": "https://youtu.be/n0OomyQc5Dc",
            "percent": 100,
            "hz": 144
        },
        {
            "user": "JASM1818",
            "link": "https://youtu.be/_wVvHBUfPV4",
            "percent": 100,
            "hz": 240
        },
        {
            "user": "WaveWarrior",
            "link": "https://youtu.be/MIpDX05LV5o",
            "percent": 100,
            "hz": 240
        },
        {
            "user": "DaddyCat",
            "link": "https://youtu.be/EO1Q4xTCqpc",
            "percent": 100,
            "hz": 240
        }
    ]
}
