{
    "id": 79765265,
    "name": "Shitty Gravity",
    "author": "swStomP",
    "creators": [],
    "verifier": "CreeevyAG",
    "verification": "https://youtu.be/fL4BQB1ZNcU",
    "percentToQualify": 100,
    "password": "Not Copyable",
    "records": [
        {
            "user": "VenialCelery",
            "link": "https://www.youtube.com/watch?v=tgrQNNBFiIY",
            "percent": 100,
            "hz": 360
        },
        {
            "user": "GDLoganPlays",
            "link": "https://www.youtube.com/watch?v=yQWlNA4ERH0&t=3s",
            "percent": 100,
            "hz": 240
        },
        {
            "user": "WauksGD",
            "link": "https://www.youtube.com/watch?v=tvwJCFlje4o",
            "percent": 100,
            "hz": 144
        },
        {
            "user": "WellNot",
            "link": "https://youtu.be/4L6Pv7Ma45A",
            "percent": 100,
            "hz": 60
        },
        {
            "user": "Andrew14916",
            "link": "https://www.youtube.com/watch?v=RpkaJl2duSw",
            "percent": 100,
            "hz": 360
        },
        {
            "user": "Dougieman",
            "link": "https://www.youtube.com/watch?v=RpkaJl2duSw",
            "percent": 100,
            "hz": 120,
            "mobile": true
        },
        {
            "user": "BlackChaleur",
            "link": "https://youtu.be/5DiLbo1XBIE",
            "percent": 100,
            "hz": 240
        },
        {
            "user": "Riptide",
            "link": "https://youtu.be/XyEu5MMZ84A",
            "percent": 100,
            "hz": 120
        },
        {
            "user": "DashTH",
            "link": "https://www.youtube.com/watch?v=X--RfZ5e2IE",
            "percent": 100,
            "hz": 120
        },
        {
            "user": "iRaily",
            "link": "https://youtu.be/4faFthR4Kzk",
            "percent": 100,
            "hz": 288
        },
        {
            "user": "swStomP",
            "link": "https://youtu.be/tyA8tF4DHuA",
            "percent": 100,
            "hz": 300
        },
        {
            "user": "Aespha",
            "link": "https://youtu.be/J80sTvUHPZo",
            "percent": 100,
            "hz": 144
        },
        {
            "user": "Shworp",
            "link": "https://youtu.be/tyA8tF4DHuA",
            "percent": 100,
            "hz": 300
        },
        {
            "user": "MrSlime",
            "link": "https://www.youtube.com/watch?v=Q08y5SBtPwE",
            "percent": 100,
            "hz": 300
        },
        { 
            "user": "Willow",
            "link": "https://www.youtube.com/watch?v=Jf9iNJfhSOQ",
            "percent": 100,
            "hz": 240
        },
        { 
            "user": "AndUhHalf",
            "link": "https://youtu.be/RQ6edVNMsro",
            "percent": 100,
            "hz": 144
        },
        { 
            "user": "Zurteh",
            "link": "https://youtu.be/7w9wDWYNRZ8",
            "percent": 100,
            "hz": 240
        },
        { 
            "user": "CyberGeek",
            "link": "https://www.youtube.com/watch?v=V1sC9DWhHdk",
            "percent": 100,
            "hz": 240
        },
        { 
            "user": "Dylinator",
            "link": "https://youtu.be/gwJn49TVjY8",
            "percent": 100,
            "hz": 360
        },
        {
            "user": "TheoSi",
            "link": "https://www.youtube.com/watch?v=B9h8YembLS4",
            "percent": 100,
            "hz": 60,
            "mobile": true
        },
        {
            "user": "Delay",
            "link": "https://www.youtube.com/watch?v=YuOZPIzlJRM",
            "percent": 100,
            "hz": 144
        },
        {
            "user": "Brinnn",
            "link": "https://youtu.be/EMyfoCe7aOM",
            "percent": 100,
            "hz": 120
        },
        {
            "user": "Aqua0607",
            "link": "https://www.youtube.com/watch?v=j-2o8C_1BLY",
            "percent": 100,
            "hz": 288
        },
        {
            "user": "ObvSilver",
            "link": "https://youtu.be/NwD3TRGuMiw",
            "percent": 100,
            "hz": 165
        },
        {
            "user": "msotisntgay",
            "link": "https://www.youtube.com/watch?v=EhtY1N1zPp8",
            "percent": 100,
            "hz": 165
        },
        {
            "user": "J",
            "link": "https://youtu.be/wwkbKt19uCU",
            "percent": 100,
            "hz": 360
        },
        {
            "user": "sarcastic",
            "link": "https://youtu.be/HSlKRraZ7GY",
            "percent": 100,
            "hz": 240
        }
    ]     
}
