{
    "id": 81344398,
    "name": "Shitty Hard Machine",
    "author": "Bluestone",
    "creators": ["Prometheus", "Norbipapa", "Experience", "DoubleSsymbol", "Davine_007"],
    "verifier": "Prometheus",
    "verification": "https://youtu.be/qv6O_dC3ptc",
    "percentToQualify": 53,
    "records": [
        {
            "user": "biskit",
            "link": "https://youtu.be/dHi8jfMJBeI",
            "percent": 100,
            "hz": 360
        },
        {
            "user": "Kenos Song",
            "link": "https://youtu.be/kTKVXhpxbyM",
            "percent": 100,
            "hz": 360
        },
        {
            "user": "Dandy Chiggins",
            "link": "https://youtu.be/QSQOQt7DBTw",
            "percent": 100,
            "hz": 360
        },
        {
            "user": "Hollow",
            "link": "https://youtu.be/8sPV7JEi9JM",
            "percent": 100,
            "hz": 144
        },
        {
            "user": "KylashTheKiller",
            "link": "https://youtu.be/FqWhcTm26wc",
            "percent": 100,
            "hz": 60
        },
        {
            "user": "Glory",
            "link": "https://www.youtube.com/watch?v=lcwnekbEcA0",
            "percent": 100,
            "hz": 360
        }
    ]
}
