{
    "id": 77818323,
    "name": "Shitty Hatred",
    "author": "Prometheus",
    "creators": ["Majesstic", "Sorrym8", "Experience43"],
    "verifier": "KylashTheKiller",
    "verification": "https://youtu.be/JlZleqA8TFc",
    "percentToQualify": 100,
    "password": "Free to Copy",
    "records": [
        {
            "user": "Juanjoim2007",
            "link": "https://youtu.be/LwEYpeUeWcA",
            "percent": 100,
            "hz": 144
        },
        {
            "user": "KasiaUwU",
            "link": "https://youtu.be/9QMVUU0UBxI",
            "percent": 100,
            "hz": 180
        }
    ]
}
