{
    "id": 76951119,
    "name": "Shitty Heartbeat",
    "author": "IHas",
    "creators": ["Helbrein"],
    "verifier": "iRaily",
    "verification": "https://youtu.be/ZcSYDNJxW5I",
    "percentToQualify": 100,
    "records": [
        {
            "user": "T333",
            "link": "https://www.youtube.com/watch?v=vR6mpLFWF9Q",
            "percent": 100,
            "hz": 240
        },
        {
            "user": "nWnye",
            "link": "https://youtu.be/Aent-cq0JNQ",
            "percent": 100,
            "hz": 360
        },
        {
            "user": "RedFrost",
            "link": "https://www.youtube.com/watch?v=nxB5o7UVtlI",
            "percent": 100,
            "hz": 288
        },
        {
            "user": "Pichufleta",
            "link": "https://youtu.be/7swccGvGVDI",
            "percent": 100,
            "hz": 360
        },
        {
            "user": "WaveWarrior",
            "link": "https://youtu.be/1Ih8LnTS36A",
            "percent": 100,
            "hz": 240
        },
        {
            "user": "Samuuu18",
            "link": "https://youtu.be/uRk0dAamxtM",
            "percent": 100,
            "hz": 360
        }
    ]
}
