{
    "id": 76649454,
    "name": "Shitty hush",
    "author": "FireRift",
    "creators": [],
    "verifier": "Slayer",
    "verification": "https://youtu.be/k2l5CRrULCk",
    "percentToQualify": 100,
    "password": "004054",
    "records": [
        {
            "user": "iRaily",
            "link": "https://youtu.be/DKnU2O9WSVk",
            "percent": 100,
            "hz": 288
        },
        {
            "user": "Shel",
            "link": "https://www.youtube.com/watch?v=uqKssCHBMJI",
            "percent": 100,
            "hz": 144
        },
        {
            "user": "Chr8ts",
            "link": "https://youtu.be/ltMQ7ku9D9Q",
            "percent": 100,
            "hz": 240
        },
        {
            "user": "ii_Savageboy",
            "link": "https://youtu.be/iLZwcTTidX4",
            "percent": 100,
            "hz": 144
        },
        {
            "user": "T333",
            "link": "https://youtu.be/mOoGlGnNtEQ",
            "percent": 100,
            "hz": 240
        },
        {
            "user": "Riptide",
            "link": "https://youtu.be/wn09-uJnjvE",
            "percent": 100,
            "hz": 240
        },
        {
            "user": "JaByUs",
            "link": "https://www.twitch.tv/videos/1467524868",
            "percent": 100,
            "hz": 240
        },
        {
            "user": "Samuuu18",
            "link": "https://www.youtube.com/watch?v=47S54BwTFRY",
            "percent": 100,
            "hz": 360
        },
        {
            "user": "WellNot",
            "link": "https://youtu.be/YDdyiyhTMjI",
            "percent": 100,
            "hz": 60
        },
        {
            "user": "Delay",
            "link": "https://www.youtube.com/watch?v=LB6U740I41w",
            "percent": 100,
            "hz": 144
        },
        {
            "user": "biskit",
            "link": "https://www.youtube.com/watch?v=02b3AXnulbM",
            "percent": 100,
            "hz": 360
        },
        {
            "user": "homegrowntag",
            "link": "https://youtu.be/VzY8jMtPAm8",
            "percent": 100,
            "hz": 144
        }        
    ]
}
