{
    "id": 72250514,
    "name": "Shitty Hyper Paracosm",
    "author": "chspchips",
    "creators": [],
    "verifier": "iRaily",
    "verification": "https://www.youtube.com/watch?v=NAiBnJalzlg",
    "percentToQualify": 100,
    "password": "Free to Copy",
    "records": [
        {
            "user": "BlueTomcat",
            "link": "https://www.youtube.com/watch?v=yQFQquCY4Vw",
            "percent": 100,
            "hz": 288
        },
        {
            "user": "Fh1r",
            "link": "https://youtu.be/qOQ5tmWceq8",
            "percent": 100,
            "hz": 240
        },
        {
            "user": "Tai0",
            "link": "https://youtu.be/IHi_wNtUDnI",
            "percent": 100,
            "hz": 144
        },
        {
            "user": "Delay",
            "link": "https://www.youtube.com/watch?v=xbAptLR-yo4",
            "percent": 100,
            "hz": 240
        },
        {
            "user": "Sushiboys",
            "link": "https://www.youtube.com/watch?v=OLEQm9Dok58",
            "percent": 100,
            "hz": 300
        },
        {
            "user": "Shel",
            "link": "https://www.youtube.com/watch?v=w7DNXhyqTxs",
            "percent": 100,
            "hz": 144
        },
        {
            "user": "idiotdash",
            "link": "https://www.youtube.com/watch?v=DTSfQGs9F28",
            "percent": 100,
            "hz": 144
        },
        {
            "user": "Echo",
            "link": "https://www.youtube.com/watch?v=hIoR2aPNjxE",
            "percent": 100,
            "hz": 144
        },
        {
            "user": "LzKlauss",
            "link": "https://youtu.be/OCVPhwpb3Fo",
            "percent": 100,
            "hz": 360
        },
        {
            "user": "MfoGaming1219",
            "link": "https://www.youtube.com/watch?v=3TGaqI-ZqJs",
            "percent": 100,
            "hz": 120
        },
        {
            "user": "Nolife",
            "link": "https://www.youtube.com/watch?v=lPX-BRX3aUQ",
            "percent": 100,
            "hz": 240
        },
        {
            "user": "Juan_7542",
            "link": "https://youtu.be/foAvT9T_Lzg",
            "percent": 100,
            "hz": 288
        },
        {
            "user": "DaveRR",
            "link": "https://youtu.be/HQknpdVGCo8",
            "percent": 100,
            "hz": 144
        },
        {
            "user": "WilltheRen",
            "link": "https://www.youtube.com/watch?v=CU1NJ_SULv0",
            "percent": 100,
            "hz": 165
        },
        {
            "user": "T333",
            "link": "https://youtu.be/o200Udl01Xk",
            "percent": 100,
            "hz": 240
        },
        {
            "user": "SaYne",
            "link": "https://youtu.be/UaTtYY1CEfo",
            "percent": 100,
            "hz": 360
        },
        {
            "user": "M1nYong",
            "link": "https://youtu.be/DdhhwmMbJYU",
            "percent": 100,
            "hz": 360
        },
        {
            "user": "Lazzy12",
            "link": "https://youtu.be/Y6-_0cjuiro",
            "percent": 100,
            "hz": 60
        },
        {
            "user": "IDeltaPhantomI",
            "link": "https://youtu.be/RaNmyXKfIKM",
            "percent": 100,
            "hz": 360
        },
        {
            "user": "Kenos Song",
            "link": "https://www.youtube.com/watch?v=_A5HPt_0ePs",
            "percent": 100,
            "hz": 360
        },
        {
            "user": "Samuuu18",
            "link": "https://www.youtube.com/watch?v=47S54BwTFRY",
            "percent": 100,
            "hz": 360
        },
        {
            "user": "traumntt",
            "link": "https://www.youtube.com/watch?v=HBBN5H6sgDc",
            "percent": 100,
            "hz": 360
        },
        {
            "user": "Aryie",
            "link": "https://youtu.be/AZI8MsdyPhA",
            "percent": 100,
            "hz": 360
        },
        {
            "user": "kasiaUwU",
            "link": "https://youtu.be/9ssv7AiqoVI",
            "percent": 100,
            "hz": 240
        },
        {
            "user": "Riptide",
            "link": "https://youtu.be/qpNVRFMrQCI",
            "percent": 100,
            "hz": 120
        },
        {
            "user": "woi",
            "link": "https://youtu.be/rX_g3xHw4Nc",
            "percent": 100,
            "hz": 360
        }
    ]
}
