{
    "id": 72055462,
    "name": "Shitty Keres",
    "author": "chspchips",
    "creators": [],
    "verifier": "iRaily",
    "verification": "https://www.youtube.com/watch?v=QRdUWvSfa1E",
    "percentToQualify": 64,
    "records": [
        {
            "user": "attrixia",
            "link": "https://youtu.be/WfuNHQFQ6_g",
            "percent": 100,
            "hz": 150
        },
        {
            "user": "DogeyBoi",
            "link": "https://www.youtube.com/watch?v=420SKMcJGsg",
            "percent": 100,
            "hz": 165
        },
        {
            "user": "zDusti",
            "link": "https://www.youtube.com/watch?v=ttsX2sFfiis",
            "percent": 100,
            "hz": 360
        },
        {
            "user": "vex",
            "link": "https://www.youtube.com/watch?v=LhcL7kLDrEU&t",
            "percent": 100,
            "hz": 144
        },
        {
            "user": "Samuuu18",
            "link": "https://youtu.be/E79OqKloYI0",
            "percent": 100,
            "hz": 180
        },
        {
            "user": "Shel",
            "link": "https://www.youtube.com/watch?v=Do-yDj7MB8A",
            "percent": 100,
            "hz": 144
        },
        {
            "user": "ZerniasX",
            "link": "https://youtu.be/chF3uGy-AWY",
            "percent": 100,
            "hz": 360
        },
        {
            "user": "zuva",
            "link": "https://youtu.be/If-45NFzUlw",
            "percent": 100,
            "hz": 165
        },
        {
            "user": "Jef",
            "link": "https://www.youtube.com/watch?v=It0Aag_PXcs",
            "percent": 100,
            "hz": 360
        },
        {
            "user": "Emonadeo",
            "link": "https://www.youtube.com/watch?v=LCtAIiXP8zU",
            "percent": 100,
            "hz": 240
        },
        {
            "user": "Armani",
            "link": "https://youtu.be/WCefUvOjKjY",
            "percent": 100,
            "hz": 360
        },
        {
            "user": "AzielGD",
            "link": "https://youtu.be/QVNYtnDr4gg",
            "percent": 100,
            "hz": 60,
            "mobile": true
        },
        {
            "user": "BlueTomcat",
            "link": "https://youtu.be/xFnT4NWi5Ps",
            "percent": 100,
            "hz": 288
        },
        {
            "user": "KowoT",
            "link": "https://www.youtube.com/watch?v=E5ixVVtlqps&ab_channel=KowoT%5BBR%5D",
            "percent": 100,
            "hz": 144
        },
        {
            "user": "Galaxyx",
            "link": "https://www.youtube.com/watch?v=FWusP4lyJ8I",
            "percent": 100,
            "hz": 360
        },
        {
            "user": "Kanekigh",
            "link": "https://youtu.be/bxy-rfu4xq4",
            "percent": 85,
            "hz": 360
        },
        {
            "user": "TunDHra",
            "link": "https://www.youtube.com/watch?v=WisNIa0hJTU",
            "percent": 100,
            "hz": 144
        },
        {
            "user": "WilltheRen",
            "link": "https://youtu.be/oip9KjGR_cE",
            "percent": 100,
            "hz": 165
        },
        {
            "user": "RazerJCZ",
            "link": "https://www.youtube.com/watch?v=leV7Ojs7oM0",
            "percent": 100,
            "hz": 360
        },
        {
            "user": "xdgamer",
            "link": "https://youtu.be/tuObCFX9NgE",
            "percent": 100,
            "hz": 240
        },
        {
            "user": "GD CrimsonKing22",
            "link": "https://www.youtube.com/watch?v=9IXqnwA6Afo&ab_channel=GDCrimsonKing22",
            "percent": 100,
            "hz": 288
        },
        {
            "user": "CookieGMD",
            "link": "https://www.youtube.com/watch?v=iA32aTiKGbs",
            "percent": 100,
            "hz": 360
        },
        {
            "user": "Tai0",
            "link": "https://youtu.be/h2WoeNymQWE",
            "percent": 100,
            "hz": 144
        },
        {
            "user": "Freikz",
            "link": "https://www.youtube.com/watch?v=FuyWT3KUnFI",
            "percent": 100,
            "hz": 360
        },
        {
            "user": "VicRP",
            "link": "https://www.twitch.tv/videos/1241113579",
            "percent": 100,
            "hz": 240
        },
        {
            "user": "Holojen",
            "link": "https://youtu.be/pCtyvK5tYZw",
            "percent": 100,
            "hz": 288
        },
        {
            "user": "Riptide",
            "link": "https://youtu.be/qSAgE4IoA8s",
            "percent": 100,
            "hz": 120
        },
        {
            "user": "DijonGD",
            "link": "https://youtu.be/AM1c-0aMD4c",
            "percent": 100,
            "hz": 330
        },
        {
            "user": "KylashTheKiller",
            "link": "https://youtu.be/9U6vLxrJGIY",
            "percent": 100,
            "hz": 60
        },
        {
            "user": "ItsMeAlex25",
            "link": "https://www.youtube.com/watch?v=4hJEEU4Nir0",
            "percent": 100,
            "hz": 280
        },
        {
            "user": "Zan",
            "link": "https://www.youtube.com/watch?v=A2D4v9oNs8c",
            "percent": 100,
            "hz": 288
        },
        {
            "user": "ItzMira",
            "link": "https://www.youtube.com/watch?v=CiSb6-Kkj3A",
            "percent": 100,
            "hz": 240
        },
        {
            "user": "CrokyTheKiwi",
            "link": "https://youtu.be/RXcYHuotsxo",
            "percent": 100,
            "hz": 240
        },
        {
            "user": "Dandy Chiggins",
            "link": "https://youtu.be/IbkBon_JPB8",
            "percent": 100,
            "hz": 360
        },
        {
            "user": "Cuchara",
            "link": "https://youtu.be/ze8HCu7PKtg",
            "percent": 100,
            "hz": 240
        },
        {
            "user": "biskit",
            "link": "https://youtu.be/lFlH8SClURA?t=407",
            "percent": 100,
            "hz": 360
        },
        {
            "user": "BrightBird",
            "link": "https://youtu.be/oVlIfcMQLI8",
            "percent": 100,
            "hz": 288
        },
        {
            "user": "Kenos Song",
            "link": "https://www.youtube.com/watch?v=lLYcbiVJ4ok&t=7s",
            "percent": 100,
            "hz": 360
        },
        {
            "user": "bnuuy",
            "link": "https://www.youtube.com/watch?v=HdifphhCZao",
            "percent": 100,
            "hz": 240
        },
        {
            "user": "Ariwl",
            "link": "https://youtu.be/Rc3tMWqO18M",
            "percent": 100,
            "hz": 360
        },
        {
            "user": "WholesomeCherry",
            "link": "https://www.youtube.com/watch?v=KUNRX8D8f10",
            "percent": 100,
            "hz": 144
        },
        {
            "user": "FullyDiverse",
            "link": "https://youtu.be/44Gu_CTy1K8",
            "percent": 100,
            "hz": 360
        },
        {
            "user": "HeartLess",
            "link": "https://youtu.be/vdKHYhtuCgI",
            "percent": 100,
            "hz": 360
        }
    ]
}
