{
    "id": 75783295,
    "name": "Shitty koreastep",
    "author": "Bluestone",
    "creators": [],
    "verifier": "Davine_007",
    "verification": "https://youtu.be/BzMIqluAxh4",
    "percentToQualify": 64,
    "records": [
        {
            "user": "Lisa",
            "link": "https://www.youtube.com/watch?v=F0K1ylQLCZY",
            "percent": 100,
            "hz": 360
        },
        {
            "user": "LzKlauss",
            "link": "https://www.youtube.com/watch?v=U-_O5s1y9vY",
            "percent": 100,
            "hz": 360
        },
        {
            "user": "M1nYong",
            "link": "https://www.youtube.com/watch?v=kZjWXFymJtg",
            "percent": 100,
            "hz": 360
        },
        {
            "user": "Prometheus",
            "link": "https://youtu.be/jXAiaT7mmTA",
            "percent": 100,
            "hz": 144
        },
        {
            "user": "Andrxw",
            "link": "https://www.youtube.com/watch?v=oxH_R_KOUEk",
            "percent": 100,
            "hz": 144
        },
        {
            "user": "Delay",
            "link": "https://www.youtube.com/watch?v=shzFPyMBmyE&t=9s",
            "percent": 100,
            "hz": 144
        },
        {
            "user": "biskit",
            "link": "https://youtu.be/DY0UGadquf4",
            "percent": 100,
            "hz": 360
        },
        {
            "user": "Samuuu18",
            "link": "https://youtu.be/q9TyB0QpGKg",
            "percent": 100,
            "hz": 360
        }
    ]
}
