{
    "id": 66321022,
    "name": "Shitty kowareta",
    "author": "HideriGH",
    "creators": [],
    "verifier": "FrenchFry",
    "verification": "https://youtu.be/MxQG7oFD29c",
    "percentToQualify": 57,
    "records": [
        {
            "user": "Vink",
            "link": "https://youtu.be/MiypGSpTWgs",
            "percent": 100,
            "hz": 120
        },
        {
            "user": "Tai0",
            "link": "https://youtu.be/L5nSgsVMytE",
            "percent": 100,
            "hz": 144
        },
        {
            "user": "Kobra456",
            "link": "https://www.youtube.com/watch?v=pKv9ggAPcH4",
            "percent": 100,
            "hz": 144
        },
        {
            "user": "LLunaa",
            "link": "https://youtu.be/n_q1fUdASnA",
            "percent": 100,
            "hz": 240
        },
        {
            "user": "GD CrimsonKing22",
            "link": "https://www.youtube.com/watch?v=9_4RpKMVWRs&ab_channel=GDCrimsonKing22",
            "percent": 100,
            "hz": 288
        },
        {
            "user": "orizu",
            "link": "https://youtu.be/6Iv0beaCs0o",
            "percent": 100,
            "hz": 240
        },
        {
            "user": "WowoGD",
            "link": "https://www.youtube.com/watch?v=kNYKrMFQn1Q",
            "percent": 100,
            "hz": 300
        },
        {
            "user": "lilWC",
            "link": "https://www.youtube.com/watch?v=ix86-MfQXJQ",
            "percent": 100,
            "hz": 300
        },
        {
            "user": "GregTash",
            "link": "https://www.youtube.com/watch?v=60zOYcYW048&ab_channel=GregTash",
            "percent": 100,
            "hz": 144
        },
        {
            "user": "Abdul Kareem",
            "link": "https://youtu.be/3jEkt4zHglA",
            "percent": 100,
            "hz": 144
        },
        {
            "user": "WhatsApp",
            "link": "https://youtu.be/xOSjKdf1bPI",
            "percent": 100,
            "hz": 240
        },
        {
            "user": "LinedriveGD",
            "link": "https://www.youtube.com/watch?v=xeoXbS6nwps",
            "percent": 100,
            "hz": 240
        },
        {
            "user": "DLAppleGamez",
            "link": "https://youtu.be/xSuHNRdjxCY",
            "percent": 100,
            "hz": 240
        },
        {
            "user": "IDeltaPhantomI",
            "link": "https://youtu.be/LVpRlLBanPU",
            "percent": 100,
            "hz": 240
        },
        {
            "user": "Brinnn",
            "link": "https://youtu.be/rUuahDD9RMg",
            "percent": 100,
            "hz": 120
        },
        {
            "user": "SuPPerBBoy [GD]",
            "link": "https://youtu.be/n9UEcKJPj0w",
            "percent": 100,
            "hz": 300
        },
        {
            "user": "dots",
            "link": "https://youtu.be/VpZO12A2q8M",
            "percent": 65,
            "hz": 180
        },
        {
            "user": "Nix3l",
            "link": "https://youtu.be/wBZjLRxEwx0",
            "percent": 62,
            "hz": 240
        },
        {
            "user": "Orical",
            "link": "https://www.youtube.com/watch?v=kF2YEEXpdC4&feature=youtu.be",
            "percent": 60,
            "hz": 240
        },
        {
            "user": "Charlielance",
            "link": "https://www.youtube.com/watch?v=ghS4wsw7x18&ab_channel=CharlieLance",
            "percent": 100,
            "hz": 280
        },
        {
            "user": "Jobalho",
            "link": "https://youtu.be/oy1Y0N933TA",
            "percent": 75,
            "hz": 240
        },
        {
            "user": "klik21",
            "link": "https://www.youtube.com/watch?v=MiVbxcTkWWQ&feature=youtu.be",
            "percent": 86,
            "hz": 240
        },
        {
            "user": "tuomaster",
            "link": "https://youtu.be/gnz3ZmiIV00",
            "percent": 100,
            "hz": 240
        },
        {
            "user": "Aleg",
            "link": "https://www.youtube.com/watch?v=ttfwZIUFvGk&feature=youtu.be",
            "percent": 100,
            "hz": 144
        },
        {
            "user": "Acratic",
            "link": "https://youtu.be/HGlJQuTJabU",
            "percent": 100,
            "hz": 165
        },
        {
            "user": "Nexor_r",
            "link": "https://youtu.be/V1GC8mQZy58",
            "percent": 100,
            "hz": 165
        },
        {
            "user": "ddddr",
            "link": "https://www.youtube.com/watch?v=s8RxeEqQouk",
            "percent": 100,
            "hz": 144
        },
        {
            "user": "Oganesson",
            "link": "https://www.youtube.com/watch?v=bFGRJBhgLD4",
            "percent": 62,
            "hz": 144
        },
        {
            "user": "Suno",
            "link": "https://www.youtube.com/watch?v=80Rf7xPTaU8",
            "percent": 100,
            "hz": 288
        },
        {
            "user": "juuted",
            "link": "https://youtu.be/rgrQWn2a3cI",
            "percent": 100,
            "hz": 240
        },
        {
            "user": "Karma",
            "link": "https://www.youtube.com/watch?v=CAsW1RWC_x4",
            "percent": 63,
            "hz": 75
        },
        {
            "user": "Magmeta",
            "link": "https://www.youtube.com/watch?v=Xr48Uelzj_w",
            "percent": 100,
            "hz": 240
        },
        {
            "user": "XLGamer10",
            "link": "https://youtu.be/JXLJoPkFtnc",
            "percent": 100,
            "hz": 288
        },
        {
            "user": "KowoT",
            "link": "https://www.youtube.com/watch?v=iMP4zc2tQcM&t=37s&ab_channel=KowoT%5BBR%5D",
            "percent": 100,
            "hz": 200
        },
        {
            "user": "ItzElectrix",
            "link": "https://youtu.be/DhKL-7-Myy0",
            "percent": 100,
            "hz": 144
        },
        {
            "user": "Itzwogyt",
            "link": "https://youtu.be/kQ8DEUYMNXU",
            "percent": 100,
            "hz": 300
        },
        {
            "user": "ZerniasX",
            "link": "https://youtu.be/53Xwrgfs63g",
            "percent": 100,
            "hz": 288
        },
        {
            "user": "SrGuillester",
            "link": "https://youtu.be/J8E4IRvsys8",
            "percent": 100,
            "hz": 144
        },
        {
            "user": "Derek46",
            "link": "https://www.youtube.com/watch?v=jqwBN-hNsSs",
            "percent": 100,
            "hz": 240
        },
        {
            "user": "lappwv",
            "link": "https://youtu.be/NwNBiN39aYQ",
            "percent": 100,
            "hz": 60
        },
        {
            "user": "InferiorPatty",
            "link": "https://www.youtube.com/watch?v=-03UJcK4tyQ&feature=youtu.be&ab_channel=InferiorPatty",
            "percent": 100,
            "hz": 300
        },
        {
            "user": "GDTeabag",
            "link": "https://www.youtube.com/watch?v=E4fGMaFa2TU&t=",
            "percent": 100,
            "hz": 240
        },
        {
            "user": "telepracity",
            "link": "https://youtu.be/fKpJQfeqnRA",
            "percent": 100,
            "hz": 288
        },
        {
            "user": "Tuggy75",
            "link": "https://www.youtube.com/watch?v=SP4runpPlC4",
            "percent": 100,
            "hz": 300
        },
        {
            "user": "anefu",
            "link": "https://www.youtube.com/watch?v=p8gWjqwplLU",
            "percent": 100,
            "hz": 240
        },
        {
            "user": "attrixia",
            "link": "https://youtu.be/6SRFIlBxZpE",
            "percent": 100,
            "hz": 150
        },
        {
            "user": "LDubbs",
            "link": "https://youtu.be/xpz0qUIZvA4",
            "percent": 100,
            "hz": 300
        },
        {
            "user": "CringyDylan",
            "link": "https://www.youtube.com/watch?v=rv7k9nxB2jY",
            "percent": 100,
            "hz": 240
        },
        {
            "user": "Gavinthetator",
            "link": "https://www.youtube.com/watch?v=5Ue1Gf9GJfY",
            "percent": 100,
            "hz": 300
        },
        {
            "user": "GDescca",
            "link": "https://www.youtube.com/watch?v=WIxWxgw8Y7c",
            "percent": 100,
            "hz": 330
        },
        {
            "user": "RadioY",
            "link": "https://youtu.be/2eae9fcb_MY",
            "percent": 100,
            "hz": 60
        },
        {
            "user": "YtSofia",
            "link": "https://youtu.be/kftN_i09Rgc",
            "percent": 100,
            "hz": 120
        },
        {
            "user": "ItzQuster",
            "link": "https://youtu.be/j_zwnxVwVks",
            "percent": 100,
            "hz": 120
        },
        {
            "user": "Andreedepoyster",
            "link": "https://www.youtube.com/watch?v=53GBZUwZBMo",
            "percent": 63,
            "hz": 120
        },
        {
            "user": "gdXposed",
            "link": "https://youtu.be/mWiHfXXLfaw",
            "percent": 100,
            "hz": 240
        },
        {
            "user": "Belleelle",
            "link": "https://www.youtube.com/watch?v=mDSVc5g6k1A&list=PLGwrnSCBOYcmu2wTu09_t2zDYkw3uabqL&index=26",
            "percent": 100,
            "hz": 360
        },
        {
            "user": "Unnamed15",
            "link": "https://www.youtube.com/watch?v=tfamoQDVP3Q",
            "percent": 100,
            "hz": 165
        },
        {
            "user": "MichaelRuby",
            "link": "https://medal.tv/clips/52159944/d1337CC9HWvz",
            "percent": 100,
            "hz": 144
        },
        {
            "user": "Consuno",
            "link": "https://www.youtube.com/watch?v=xf6EIwrV2vM&ab_channel=Consuno",
            "percent": 100,
            "hz": 144
        },
        {
            "user": "Myz",
            "link": "https://youtu.be/wBtLLI6tAGY",
            "percent": 100,
            "hz": 288
        },
        {
            "user": "SnoopyHyperion6",
            "link": "https://youtu.be/Nnju8GPsXe4",
            "percent": 100,
            "hz": 165
        },
        {
            "user": "Illuxional",
            "link": "https://www.youtube.com/watch?v=QGjNiOfypgo",
            "percent": 65,
            "hz": 120
        },
        {
            "user": "Cheat0o",
            "link": "https://youtu.be/bJYjrd_D_GA",
            "percent": 100,
            "hz": 288
        },
        {
            "user": "feather",
            "link": "https://www.youtube.com/watch?v=jKDcqzl0LCw",
            "percent": 100,
            "hz": 165
        },
        {
            "user": "ab ba",
            "link": "https://youtu.be/0js0q3BN_To",
            "percent": 100,
            "hz": 75
        },
        {
            "user": "shibi",
            "link": "https://www.youtube.com/watch?v=ADI4Rx_eSbc",
            "percent": 100,
            "hz": 144
        },
        {
            "user": "Emonadeo",
            "link": "https://www.youtube.com/watch?v=86KvoBELCWI",
            "percent": 100,
            "hz": 120
        },
        {
            "user": "danialves555",
            "link": "https://youtu.be/3t_bwQhBc1c",
            "percent": 100,
            "hz": 240
        },
        {
            "user": "Weedeater69420",
            "link": "https://youtu.be/4BgekOHSSbE",
            "percent": 100,
            "hz": 360
        },
        {
            "user": "IcaroX",
            "link": "https://youtu.be/H7iNq_HMeYg",
            "percent": 100,
            "hz": 240
        },
        {
            "user": "Karmatas",
            "link": "https://youtu.be/hbgHX8Yzf_w",
            "percent": 100,
            "hz": 360
        },
        {
            "user": "Spinach",
            "link": "https://www.youtube.com/watch?v=Ch6bIPzqMlE",
            "percent": 100,
            "hz": 288
        },
        {
            "user": "Galaxyx",
            "link": "https://www.youtube.com/watch?v=XPUBkig_GLw",
            "percent": 100,
            "hz": 360
        },
        {
            "user": "Fabricorn",
            "link": "https://youtu.be/WW4HlB_e0b0",
            "percent": 100,
            "hz": 288
        },
        {
            "user": "YOUNGBOY",
            "link": "https://www.youtube.com/watch?v=Ptpn-G3j_gQ",
            "percent": 100,
            "hz": 240
        },
        {
            "user": "HopZy",
            "link": "https://youtu.be/Zkn3o1zd8i0",
            "percent": 100,
            "hz": 150
        },
        {
            "user": "Griffin128",
            "link": "https://www.youtube.com/watch?v=6hHg7de0yew",
            "percent": 100,
            "hz": 300
        },
        {
            "user": "BlueTomcat",
            "link": "https://www.youtube.com/watch?v=CInDGHcbCnE",
            "percent": 100,
            "hz": 144
        },
        {
            "user": "Jas",
            "link": "https://www.youtube.com/watch?v=R3X3zUI3HrM",
            "percent": 62,
            "hz": 360
        },
        {
            "user": "Nukie",
            "link": "https://www.youtube.com/watch?v=E0LU-baMf88",
            "percent": 100,
            "hz": 360
        },
        {
            "user": "LilBucketGD",
            "link": "https://www.youtube.com/watch?v=s8CEfZE9XxU",
            "percent": 100,
            "hz": 240
        },
        {
            "user": "Vinx",
            "link": "https://www.youtube.com/watch?v=DHHufr-YNxs&ab_channel=Vinx",
            "percent": 100,
            "hz": 360
        },
        {
            "user": "Tyler",
            "link": "https://youtu.be/GqB0Tyf_pbU",
            "percent": 100,
            "hz": 360
        },
        {
            "user": "max1mumGD",
            "link": "https://m.youtube.com/watch?v=qfqIheW4npU",
            "percent": 66,
            "hz": 60,
            "mobile": true
        },
        {
            "user": "Frozono",
            "link": "https://youtu.be/_uelci8ENls",
            "percent": 100,
            "hz": 60
        },
        {
            "user": "Bibus [ET]",
            "link": "https://youtu.be/REtbd6re7Sw",
            "percent": 100,
            "hz": 300
        },
        {
            "user": "ZedGMD",
            "link": "https://www.youtube.com/watch?v=h4GHn38Jje4",
            "percent": 100,
            "hz": 240
        },
        {
            "user": "hxdra",
            "link": "https://www.youtube.com/watch?v=Ogn346GYGpo",
            "percent": 100,
            "hz": 240
        },
        {
            "user": "blessed",
            "link": "https://youtu.be/pv6dDrlmd_w",
            "percent": 100,
            "hz": 120
        },
        {
            "user": "Holojen",
            "link": "https://www.youtube.com/watch?v=7RsXn7OhRZs",
            "percent": 100,
            "hz": 288
        },
        {
            "user": "Viridian",
            "link": "https://www.youtube.com/watch?v=A9Lf2yU0ynE&list=PLgpnVe-hXpkp8_NJOUWN6vKdgznVC4aNt&index=1&t=0s",
            "percent": 100,
            "hz": 288
        },
        {
            "user": "stro",
            "link": "https://www.youtube.com/watch?v=S8QmLarGycU",
            "percent": 100,
            "hz": 240
        },
        {
            "user": "WhiteGokey",
            "link": "https://www.youtube.com/watch?v=D2sAaW09k3g",
            "percent": 100,
            "hz": 60
        },
        {
            "user": "Doodle",
            "link": "https://www.youtube.com/watch?v=LgC3yajwsPg",
            "percent": 100,
            "hz": 75
        },
        {
            "user": "iRaily",
            "link": "https://youtu.be/92rcWezyWYc",
            "percent": 100,
            "hz": 288
        },
        {
            "user": "saturn",
            "link": "https://youtu.be/BHdK2CTLmLM",
            "percent": 100,
            "hz": 360
        },
        {
            "user": "rexyy",
            "link": "https://www.youtube.com/watch?v=WUbENaF9sv0&start=2",
            "percent": 100,
            "hz": 165
        },
        {
            "user": "ooflol",
            "link": "https://youtu.be/X-Vk-w9O0Uw",
            "percent": 57,
            "hz": 144
        },
        {
            "user": "Ohdangs",
            "link": "https://youtu.be/VSqlJjilQgQ",
            "percent": 100,
            "hz": 144
        },
        {
            "user": "Delay",
            "link": "https://www.youtube.com/watch?v=DzYRluIvjzg",
            "percent": 100,
            "hz": 240
        },
        {
            "user": "Gamez",
            "link": "https://www.youtube.com/watch?v=lrrkDRmQG10",
            "percent": 100,
            "hz": 60
        },
        {
            "user": "LzKlauss",
            "link": "https://www.youtube.com/watch?v=hEQ2i1TmJ0w",
            "percent": 100,
            "hz": 360
        },
        {
            "user": "HargChucu",
            "link": "https://www.youtube.com/watch?v=09gHlEL7U48",
            "percent": 100,
            "hz": 240
        },
        {
            "user": "Flawless",
            "link": "https://youtu.be/2LgoJsSi0Ko",
            "percent": 100,
            "hz": 360
        },
        {
            "user": "Splenda987",
            "link": "https://youtu.be/Td-MGcOyhBM",
            "percent": 100,
            "hz": 360
        },
        {
            "user": "Nolife",
            "link": "https://youtu.be/HR8sKkpF7Ag",
            "percent": 100,
            "hz": 240
        },
        {
            "user": "zDusti",
            "link": "https://www.youtube.com/watch?v=O4dDCVYv1gs",
            "percent": 100,
            "hz": 360
        },
        {
            "user": "tuque",
            "link": "https://youtu.be/Oy7NL2MduGo",
            "percent": 68,
            "hz": 360
        },
        {
            "user": "Santyr",
            "link": "https://www.youtube.com/watch?v=mpPcBUrPX18",
            "percent": 100,
            "hz": 360
        },
        {
            "user": "Mortex",
            "link": "https://www.youtube.com/watch?v=EAc6r2SMMVw&ab_channel=MortexGD",
            "percent": 100,
            "hz": 240
        },
        {
            "user": "Pizi",
            "link": "https://youtu.be/2TV2gdoPEdA",
            "percent": 67,
            "hz": 300
        },
        {
            "user": "SeanyBoy33",
            "link": "https://youtu.be/Zc3xcYgXLdQ",
            "percent": 100,
            "hz": 60
        },
        {
            "user": "DrAndr",
            "link": "https://youtu.be/K6GQQIK3lZI",
            "percent": 100,
            "hz": 360
        },
        {
            "user": "acuma",
            "link": "https://www.youtube.com/watch?v=vQ9krBVw-Ls&t=2s&ab_channel=АкумаГд",
            "percent": 100,
            "hz": 240
        },
        {
            "user": "Shel",
            "link": "https://www.youtube.com/watch?v=XYjUtiV93T4",
            "percent": 100,
            "hz": 144
        },
        {
            "user": "Sushiboys",
            "link": "https://www.youtube.com/watch?v=GqpiGfixPQ8",
            "percent": 100,
            "hz": 300
        },
        {
            "user": "itznanewtech",
            "link": "https://youtu.be/xxvK7upX9pw",
            "percent": 100,
            "hz": 144
        },
        {
            "user": "Luka",
            "link": "https://www.youtube.com/watch?v=FyTFkc9HoLc",
            "percent": 100,
            "hz": 300
        },
        {
            "user": "Dep96",
            "link": "https://www.youtube.com/watch?v=daXZDlMLiKM",
            "percent": 100,
            "hz": 144
        },
        {
            "user": "Dandy Chiggins",
            "link": "https://www.youtube.com/watch?v=h9cUzwj9vFk",
            "percent": 100,
            "hz": 240
        },
        {
            "user": "KylashTheKiller",
            "link": "https://youtu.be/4T9F8DC0W9A",
            "percent": 100,
            "hz": 60
        },
        {
            "user": "Crisis",
            "link": "https://www.youtube.com/watch?v=TpNAK1r1sVE",
            "percent": 100,
            "hz": 360
        },
        {
            "user": "zygimantux",
            "link": "https://www.youtube.com/watch?v=2jazTi7RKC0",
            "percent": 100,
            "hz": 144
        },
        {
            "user": "SuperDog",
            "link": "https://www.youtube.com/watch?v=MWUZ0M0P1FQ",
            "percent": 61,
            "hz": 60,
            "mobile": true
        },
        {
            "user": "spooney",
            "link": "https://www.youtube.com/watch?v=S02AANYi10s",
            "percent": 100,
            "hz": 144
        },
        {
            "user": "tobi",
            "link": "https://www.youtube.com/watch?v=lpKwuMfBP7Q",
            "percent": 100,
            "hz": 360
        },
        {
            "user": "zKelzo",
            "link": "https://youtu.be/RqW1Pr5GeP8",
            "percent": 100,
            "hz": 360
        },
        {
            "user": "Cuin",
            "link": "https://youtu.be/GNKBYXx4lL4",
            "percent": 100,
            "hz": 180
        },
        {
            "user": "Honti",
            "link": "https://youtu.be/pq8RqlYiyXY",
            "percent": 65,
            "hz": 360
        },
        {
            "user": "DeBound",
            "link": "https://www.youtube.com/watch?v=chVPI2rgUM0",
            "percent": 100,
            "hz": 240
        },
        {
            "user": "Andrew14916",
            "link": "https://www.youtube.com/watch?v=bNu2aJy9eWQ&t=69s",
            "percent": 100,
            "hz": 288
        },
        {
            "user": "dispe",
            "link": "https://www.youtube.com/watch?v=9qs3nxdzfF0",
            "percent": 62,
            "hz": 144
        },
        {
            "user": "Hyru1e",
            "link": "https://youtu.be/59cH6V9S0gc",
            "percent": 100,
            "hz": 144
        },
        {
            "user": "ZawyGD",
            "link": "https://www.youtube.com/watch?v=GjbbKnFEhmM&ab_channel=ZawyGD",
            "percent": 100,
            "hz": 144
        },
        {
            "user": "WilltheRen",
            "link": "https://youtu.be/XcYkvY5xtnU",
            "percent": 100,
            "hz": 280
        },
        {
            "user": "Ashlie",
            "link": "https://www.youtube.com/watch?v=pTZkFROldeA",
            "percent": 100,
            "hz": 360
        },
        {
            "user": "swStomP",
            "link": "https://youtu.be/Z3sEM4_rA_I",
            "percent": 100,
            "hz": 300
        },
        {
            "user": "f1rst",
            "link": "https://youtu.be/8ryb8xbyFSo",
            "percent": 100,
            "hz": 240
        },
        {
            "user": "h4tecr1me.",
            "link": "https://www.youtube.com/watch?v=mf-EuJEg0b8",
            "percent": 68,
            "hz": 240
        },
        {
            "user": "nushia",
            "link": "https://youtu.be/7Sp_sm1q3qg",
            "percent": 79,
            "hz": 60
        },
        {
            "user": "Coheton",
            "link": "https://youtu.be/yIleUn0ckgg",
            "percent": 100,
            "hz": 60,
            "mobile": true
        },
        {
            "user": "PatoQuack",
            "link": "https://www.youtube.com/watch?v=U7ZsktXh8Yc",
            "percent": 100,
            "hz": 357
        },
        {
            "user": "ii_Savageboy",
            "link": "https://www.youtube.com/watch?v=6bwdnJW2CDY",
            "percent": 100,
            "hz": 144
        },
        {
            "user": "Papote Malote",
            "link": "https://www.youtube.com/watch?v=UiLifDMZEcI",
            "percent": 57,
            "hz": 180
        },
        {
            "user": "ObvSilver",
            "link": "https://youtu.be/ypH-8JOmX3M",
            "percent": 68,
            "hz": 165
        },
        {
            "user": "Lyrian",
            "link": "https://www.youtube.com/watch?v=SeiT8xZgpxc",
            "percent": 100,
            "hz": 144
        },
        {
            "user": "DDesu",
            "link": "https://youtu.be/hDfIXe9iQHY",
            "percent": 63,
            "hz": 144
        },
        {
            "user": "WauksGD",
            "link": "https://www.youtube.com/watch?v=uKPi6eboKC0",
            "percent": 100,
            "hz": 144
        },
        {
            "user": "zanushi",
            "link": "https://youtu.be/40gwKfMoenE",
            "percent": 85,
            "hz": 60
        },
        {
            "user": "madara446",
            "link": "https://youtu.be/J59v0z--fa8",
            "percent": 68,
            "hz": 121
        },
        {
            "user": "DehydratedMoron",
            "link": "https://youtu.be/Cyyh44m4ffA",
            "percent": 100,
            "hz": 144
        },
        {
            "user": "AwaKteFurry",
            "link": "https://www.youtube.com/watch?v=xOfAn-8EY24&ab_channel=WaKmole",
            "percent": 100,
            "hz": 296
        },
        {
            "user": "Alaniz004",
            "link": "https://youtu.be/2sfhJ04CIFo?list=PLa0Js5L-MJ8NkTF8C197sHE3Jb5GAAMwb&t=61",
            "percent": 100,
            "hz": 360
        },
        {
            "user": "Invinceicube",
            "link": "https://youtu.be/Vjkg9VPYEzk",
            "percent": 100,
            "hz": 240
        },
        {
            "user": "Juan_7542",
            "link": "https://youtu.be/znNBMEfbYc0",
            "percent": 100,
            "hz": 288
        },
        {
            "user": "Drige",
            "link": "https://medal.tv/games/geometry-dash/clips/hkMB6ctLFuUex/d1337FYKvmma?invite=cr-MSxlQU0sNTk4OTU5ODYs",
            "percent": 60,
            "hz": 60
        },
        {
            "user": "Davine_007",
            "link": "https://youtu.be/UMW8fk9F3a0",
            "percent": 100,
            "hz": 144
        },
        {
            "user": "DogeyBoi",
            "link": "https://www.youtube.com/watch?v=6tlfhDH94tw",
            "percent": 100,
            "hz": 360
        },
        {
            "user": "Aeslingo",
            "link": "https://youtu.be/W5XJhexZBEs",
            "percent": 100,
            "hz": 360
        },
        {
            "user": "ItsMeAlex25",
            "link": "https://www.youtube.com/watch?v=a4i9oWbm13o",
            "percent": 100,
            "hz": 360
        },
        {
            "user": "Martinx233",
            "link": "https://youtu.be/_DUemGlUs90",
            "percent": 100,
            "hz": 360
        },
        {
            "user": "Wygv",
            "link": "https://youtu.be/pYLHCJtOM1c",
            "percent": 94,
            "hz": 240
        },
        {
            "user": "Decin0",
            "link": "https://www.youtube.com/watch?v=mG-_6CfyeT0",
            "percent": 100,
            "hz": 360
        },
        {
            "user": "Samuuu18",
            "link": "https://youtu.be/LriCRdHVlxc",
            "percent": 100,
            "hz": 360
        },
        {
            "user": "Spaace",
            "link": "https://youtu.be/7UXJuw4X-ZU",
            "percent": 100,
            "hz": 120
        },
        {
            "user": "biskit",
            "link": "https://youtu.be/1a67doWXniA?t=240",
            "percent": 100,
            "hz": 360
        },
        {
            "user": "TboyGD",
            "link": "https://www.youtube.com/watch?v=m8cO_BvUnfQ",
            "percent": 100,
            "hz": 240
        },
        {
            "user": "BrightBird",
            "link": "https://youtu.be/XloVf_pDAwo",
            "percent": 100,
            "hz": 288
        },
        {
            "user": "Dragdead",
            "link": "https://medal.tv/games/geometry-dash/clips/pje50ehMN7mIE/d1337N4KfDzv?invite=cr-MSw2eVgsNzMxNDI1NDIs",
            "percent": 70,
            "hz": 75
        },
        {
            "user": "Jef",
            "link": "hhttps://youtu.be/w4Ktke5Z9j4",
            "percent": 100,
            "hz": 360
        },
        {
            "user": "Trenonicle",
            "link": "https://youtu.be/8E0icN018SM",
            "percent": 100,
            "hz": 240
        },
        {
            "user": "DashTH",
            "link": "https://www.youtube.com/watch?v=J_LOXXRrnuI",
            "percent": 100,
            "hz": 144
        },
        {
            "user": "ItsDTD",
            "link": "https://youtu.be/8wGY38e99fc",
            "percent": 100,
            "hz": 360
        },
        {
            "user": "SoWOW",
            "link": "https://youtu.be/_GmLJ16o9mY",
            "percent": 100,
            "hz": 120,
            "mobile": true
        },
        {
            "user": "AshenID",
            "link": "https://youtu.be/_GmLJ16o9mY",
            "percent": 100,
            "hz": 144,
            "mobile": true
        },
        {
            "user": "Guraud",
            "link": "https://www.youtube.com/watch?v=fF2RHzT4l_E",
            "percent": 100,
            "hz": 60
        },
        {
            "user": "ObvSilver",
            "link": "https://youtu.be/NN6tQIs7XEc",
            "percent": 100,
            "hz": 165
        },
        {
            "user": "moab",
            "link": "https://youtu.be/Pl9kogyofWg",
            "percent": 100,
            "hz": 240
        },
        {
            "user": "Dr4QuiTo",
            "link": "https://www.youtube.com/watch?v=xJu725D1IUE&ab_channel=Dr4QuiTo",
            "percent": 100,
            "hz": 360
        },
        {
            "user": "willdrid",
            "link": "https://youtu.be/138qtRp8oP4",
            "percent": 62,
            "hz": 240
        },
        {
            "user": "HeartLess",
            "link": "https://youtu.be/2GCxscqsG-A?t=285",
            "percent": 100,
            "hz": 360
        }
    ]
}
