{
    "id": 81298073,
    "name": "Shitty Kumbiareta",
    "author": "Mau3cio",
    "creators": ["Fernamg2041","BetaGD","R1fleRob0tz"],
    "verifier": "qb1",
    "verification": "https://www.youtube.com/watch?v=aWE08TPgJmw",
    "percentToQualify": 100,
    "records": [
        {
            "user": "Alaniz004",
            "link": "https://youtu.be/0GR4bJsjKQo",
            "percent": 100,
            "hz": 360
        },
        {
            "user": "Freikz",
            "link": "https://youtu.be/Uc456qwHSp0",
            "percent": 100,
            "hz": 360
        },
        {
            "user": "Dr4QuiTo",
            "link": "https://www.youtube.com/watch?v=SJO_86jxGrI&ab_channel=Dr4QuiTo",
            "percent": 100,
            "hz": 360
        },
        {
            "user": "ObvSilver",
            "link": "https://www.youtube.com/watch?v=SJO_86jxGrI&ab_channel=Dr4QuiTo",
            "percent": 100,
            "hz": 165
        }
    ]
}
