{
    "id": 77472361,
    "name": "Shitty La Magicienne Rose",
    "author": "DrPumpkin357",
    "creators": [],
    "verifier": "Alaniz004",
    "verification": "https://www.youtube.com/watch?v=Y8_qMkc5dno",
    "percentToQualify": 59,
    "records": [
        {
            "user": "iRaily",
            "link": "https://youtu.be/Ywqbdtd8UOo",
            "percent": 100,
            "hz": 360
        },
        {
            "user": "biskit",
            "link": "https://www.youtube.com/watch?v=HSIFPgfCUz0",
            "percent": 100,
            "hz": 360
        },
        {
            "user": "Marke",
            "link": "https://www.youtube.com/watch?v=SQZALBVHqtY",
            "percent": 100,
            "hz": 288
        }
    ]  
}
