{
    "id": 79805553,
    "name": "Shitty Legacy",
    "author": "CarlIsBored",
    "creators": [
        "Prometheus",
        "zMatt05"
    ],
    "verifier": "Shel",
    "verification": "https://youtu.be/Du7R7zrKMls",
    "percentToQualify": 100,
    "records": [
        {
            "user": "Holojen",
            "link": "https://www.youtube.com/watch?v=aBi5HpO99kQ&t=15s",
            "percent": 100,
            "hz": 288
        },
        {
            "user": "Yarkii",
            "link": "https://www.youtube.com/watch?v=nX-X_-BEjQI&ab_channel=YarkiiGD",
            "percent": 100,
            "hz": 300
        },
        {
            "user": "homegrowntag",
            "link": "https://youtu.be/rXv36cQ7rGU",
            "percent": 100,
            "hz": 144
        }
    ]
}    
        
    
