{
    "id": 72810707,
    "name": "Shitty Lucid Chaos",
    "author": "Bluuper",
    "creators": ["SupaX_", "TravelChimp", "strix"],
    "verifier": "Kobra456",
    "verification": "https://youtu.be/sGfz4fxoSr8",
    "percentToQualify": 61,
    "records": [
        {
            "user": "Shel",
            "link": "https://youtu.be/Xz91-MyeI8k",
            "percent": 100,
            "hz": 144
        },
        {
            "user": "iRaily",
            "link": "https://youtu.be/B8S8vro_M2w",
            "percent": 100,
            "hz": 288
        },
        {
            "user": "Tai0",
            "link": "https://youtu.be/dXl9i2xqW9A",
            "percent": 100,
            "hz": 144
        },
        {
            "user": "Nolife",
            "link": "https://www.youtube.com/watch?v=ZdoyKYipisI",
            "percent": 100,
            "hz": 240
        },
        {
            "user": "Fh1r",
            "link": "https://www.youtube.com/watch?v=86yGtPZl8U0",
            "percent": 100,
            "hz": 240
        },
        {
            "user": "Samuuu18",
            "link": "https://www.youtube.com/watch?v=LpMutRkK3KI",
            "percent": 100,
            "hz": 180
        },
        {
            "user": "Sushiboys",
            "link": "https://www.youtube.com/watch?v=TE9Qf2Alu-I",
            "percent": 100,
            "hz": 300
        },
        {
            "user": "DogeyBoi",
            "link": "https://youtu.be/Yl0qU7dA6VE",
            "percent": 100,
            "hz": 165
        },
        {
            "user": "Holojen",
            "link": "https://youtu.be/hkQ6iMMh6DA",
            "percent": 100,
            "hz": 288
        },
        {
            "user": "WilltheRen",
            "link": "https://www.youtube.com/watch?v=uP8KEYPPSF8",
            "percent": 100,
            "hz": 165
        },
        {
            "user": "Delay",
            "link": "https://www.youtube.com/watch?v=LgDSnzzBcMY",
            "percent": 100,
            "hz": 144
        },
        {
            "user": "Solid",
            "link": "https://www.youtube.com/watch?v=gywuD-c8N1M",
            "percent": 100,
            "hz": 240
        },
        {
            "user": "ShadeX",
            "link": "https://www.youtube.com/watch?v=AoWha1lU_l8",
            "percent": 100,
            "hz": 240
        },
        {
            "user": "Chee2y",
            "link": "https://youtu.be/rapCQ2krKfQ",
            "percent": 100,
            "hz": 240
        },
        {
            "user": "LinedriveGD",
            "link": "https://www.youtube.com/watch?v=3b3ulXYUKcQ",
            "percent": 100,
            "hz": 300
        },
        {
            "user": "gdXposed",
            "link": "https://www.youtube.com/watch?v=VA5yBszV6lw",
            "percent": 100,
            "hz": 360
        },
        {
            "user": "BrightBird",
            "link": "https://youtu.be/XMg9YD0nqjA",
            "percent": 100,
            "hz": 288
        },
        {
            "user": "Korvak",
            "link": "https://www.youtube.com/watch?v=fNlMcRK13oU",
            "percent": 100,
            "hz": 288
        },
        {
            "user": "Riptide",
            "link": "https://youtu.be/rqKlV6iikhU",
            "percent": 100,
            "hz": 120
        },
        {
            "user": "Ashton",
            "link": "https://www.youtube.com/watch?v=T_0DRxXuf7k",
            "percent": 100,
            "hz": 240
        },
        {
            "user": "BlackChaleur",
            "link": "https://youtu.be/qouJd4VUWC4",
            "percent": 100,
            "hz": 360
        },
        {
            "user": "FuPlug",
            "link": "https://www.youtube.com/watch?v=w9b_NzRiTFw",
            "percent": 100,
            "hz": 144
        },
        {
            "user": "Dandy Chiggins",
            "link": "https://youtu.be/JhY5CPJveYM",
            "percent": 100,
            "hz": 360
        },
        {
            "user": "biskit",
            "link": "https://youtu.be/cOXjzLkTB4I",
            "percent": 100,
            "hz": 360
        },
        {
            "user": "Skhinner13",
            "link": "https://youtu.be/h0OfdjTFKUU",
            "percent": 100,
            "hz": 144
        }
    ]
}
