{
    "id": 78160646,
    "name": "Shitty Macabre",
    "author": "Whitar",
    "creators": [],
    "verifier": "Shel",
    "verification": "https://youtu.be/lmXlV3NKhmY",
    "percentToQualify": 60,
    "records": [
        {
            "user": "LzKlauss",
            "link": "https://www.youtube.com/watch?v=8gskwv3y4hk&t=0s",
            "percent": 100,
            "hz": 360
        },
        {
            "user": "Samuuu18",
            "link": "https://youtu.be/AuyoTjbzIzg",
            "percent": 100,
            "hz": 360
        },
        {
            "user": "Davine_007",
            "link": "https://youtu.be/gmql-llLH24",
            "percent": 100,
            "hz": 144
        },
        {
            "user": "biskit",
            "link": "https://www.youtube.com/watch?v=lYA2RQWDM3g",
            "percent": 100,
            "hz": 360
        }
    ]
}
