{
    "id": 78453802,
    "name": "Shitty Marathon",
    "author": "Kiwi1938",
    "creators": [],
    "verifier": "Kiwi1938",
    "verification": "https://www.youtube.com/watch?v=uGPZt7RUS-Y",
    "percentToQualify": 63,
    "records": [
        {
            "user": "KylashTheKiller",
            "link": "https://www.youtube.com/watch?v=oEZ2oYyPyeM",
            "percent": 100,
            "hz": 60
        },
        {
            "user": "BrightBird",
            "link": "https://youtu.be/9qHwX5TqYjE",
            "percent": 100,
            "hz": 288
        },
        {
            "user": "Shel",
            "link": "https://youtu.be/h4zNoude4BQ",
            "percent": 100,
            "hz": 144
        },
        {
            "user": "Vaoen",
            "link": "https://www.twitch.tv/videos/1308926299",
            "percent": 100,
            "hz": 288
        },
        {
            "user": "Dougieman",
            "link": "https://youtu.be/8-QXxEzmXGw",
            "percent": 100,
            "hz": 60,
            "mobile": true
        },
        {
            "user": "Kenos Song",
            "link": "https://www.youtube.com/watch?v=h4_zLCHY0D0",
            "percent": 100,
            "hz": 360
        },
        {
            "user": "BBGameGuru",
            "link": "https://www.youtube.com/watch?v=5KASVJPAIbU",
            "percent": 100,
            "hz": 60,
            "mobile": true
        },
        {
            "user": "biskit",
            "link": "https://www.youtube.com/watch?v=a32ktDJ4HsA",
            "percent": 100,
            "hz": 360
        },
        {
            "user": "Dandy Chiggins",
            "link": "https://youtu.be/59KEEyfbFrM",
            "percent": 100,
            "hz": 240
        }
    ]
}
