{
    "id": 76229183,
    "name": "Shitty Martin",
    "author": "Myz",
    "creators": [],
    "verifier": "Myz",
    "verification": "https://youtu.be/B0xcSY1CFxM",
    "percentToQualify": 100,
    "records": [
        {
            "user": "iRaily",
            "link": "https://youtu.be/jcQPKj1EKRg",
            "percent": 100,
            "hz": 288
        },
        {
            "user": "Shel",
            "link": "https://youtu.be/c7rYP2-9SRg",
            "percent": 100,
            "hz": 144
        },
        {
            "user": "WauksGD",
            "link": "https://youtu.be/-cphlQEa3dk",
            "percent": 100,
            "hz": 144
        },
        {
            "user": "zuva",
            "link": "https://youtu.be/PjENEDVamLA",
            "percent": 100,
            "hz": 165
        },
        {
            "user": "attrixia",
            "link": "https://www.youtube.com/watch?v=JDn6OjA1Bgo",
            "percent": 100,
            "hz": 150
        },
        {
            "user": "Armani",
            "link": "https://www.youtube.com/watch?v=G5azao_sUtU",
            "percent": 100,
            "hz": 360
        },
        {
            "user": "Riptide",
            "link": "https://youtu.be/y_k4mJpnuac",
            "percent": 100,
            "hz": 120
        },
        {
            "user": "IDeltaPhantomI",
            "link": "https://www.youtube.com/watch?v=U98lcV92uf4",
            "percent": 100,
            "hz": 360
        },
        {
            "user": "Spaace",
            "link": "https://www.tiktok.com/@spaacegd/video/7117144238894189825",
            "percent": 100,
            "hz": 120
        },
        {
            "user": "ObvSilver",
            "link": "https://youtu.be/32c1Ai4bfbg",
            "percent": 100,
            "hz": 165
        },
        {
            "user": "J",
            "link": "https://youtu.be/CGPcBCeY50M",
            "percent": 100,
            "hz": 360
        },
        {
            "user": "Bombeiro Africano",
            "link": "https://youtu.be/b6OdU4pzA5M",
            "percent": 100,
            "hz": 240
        }
    ]
}
