{
    "id": 68782533,
    "name": "Shitty Molten Gear",
    "author": "chspchips",
    "creators": [],
    "verifier": "BlueTomcat",
    "verification": "https://www.youtube.com/watch?v=9Wu9JG3JpZw",
    "percentToQualify": 100,
    "records": [
        {
            "user": "SupaX_",
            "link": "https://www.youtube.com/watch?v=ZjwhiqkPdA0",
            "percent": 100,
            "hz": 240
        },
        {
            "user": "iRaily",
            "link": "https://youtu.be/AR4iInpIm58",
            "percent": 100,
            "hz": 288
        },
        {
            "user": "EloLmaN",
            "link": "https://youtu.be/pXkJHqH2Rnc",
            "percent": 94,
            "hz": 60
        },
        {
            "user": "IDeltaPhantomI",
            "link": "https://youtu.be/ebaVQ6yGOIQ",
            "percent": 100,
            "hz": 240
        },
        {
            "user": "Potaslam",
            "link": "https://www.youtube.com/watch?v=neAuAbD6gSs&ab_channel=Potaslam",
            "percent": 100,
            "hz": 144
        },
        {
            "user": "ClemePO10",
            "link": "https://www.youtube.com/watch?v=99iXBO4ofJo&t=3s",
            "percent": 85,
            "hz": 60
        },
        {
            "user": "Kobra456",
            "link": "https://www.youtube.com/watch?v=gUnUWo1sf8Q",
            "percent": 100,
            "hz": 288
        },
        {
            "user": "nDerp",
            "link": "https://youtu.be/X4_CHmnmBrA",
            "percent": 60,
            "hz": 120,
            "mobile": true
        },
        {
            "user": "WhiteGokey",
            "link": "https://www.youtube.com/watch?v=_Q-DRQjxhgE",
            "percent": 100,
            "hz": 60
        },
        {
            "user": "xdgamer",
            "link": "https://www.youtube.com/watch?v=X_QLWDKdI34",
            "percent": 100,
            "hz": 180
        },
        {
            "user": "Kenarium",
            "link": "https://youtu.be/KtLK4-vLVPw",
            "percent": 89,
            "hz": 60
        },
        {
            "user": "Delay",
            "link": "https://www.youtube.com/watch?v=TtiJPE1cCdo",
            "percent": 100,
            "hz": 240
        },
        {
            "user": "WilltheRen",
            "link": "https://www.youtube.com/7r2gmBbvN8E",
            "percent": 100,
            "hz": 165
        },
        {
            "user": "Newghs88",
            "link": "https://youtu.be/vPFJV3txCgE",
            "percent": 100,
            "hz": 60
        },
        {
            "user": "Arventic",
            "link": "https://youtu.be/RmJ0jl9Gsfk",
            "percent": 100,
            "hz": 60
        },
        {
            "user": "MfoGaming1219",
            "link": "https://youtu.be/E6aIOq6SXiI",
            "percent": 100,
            "hz": 165
        },
        {
            "user": "Riptide",
            "link": "https://youtu.be/Pxc7dBjSpaQ",
            "percent": 100,
            "hz": 60
        },
        {
            "user": "DashTH",
            "link": "https://www.youtube.com/watch?v=g61eEPEIpEE",
            "percent": 100,
            "hz": 120
        },
        {
            "user": "Game Over",
            "link": "https://youtu.be/JpLOY6OXiJU",
            "percent": 100,
            "hz": 360
        },
        {
            "user": "NiXaNTy",
            "link": "https://youtu.be/LmxFc13vKw4",
            "percent": 100,
            "hz": 360
        },
        {
            "user": "Shel",
            "link": "https://youtu.be/kZNIxOfX21U",
            "percent": 100,
            "hz": 144
        },
        {
            "user": "Chronic",
            "link": "https://www.youtube.com/watch?v=t6LsaoPXLws",
            "percent": 100,
            "hz": 144
        },
        {
            "user": "shaodwwhite",
            "link": "https://www.youtube.com/watch?v=ljLRaAs6dVU",
            "percent": 100,
            "hz": 240
        },
        {
            "user": "UnhealthyPoro",
            "link": "https://youtu.be/EZ_arB4nXg0",
            "percent": 100,
            "hz": 240
        },
        {
            "user": "Erdus7",
            "link": "https://www.youtube.com/watch?v=Gj5I6ICb3ko",
            "percent": 100,
            "hz": 288
        },
        {
            "user": "J",
            "link": "https://youtu.be/haPsTZdVjMs",
            "percent": 100,
            "hz": 360
        }
    ]
}
