{
    "id": 69299628,
    "name": "Shitty Molten Core",
    "author": "hexuri",
    "creators": ["Myz"],
    "verifier": "Sydney",
    "verification": "https://youtu.be/pljecExQeZE",
    "percentToQualify": 100,
    "password": "Not Copyable",
    "records": [
        {
            "user": "Kobra456",
            "link": "https://www.youtube.com/watch?v=gUnUWo1sf8Q",
            "percent": 100,
            "hz": 288
        },
        {
            "user": "Fh1r",
            "link": "https://www.youtube.com/watch?v=lEaep5IjTRM",
            "percent": 100,
            "hz": 240
        },
        {
            "user": "IDeltaPhantomI",
            "link": "https://youtu.be/SpKbxsOPq-E",
            "percent": 100,
            "hz": 300
        },
        {
            "user": "Tai0",
            "link": "https://youtu.be/jkBGIApO8a4",
            "percent": 100,
            "hz": 144
        },
        {
            "user": "Sushiboys",
            "link": "https://www.youtube.com/watch?v=8fIbhX5zVco",
            "percent": 100,
            "hz": 300
        },
        {
            "user": "iRaily",
            "link": "https://www.youtube.com/watch?v=6sycBXpph-Q",
            "percent": 100,
            "hz": 288
        },
        {
            "user": "nayf",
            "link": "https://youtu.be/2oHot-YJkd4",
            "percent": 100,
            "hz": 240
        },
        {
            "user": "PinkCotton",
            "link": "https://youtu.be/HjYe3n0VaQE",
            "percent": 100,
            "hz": 240
        },
        {
            "user": "Delay",
            "link": "https://youtu.be/JXNKJTxIo14",
            "percent": 100,
            "hz": 240
        },
        {
            "user": "cosmy",
            "link": "https://www.youtube.com/watch?v=_i4JWSbpYY8",
            "percent": 81,
            "hz": 144
        },
        {
            "user": "Korushi [GD]",
            "link": "https://www.youtube.com/watch?v=29HdoR13vP4",
            "percent": 100,
            "hz": 144
        },
        {
            "user": "Samuuu18",
            "link": "https://youtu.be/muAn3e9mVyQ",
            "percent": 100,
            "hz": 180
        },
        {
            "user": "Nolife",
            "link": "https://www.youtube.com/watch?v=xFzdmgIWYu8",
            "percent": 100,
            "hz": 240
        },
        {
            "user": "BlackChaleur",
            "link": "https://www.youtube.com/watch?v=K89GptES_R0",
            "percent": 100,
            "hz": 360
        },
        {
            "user": "WilltheRen",
            "link": "https://www.youtube.com/7r2gmBbvN8E",
            "percent": 100,
            "hz": 165
        },
        {
            "user": "BrightBird",
            "link": "https://youtu.be/Czce3cvNdnE",
            "percent": 100,
            "hz": 288
        },
        {
            "user": "Vicrf",
            "link": "https://youtu.be/oOXdE6xZzRQ",
            "percent": 100,
            "hz": 288
        },
        {
            "user": "LzKlauss",
            "link": "https://www.youtube.com/watch?v=YQIPOZsifK4",
            "percent": 100,
            "hz": 360
        },
        {
            "user": "Dandy Chiggins",
            "link": "https://youtu.be/udg6VQtvMwQ",
            "percent": 100,
            "hz": 240
        },
        {
            "user": "Shel",
            "link": "https://www.youtube.com/watch?v=9w-iuvBWszs",
            "percent": 100,
            "hz": 144
        },
        {
            "user": "TravelChimp",
            "link": "https://youtu.be/5OLTuDCVto4",
            "percent": 100,
            "hz": 288
        },
        {
            "user": "ObvSilver",
            "link": "https://youtu.be/k4UQgxVE4I0",
            "percent": 100,
            "hz": 165
        },
        {
            "user": "ZerniasX",
            "link": "https://youtu.be/PRa9eFPxu0c",
            "percent": 100,
            "hz": 360
        },
        {
            "user": "fakeiwnl",
            "link": "https://www.youtube.com/watch?v=MrcaxB7Zv9U",
            "percent": 100,
            "hz": 360
        },
        {
            "user": "abx23",
            "link": "https://www.youtube.com/watch?v=_NGyKI8ujZA",
            "percent": 100,
            "hz": 165
        },
        {
            "user": "Riptide",
            "link": "https://youtu.be/2mZFm3iS3ts",
            "percent": 100,
            "hz": 120
        },
        {
            "user": "BanDz",
            "link": "https://www.youtube.com/watch?v=im4SnD49A0Y",
            "percent": 100,
            "hz": 360
        },
        {
            "user": "Pichufleta",
            "link": "https://www.youtube.com/watch?v=qb9hB9KYxIE&list=PLY2u5QTE9Tqo1Fc2YfpuKRuk7YFqtQazA&index=9&ab_channel=Pichufleta%5BGD%5D",
            "percent": 100,
            "hz": 360
        },
        {
            "user": "WaffleSniffer",
            "link": "https://www.youtube.com/watch?v=jSQoZL9Cm_8",
            "percent": 100,
            "hz": 60
        },
        {
            "user": "youi",
            "link": "https://www.youtube.com/watch?v=RMCsyiXs8J0&ab_channel=six6six",
            "percent": 100,
            "hz": 240
        }
    ]
}
