{
    "id": 81148398,
    "name": "Shitty Necromancer",
    "author": "MiloKelly",
    "creators": [],
    "verifier": "kacro",
    "verification": "https://www.youtube.com/watch?v=2fV2DqF0BBU",
    "percentToQualify": 100,
    "password": "Not Copyable",
    "records": [
        {
            "user": "RazerJCZ",
            "link": "https://www.youtube.com/watch?v=hoKufdaTvA4",
            "percent": 100,
             "hz": 240
        },
        {
            "user": "Shel",
            "link": "https://youtu.be/IVzw67NbAE8",
            "percent": 100,
             "hz": 144
        },
        {
            "user": "biskit",
            "link": "https://youtu.be/cErikjo-h5I",
            "percent": 100,
            "hz": 360
        },
        {
            "user": "Prometheus",
            "link": "https://youtu.be/TaTOHv_e0eU",
            "percent": 100,
            "hz": 144
        }
    ]
}

