{
    "id": 79562569,
    "name": "Shitty Night Party",
    "author": "Blitzcuit",
    "creators": [
        "Sombra",
        "RadioY",
        "KandyMan",
        "Strix",
        "Acidius",
        "Microwaveee",
        "Colorrox",
        "SupaX_",
        "Kowal",
        "Ryoui",
        "Lil_Creator",
        "Spaace",
        "Ludwig Drums",
        "Hexuri",
        "IntriZ",
        "ChspChips",
        "Luke",
        "Kal",
        "Poptart",
        "Whitar",
        "zR1fleRobotz",
        "SlayerBot"
    ],
    "verifier": "Blitzcuit",
    "verification": "https://youtu.be/0xcQsxNFJb8",
    "percentToQualify": 100,
    "records": [
        {
            "user": "SupaX_",
            "link": "https://youtu.be/Stm631V_bIM",
            "percent": 100,
            "hz": 240
        },
        {
            "user": "BlueTomcat",
            "link": "https://www.youtube.com/watch?v=lnkMSK-pdQ8",
            "percent": 100,
            "hz": 288
        },
        {
            "user": "Starteccs",
            "link": "https://youtu.be/pnoRAxTQJno",
            "percent": 100,
            "hz": 60,
            "mobile": true
        },
        {
            "user": "LBoke",
            "link": "https://www.youtube.com/watch?v=CEnAArgJq00",
            "percent": 100,
            "hz": 360
        },
        {
            "user": "iRaily",
            "link": "https://youtu.be/n2IJmC7C76U",
            "percent": 100,
            "hz": 288
        },
        {
            "user": "Delay",
            "link": "https://www.youtube.com/watch?v=q0Sql6pNEw8",
            "percent": 100,
            "hz": 144
        }
    ]
}
