{
    "id": 72378274,
    "name": "Shitty Oblivion",
    "author": "MamaMauve",
    "creators": [],
    "verifier": "iRaily",
    "verification": "https://youtu.be/uG8inkR222o",
    "percentToQualify": 100,
    "password": "142536",
    "records": [
        {
            "user": "Tai0",
            "link": "https://www.youtube.com/watch?v=HNyxe929O1o",
            "percent": 100,
            "hz": 144
        },
        {
            "user": "attrixia",
            "link": "https://youtu.be/UtcWic4Sl8Q",
            "percent": 100,
            "hz": 150
        },
        {
            "user": "Nolife",
            "link": "https://www.youtube.com/watch?v=dk_QDQWHlSs",
            "percent": 100,
            "hz": 240
        },
        {
            "user": "Lyrian",
            "link": "https://www.youtube.com/watch?v=z6WD2ic_27I",
            "percent": 100,
            "hz": 165
        },
        {
            "user": "Decin0",
            "link": "https://youtu.be/nu9WmvLlyn8?t=21 ",
            "percent": 100,
            "hz": 240
        },
        {
            "user": "Dougieman",
            "link": "https://youtu.be/0Ls2AW-jIzU",
            "percent": 100,
            "hz": 120,
            "mobile": true
        },
        {
            "user": "WilzX",
            "link": "https://www.youtube.com/watch?v=6syOD3HdOYk",
            "percent": 100,
            "hz": 200
        },
        {
            "user": "ItzQuster",
            "link": "https://youtu.be/bG3Dlgm5bvw",
            "percent": 100,
            "hz": 120
        },
        {
            "user": "Ecstricity",
            "link": "https://www.youtube.com/watch?v=Lp-CzqV1yPY",
            "percent": 100,
            "hz": 60
        },
        {
            "user": "MamaMauve",
            "link": "https://www.youtube.com/watch?v=U4gyHc9T66s",
            "percent": 100,
            "hz": 60
        },
        {
            "user": "obsi",
            "link": "https://youtu.be/y46Xeowxc10",
            "percent": 100,
            "hz": 120
        },
        {
            "user": "Starscream",
            "link": "https://www.youtube.com/watch?v=25nH9wm-RqI",
            "percent": 100,
            "hz": 60
        },
        {
            "user": "T333",
            "link": "https://www.youtube.com/watch?v=aQdS4FVJ3eI",
            "percent": 100,
            "hz": 240
        },
        {
            "user": "GDaRkV",
            "link": "https://youtu.be/8pl4vdMEv9s",
            "percent": 100,
            "hz": 120
        },
        {
            "user": "Riptide",
            "link": "https://youtu.be/QdojRHjLuK0",
            "percent": 100,
            "hz": 100
        },
        {
            "user": "Lazzy12",
            "link": "https://youtu.be/V4QJKb76S4Y",
            "percent": 100,
            "hz": 60
        },
        {
            "user": "zygimantux",
            "link": "https://www.youtube.com/watch?v=tlWDueIfzIw",
            "percent": 100,
            "hz": 240
        },
        {
            "user": "DashTH",
            "link": "https://www.youtube.com/watch?v=EcNncnu73M0",
            "percent": 100,
            "hz": 120
        },
        {
            "user": "JustM4t",
            "link": "https://www.youtube.com/watch?v=dy4D9EuKQ1o",
            "percent": 100,
            "hz": 240
        },
        {
            "user": "Justice Snake",
            "link": "https://www.youtube.com/watch?v=4FUbfvHp5-Q",
            "percent": 100,
            "hz": 60
        },
        {
            "user": "LeonBagel",
            "link": "https://youtu.be/vFOLnjEYvOc",
            "percent": 100,
            "hz": 360
        },
        {
            "user": "Nano FV",
            "link": "https://youtu.be/VMYQ35_Sa40",
            "percent": 100,
            "hz": 60
        },
        {
            "user": "Andrxw",
            "link": "https://www.youtube.com/watch?v=pOsY20aSfn4",
            "percent": 100,
            "hz": 144
        },
        {
            "user": "Holojen",
            "link": "https://youtu.be/mH9NMpFpSQw",
            "percent": 100,
            "hz": 288
        },
        {
            "user": "Yarkii",
            "link": "https://youtu.be/UXti9UIgJD8",
            "percent": 100,
            "hz": 240
        },
        {
            "user": "domi77",
            "link": "https://youtu.be/TgCqbYaWjc8",
            "percent": 100,
            "hz": 144
        },
        {
            "user": "Shel",
            "link": "https://youtu.be/dd1-NYvzwms",
            "percent": 100,
            "hz": 144
        },
        {
            "user": "Spaace",
            "link": "https://youtu.be/Zl7VJoRFwhc",
            "percent": 100,
            "hz": 120
        },
        {
            "user": "conor",
            "link": "https://youtu.be/vdjUPPFcEug",
            "percent": 100,
            "hz": 60,
            "mobile": true
        },
        {
            "user": "Bamvie",
            "link": "https://youtu.be/4ZZDGYmeFmw",
            "percent": 100,
            "hz": 120
        },
        {
            "user": "WaveWarrior",
            "link": "https://youtu.be/4AyRZgllw_A",
            "percent": 100,
            "hz": 240
        }
    ]
}
