{
    "id": 76299790,
    "name": "Shitty Occult Outcry",
    "author": "IHas",
    "creators": [],
    "verifier": "Multix922",
    "verification": "https://www.youtube.com/watch?v=6WWqLC7F4MY",
    "percentToQualify": 100,
    "records": [
        {
            "user": "Shel",
            "link": "https://youtu.be/01vP5AKN5lI",
            "percent": 100,
            "hz": 144
        },
        {
            "user": "T333",
            "link": "https://youtu.be/Mafu97tflFk",
            "percent": 100,
            "hz": 240
        },
        {
            "user": "KasiaUwU",
            "link": "https://www.youtube.com/watch?v=eXCIY5ANFa8&ab_channel=kasia",
            "percent": 100,
            "hz": 180
        }
    ]
}
