{
    "id": 63803569,
    "name": "Shitty Old Avalanche",
    "author": "Cyns",
    "creators": [],
    "verifier": "Cyns",
    "verification": "https://youtu.be/N5rnhFm4hQQ",
    "percentToQualify": 100,
    "records": [
        {
            "user": "IDeltaPhantomI",
            "link": "https://youtu.be/StIpKM5CHgQ",
            "percent": 100,
            "hz": 240
        },
        {
            "user": "WhatsApp",
            "link": "https://youtu.be/Woki6IVnbxE",
            "percent": 100,
            "hz": 240
        },
        {
            "user": "Brinnn",
            "link": "https://youtu.be/5y1A2FxfGK4",
            "percent": 100,
            "hz": 120
        },
        {
            "user": "ZerniasX",
            "link": "https://youtu.be/cyMGKrZacPE",
            "percent": 100,
            "hz": 300
        },
        {
            "user": "Kobra456",
            "link": "https://www.youtube.com/watch?v=vKWpVv4DWGI",
            "percent": 100,
            "hz": 144
        },
        {
            "user": "GabeLucario",
            "link": "https://www.youtube.com/watch?v=7yIy815EUBk",
            "percent": 100,
            "hz": 240
        },
        {
            "user": "Dustik",
            "link": "https://www.youtube.com/watch?v=zC0jDV5uDh8&ab_channel=Dustik",
            "percent": 100,
            "hz": 144
        },
        {
            "user": "xWaffles",
            "link": "https://www.youtube.com/watch?v=3_PcS8FrNFw&feature=youtu.be",
            "percent": 100,
            "hz": 288
        },
        {
            "user": "klik21",
            "link": "https://www.youtube.com/watch?v=NAaHieb-4nY&feature=youtu.be",
            "percent": 100,
            "hz": 165
        },
        {
            "user": "idiotdash",
            "link": "https://youtu.be/pzrs1m4RdVo",
            "percent": 100,
            "hz": 144
        },
        {
            "user": "SrGuillester",
            "link": "https://www.youtube.com/watch?v=fHqhy9bO00o",
            "percent": 100,
            "hz": 144
        },
        {
            "user": "SuseJRG",
            "link": "https://youtu.be/J6mmXmenZmk",
            "percent": 100,
            "hz": 120
        },
        {
            "user": "iRaily",
            "link": "https://youtu.be/eICyMZkRif4?t=181",
            "percent": 100,
            "hz": 288
        },
        {
            "user": "gdXposed",
            "link": "https://youtu.be/7GTVBJGlV1w",
            "percent": 100,
            "hz": 240
        },
        {
            "user": "Fulva",
            "link": "https://youtu.be/-PqO9gGdz20",
            "percent": 100,
            "hz": 288
        },
        {
            "user": "ItzElectrix",
            "link": "https://youtu.be/uXUyRRBcy-M?t=191",
            "percent": 100,
            "hz": 165
        },
        {
            "user": "NoCtrl",
            "link": "https://youtu.be/uPq5fltVTvM",
            "percent": 100,
            "hz": 144
        },
        {
            "user": "SupaX_",
            "link": "https://youtu.be/M5JBbH95Dks?t=146",
            "percent": 100,
            "hz": 240
        },
        {
            "user": "Realiosteelio",
            "link": "https://youtu.be/RC62fzPIots",
            "percent": 100,
            "hz": 360
        },
        {
            "user": "BlueTomcat",
            "link": "https://youtu.be/K1MnPamxrkU",
            "percent": 100,
            "hz": 288
        },
        {
            "user": "Andrew14916",
            "link": "https://www.youtube.com/watch?app=desktop&v=52UTn5TXm_8",
            "percent": 100,
            "hz": 240
        },
        {
            "user": "TH54",
            "link": "https://youtu.be/reJ-pHohUPc",
            "percent": 100,
            "hz": 360
        },
        {
            "user": "LzKlauss",
            "link": "https://www.youtube.com/watch?v=_EYl38GQRCI",
            "percent": 100,
            "hz": 360
        },
        {
            "user": "Sushiboys",
            "link": "https://youtu.be/jXdbK-dBCTA",
            "percent": 100,
            "hz": 300
        },
        {
            "user": "Nolife",
            "link": "https://www.youtube.com/watch?v=UugQ8U0FbT4",
            "percent": 100,
            "hz": 240
        },
        {
            "user": "Shel",
            "link": "https://youtu.be/8ZFAk5qDI5g",
            "percent": 100,
            "hz": 144
        },
        {
            "user": "Davine_007",
            "link": "https://youtu.be/utzVbpLRS18",
            "percent": 100,
            "hz": 144
        },
        {
            "user": "Delay",
            "link": "https://www.youtube.com/watch?v=9C0mVuBmgI4&t=42s",
            "percent": 100,
            "hz": 240
        },
        {
            "user": "whit",
            "link": "https://www.youtube.com/watch?v=pNt54l2aDdw",
            "percent": 100,
            "hz": 144
        },
        {
            "user": "ThirtyTwelve",
            "link": "https://www.youtube.com/watch?v=BqbFk68bmNk",
            "percent": 100,
            "hz": 240
        },
        {
            "user": "Acacia",
            "link": "https://www.youtube.com/watch?v=RV2ksXhqZj4",
            "percent": 100,
            "hz": 360
        },
        {
            "user": "CuttNSee",
            "link": "https://www.youtube.com/watch?v=VBI6FQQh7dw",
            "percent": 100,
            "hz": 240
        },
        {
            "user": "DodoTheBigMan",
            "link": "https://www.youtube.com/watch?v=Jk41yg4gNz8&ab_channel=DodoTheBigMan",
            "percent": 100,
            "hz": 360
        },
        {
            "user": "Prometheus",
            "link": "https://youtu.be/fWHmpgMJ6JI",
            "percent": 100,
            "hz": 144
        },
        {
            "user": "LinedriveGD",
            "link": "https://www.youtube.com/watch?v=UsvgrYSHXTQ",
            "percent": 100,
            "hz": 300
        },
        {
            "user": "T333",
            "link": "https://www.youtube.com/watch?v=nHYMWmzDzuI",
            "percent": 100,
            "hz": 240
        },
        {
            "user": "1hhx9",
            "link": "https://www.youtube.com/watch?v=LYcDmuYI2Is",
            "percent": 100,
            "hz": 240
        },
        {
            "user": "Snakez363",
            "link": "https://youtu.be/iJVqQRm03qs",
            "percent": 100,
            "hz": 144
        },
        {
            "user": "VeNoX",
            "link": "https://www.youtube.com/watch?v=kRWzYGLwrJM",
            "percent": 100,
            "hz": 240
        },
        {
            "user": ".com",
            "link": "https://www.youtube.com/watch?v=YQml1ZcJj6c",
            "percent": 100,
            "hz": 120
        },
        {
            "user": "Riptide",
            "link": "https://youtu.be/plJepPuXka0",
            "percent": 100,
            "hz": 120
        },
        {
            "user": "WaveWarrior",
            "link": "https://youtu.be/1Ih8LnTS36A",
            "percent": 100,
            "hz": 240
        }
    ]
}
