{
    "id": 72527818,
    "name": "Shitty Omicron",
    "author": "Nico721GD",
    "creators": [],
    "verifier": "LBoke",
    "verification": "https://www.youtube.com/watch?v=-KRaScB17Tc",
    "percentToQualify": 100,
    "records": [
        {
            "user": "KylashTheKiller",
            "link": "https://youtu.be/AT7Pn2oK22E",
            "percent": 100,
            "hz": 60
        },
        {
            "user": "Shel",
            "link": "https://youtu.be/MTn6GtHLcOA",
            "percent": 100,
            "hz": 144
        }
    ]
}
