{
    "id": 77799812,
    "name": "Shitty Paroxysm",
    "author": "iRaily",
    "creators": [],
    "verifier": "iRaily",
    "verification": "https://www.youtube.com/watch?v=aU8MA2kzVNI",
    "percentToQualify": 100,
    "password": "Not Copyable",
    "records": [
        {
            "user": "DogeyBoi",
            "link": "https://www.youtube.com/watch?v=v27eRA6wD1M",
            "percent": 100,
            "hz": 360
        },
        {
            "user": "fakeiwnl",
            "link": "https://www.youtube.com/watch?v=4Fed0zpep2M",
            "percent": 100,
            "hz": 360
        },
        {
            "user": "FedeXD",
            "link": "https://www.youtube.com/watch?v=toksCI_M5rY",
            "percent": 100,
            "hz": 360
        }
    ]
}
