{
    "id": 64156354,
    "name": "Shitty Plasma Pulse Finale",
    "author": "Acidius",
    "creators": ["Aassbll"],
    "verifier": "Acidius",
    "verification": "https://www.youtube.com/watch?v=3lKZcAwgFkA",
    "percentToQualify": 56,
    "password": "533053",
    "records": [
        {
            "user": "Sydney",
            "link": "https://youtu.be/PpeFax-Obxw",
            "percent": 100,
            "hz": 288
        },
        {
            "user": "GDMeric",
            "link": "https://youtu.be/3lKZcAwgFkA",
            "percent": 100,
            "hz": 144
        },
        {
            "user": "Aassbll",
            "link": "https://youtu.be/BVkGPNaIRCc",
            "percent": 100,
            "hz": 60
        },
        {
            "user": "WhatsApp",
            "link": "https://youtu.be/ok95rc5aFVg",
            "percent": 100,
            "hz": 288
        },
        {
            "user": "Kobra456",
            "link": "https://www.youtube.com/watch?v=t9-LIScKu_0",
            "percent": 100,
            "hz": 144
        },
        {
            "user": "Ryclix",
            "link": "https://www.youtube.com/watch?v=EPbbFGUU_Bo&feature=youtu.be&t=1440s",
            "percent": 100,
            "hz": 288
        },
        {
            "user": "Kapinapi",
            "link": "https://www.youtube.com/watch?v=p05WatZdcWE&feature=youtu.be",
            "percent": 100,
            "hz": 144
        },
        {
            "user": "HugoHMF",
            "link": "https://www.youtube.com/watch?v=lWdnqgLkV2o&feature=youtu.be",
            "percent": 100,
            "hz": 144
        },
        {
            "user": "FigTheCat",
            "link": "https://youtu.be/GMZIG4oqF6Q",
            "percent": 100,
            "hz": 144
        },
        {
            "user": "Lelzi",
            "link": "https://youtu.be/vzWqWP1qufA",
            "percent": 100,
            "hz": 144
        },
        {
            "user": "Derek46",
            "link": "https://www.youtube.com/watch?v=TlgA60YtZbs",
            "percent": 100,
            "hz": 240
        },
        {
            "user": "redd",
            "link": "https://youtu.be/m4c3FWC1IIM",
            "percent": 76,
            "hz": 300
        },
        {
            "user": "DibiiziCookie",
            "link": "https://www.youtube.com/watch?v=KelP5pJzXjs",
            "percent": 100,
            "hz": 240
        },
        {
            "user": "Franzy",
            "link": "https://youtu.be/0ppGAuwVOfs",
            "percent": 100,
            "hz": 120
        },
        {
            "user": "iIiLaSeRiIi",
            "link": "https://www.youtube.com/watch?v=YRYZLFNzTBc",
            "percent": 100,
            "hz": 144
        },
        {
            "user": "SuPPerBBoy [GD]",
            "link": "https://www.youtube.com/watch?v=5xbekvvvBMU&t=0s",
            "percent": 100,
            "hz": 300
        },
        {
            "user": "ddddr",
            "link": "https://www.youtube.com/watch?v=Q5MuAeh88Fk",
            "percent": 100,
            "hz": 144
        },
        {
            "user": "Magmeta",
            "link": "https://youtu.be/iMdEtq-mGRQ",
            "percent": 100,
            "hz": 240
        },
        {
            "user": "Kenos Song",
            "link": "https://www.youtube.com/watch?v=vcJyTkeuIcg&feature=youtu.be",
            "percent": 100,
            "hz": 288
        },
        {
            "user": "Bleamer",
            "link": "https://www.youtube.com/watch?v=WAhCDFmoVcc",
            "percent": 100,
            "hz": 288
        },
        {
            "user": "Samuuu18",
            "link": "https://youtu.be/oyrC9TwHhwM",
            "percent": 100,
            "hz": 180
        },
        {
            "user": "Peachy",
            "link": "https://youtu.be/Pmsnj8azJe0",
            "percent": 100,
            "hz": 144
        },
        {
            "user": "orizu",
            "link": "https://youtu.be/ZJZWqO2o5p8",
            "percent": 100,
            "hz": 240
        },
        {
            "user": "Quadra33",
            "link": "https://www.youtube.com/watch?v=JLQxeRuns9A&ab_channel=quadra33",
            "percent": 100,
            "hz": 144
        },
        {
            "user": "MacJubber",
            "link": "https://youtu.be/OCx2gq4BzI8",
            "percent": 100,
            "hz": 300
        },
        {
            "user": "Aleg",
            "link": "https://youtu.be/QsRFddlG4UQ",
            "percent": 100,
            "hz": 144
        },
        {
            "user": "SupaX_",
            "link": "https://youtu.be/XravGws4So8",
            "percent": 100,
            "hz": 240
        },
        {
            "user": "IDeltaPhantomI",
            "link": "https://youtu.be/QVWSvwFpolQ",
            "percent": 100,
            "hz": 240
        },
        {
            "user": "PetarParadrop",
            "link": "https://youtu.be/M9xKZyRmBVU",
            "percent": 100,
            "hz": 240
        },
        {
            "user": "KandyMan",
            "link": "https://youtu.be/3yoyjCsARUE",
            "percent": 100,
            "hz": 144
        },
        {
            "user": "shibi",
            "link": "https://www.youtube.com/watch?v=XGzpRab3t14",
            "percent": 100,
            "hz": 144
        },
        {
            "user": "Vink",
            "link": "https://youtu.be/x0gKx0FGKG4",
            "percent": 100,
            "hz": 120
        },
        {
            "user": "Conical",
            "link": "https://youtu.be/6Y7-JrgA64I",
            "percent": 100,
            "hz": 180
        },
        {
            "user": "LLunaa",
            "link": "https://youtu.be/Oru1xVMY4DA",
            "percent": 100,
            "hz": 240
        },
        {
            "user": "Emonadeo",
            "link": "https://www.youtube.com/watch?v=Dty4q7zYT6Q",
            "percent": 100,
            "hz": 240
        },
        {
            "user": "juuted",
            "link": "https://youtu.be/3WgwOAY93JU",
            "percent": 100,
            "hz": 240
        },
        {
            "user": "Renar110",
            "link": "https://youtu.be/IUVG25u3nx4",
            "percent": 100,
            "hz": 180
        },
        {
            "user": "XLGamer10",
            "link": "https://youtu.be/YZnExbsSfTE",
            "percent": 100,
            "hz": 288
        },
        {
            "user": "sand1234",
            "link": "https://www.youtube.com/watch?v=IIgHaSz_gWg&ab_channel=sandstormy",
            "percent": 100,
            "hz": 144
        },
        {
            "user": "Shade",
            "link": "https://www.youtube.com/watch?v=aO2lfx33cwY",
            "percent": 100,
            "hz": 144
        },
        {
            "user": "Delphin",
            "link": "https://youtu.be/FB-ozQgS-Dk",
            "percent": 100,
            "hz": 75
        },
        {
            "user": "SrGuillester",
            "link": "https://www.youtube.com/watch?v=fHqhy9bO00o",
            "percent": 100,
            "hz": 144
        },
        {
            "user": "ZerniasX",
            "link": "https://youtu.be/o4vOxejvdt4",
            "percent": 100,
            "hz": 288
        },
        {
            "user": "gdXposed",
            "link": "https://youtu.be/ZQKQH5UyYLc",
            "percent": 100,
            "hz": 240
        },
        {
            "user": "iRaily",
            "link": "https://youtu.be/dRP1qflhfWQ",
            "percent": 100,
            "hz": 288
        },
        {
            "user": "AustinGD",
            "link": "https://youtu.be/B6RZPQGOP6w",
            "percent": 100,
            "hz": 240
        },
        {
            "user": "BraceGD",
            "link": "https://www.youtube.com/watch?v=J_CwSm40p4Q",
            "percent": 100,
            "hz": 300
        },
        {
            "user": "Timéo",
            "link": "https://youtu.be/CGohi1ZllXw",
            "percent": 100,
            "hz": 144
        },
        {
            "user": "Holojen",
            "link": "https://youtu.be/dhuBcNccx5w",
            "percent": 100,
            "hz": 288
        },
        {
            "user": "arncott",
            "link": "https://www.youtube.com/watch?v=Trn0Jk0MNoA",
            "percent": 100,
            "hz": 240
        },
        {
            "user": "Tai0",
            "link": "https://youtu.be/tCyL46wuqu4",
            "percent": 100,
            "hz": 144
        },
        {
            "user": "danialves555",
            "link": "https://youtu.be/4FIwRnJgkFA",
            "percent": 100,
            "hz": 240
        },
        {
            "user": "Bjorni03",
            "link": "https://youtu.be/Ki2vUkydvJg",
            "percent": 100,
            "hz": 144
        },
        {
            "user": "JakeN2436",
            "link": "https://www.youtube.com/watch?v=cRs-OtdtLd4",
            "percent": 100,
            "hz": 240
        },
        {
            "user": "Vermillion",
            "link": "https://www.youtube.com/watch?v=laZj1POYa0E",
            "percent": 100,
            "hz": 144
        },
        {
            "user": "deex3",
            "link": "https://www.youtube.com/watch?v=pevLABQ-iz0",
            "percent": 100,
            "hz": 360
        },
        {
            "user": "Fh1r",
            "link": "https://www.youtube.com/watch?v=JsHt-yT-vTE",
            "percent": 100,
            "hz": 240
        },
        {
            "user": "Sushiboys",
            "link": "https://www.youtube.com/watch?v=k94Dhh5t5LQ",
            "percent": 100,
            "hz": 300
        },
        {
            "user": "attrixia",
            "link": "https://www.youtube.com/watch?v=ohAfEgdHwsk",
            "percent": 100,
            "hz": 150
        },
        {
            "user": "BliffY",
            "link": "https://youtu.be/DZyNSj_Gq-g",
            "percent": 100,
            "hz": 60
        },
        {
            "user": "pheena",
            "link": "https://www.youtube.com/watch?v=Ms6oNflTN6Y",
            "percent": 100,
            "hz": 360
        },
        {
            "user": "BlueTomcat",
            "link": "https://www.youtube.com/watch?v=pimMJOqVON4",
            "percent": 100,
            "hz": 288
        },
        {
            "user": "Aber",
            "link": "https://www.youtube.com/watch?v=yrQcg4vjwJ4&ab_channel=Aber",
            "percent": 100,
            "hz": 360
        },
        {
            "user": "Delay",
            "link": "https://www.youtube.com/watch?v=j1DSJlbKELE",
            "percent": 100,
            "hz": 240
        },
        {
            "user": "Chuck Danger",
            "link": "https://youtu.be/sIjCkAJ1RKg",
            "percent": 100,
            "hz": 144
        },
        {
            "user": "Nolife",
            "link": "https://www.youtube.com/watch?v=cFP2AP70q2Y",
            "percent": 100,
            "hz": 240
        },
        {
            "user": "MustafaAydin",
            "link": "https://www.youtube.com/watch?v=Nxza71rgtEY",
            "percent": 100,
            "hz": 120
        },
        {
            "user": "Galaxyx",
            "link": "https://www.youtube.com/watch?v=7yHZk9VlHXw",
            "percent": 100,
            "hz": 360
        },
        {
            "user": "Davine_007",
            "link": "https://www.youtube.com/watch?v=xCG_4U70f40",
            "percent": 100,
            "hz": 144
        },
        {
            "user": "KylashTheKiller",
            "link": "https://www.youtube.com/watch?v=1-SbF3PQ0PE",
            "percent": 100,
            "hz": 60
        },
        {
            "user": "Kanekigh",
            "link": "https://youtu.be/aUHEaCLiVFs",
            "percent": 100,
            "hz": 360
        },
        {
            "user": "Fabricorn",
            "link": "https://youtu.be/Ex_YuHc4204",
            "percent": 100,
            "hz": 360
        },
        {
            "user": "Solid",
            "link": "https://drive.google.com/file/d/1tSfSHTfjswpvLxd7ywJuBTGuoxLCL1c7/view?usp=sharing",
            "percent": 100,
            "hz": 240
        },
        {
            "user": "Chr8ts",
            "link": "https://youtu.be/mMrNfxAYz1k",
            "percent": 100,
            "hz": 240
        },
        {
            "user": "Riptide",
            "link": "https://youtu.be/MU0APwu9FiY",
            "percent": 100,
            "hz": 60
        },
        {
            "user": "LXGamer",
            "link": "https://youtu.be/mpJVK6yTKug",
            "percent": 86,
            "hz": 120
        },
        {
            "user": "Chee2y",
            "link": "https://www.youtube.com/watch?v=IcrUnfdUud8",
            "percent": 100,
            "hz": 240
        },
        {
            "user": "BrightBird",
            "link": "https://www.youtube.com/watch?v=_9iAdzm-BSE",
            "percent": 100,
            "hz": 288
        },
        {
            "user": "Shel",
            "link": "https://youtu.be/FK-8yCj_xQo",
            "percent": 100,
            "hz": 144
        },
        {
            "user": "Andrxw",
            "link": "https://youtu.be/asAWguFaxJ4",
            "percent": 100,
            "hz": 144
        },
        {
            "user": "snickles",
            "link": "https://www.youtube.com/watch?v=Hbas-ys7dps&ab_channel=snickles",
            "percent": 100,
            "hz": 360
        },
        {
            "user": "MaBooBas556",
            "link": "https://youtu.be/yXgG-j4gung",
            "percent": 100,
            "hz": 90
        },
        {
            "user": "CrokyTheKiwi",
            "link": "https://youtu.be/DjYMx0gi96I",
            "percent": 100,
            "hz": 360
        },
        {
            "user": "Kacro",
            "link": "https://www.youtube.com/watch?v=QPOZijX1j7I",
            "percent": 100,
            "hz": 360
        },
        {
            "user": "biskit",
            "link": "https://www.youtube.com/watch?v=HQ5y9dC03-c",
            "percent": 100,
            "hz": 360
        },
        {
            "user": "Spaace",
            "link": "https://youtu.be/c87jw8mUaUo",
            "percent": 100,
            "hz": 120
        },
        {
            "user": "tinnerhippo30",
            "link": "https://www.youtube.com/watch?v=pO02LqSqc7k&ab_channel=TinnerHippo",
            "percent": 100,
            "hz": 144
        },
        {
            "user": "sarcastic",
            "link": "https://youtu.be/E_bAgAwYLgI",
            "percent": 61,
            "hz": 60,
            "mobile": true
        },
        {
            "user": "Dandy Chiggins",
            "link": "https://youtu.be/aldWCtHfG6U",
            "percent": 100,
            "hz": 360
        },
        {
            "user": "moab",
            "link": "https://youtu.be/UPB5kES5DEU",
            "percent": 100,
            "hz": 240
        }
    ]
}
