{
    "id": 63648917,
    "name": "Shitty Poltergeist Reborn",
    "author": "MythicalTG",
    "creators": [],
    "verifier": "MythicalTG",
    "verification": "https://www.youtube.com/watch?v=XCAx9jVS2VQ",
    "percentToQualify": 100,
    "password": "Free to Copy",
    "records": [
        {
            "user": "Fh1r",
            "link": "https://www.youtube.com/watch?v=Q4vqg35Ryzw",
            "percent": 100,
            "hz": 240
        },
        {
            "user": "TH54",
            "link": "https://youtu.be/3cAzc-KVbMQ",
            "percent": 100,
            "hz": 240
        },
        {
            "user": "Goodyman",
            "link": "https://www.youtube.com/watch?v=ntzRbLc4Hj4&feature=youtu.be",
            "percent": 100,
            "hz": 165
        },
        {
            "user": "GDMeric",
            "link": "https://youtu.be/xW1HvKP9qo4",
            "percent": 100,
            "hz": 144
        },
        {
            "user": "Alphanetic",
            "link": "https://www.twitch.tv/videos/730608377",
            "percent": 100,
            "hz": 144
        },
        {
            "user": "Tai0",
            "link": "https://youtu.be/LJcWygVFwrI",
            "percent": 100,
            "hz": 120
        },
        {
            "user": "zMarc",
            "link": "https://youtu.be/9YycmrIcM6s",
            "percent": 100,
            "hz": 288
        },
        {
            "user": "Conical",
            "link": "https://youtu.be/DVDF8QKqguQ",
            "percent": 100,
            "hz": 180
        },
        {
            "user": "orizu",
            "link": "https://youtu.be/b8eQqI4ImPw",
            "percent": 100,
            "hz": 240
        },
        {
            "user": "Kr_Flame",
            "link": "https://youtu.be/w7cJ-cJijXQ",
            "percent": 100,
            "hz": 120
        },
        {
            "user": "ddddr",
            "link": "https://www.youtube.com/watch?v=MZ11FP1mz70",
            "percent": 100,
            "hz": 144
        },
        {
            "user": "AVALANCHA121",
            "link": "https://youtu.be/HuKjzk2Upls",
            "percent": 100,
            "hz": 75
        },
        {
            "user": "WhatsApp",
            "link": "https://youtu.be/6PjM4YrCZIk",
            "percent": 100,
            "hz": 288
        },
        {
            "user": "Sydney",
            "link": "https://youtu.be/hmP37CaGpLw",
            "percent": 100,
            "hz": 144
        },
        {
            "user": "Kobra456",
            "link": "https://www.youtube.com/watch?v=IHulsepK-Hs",
            "percent": 100,
            "hz": 144
        },
        {
            "user": "FrostBurn",
            "link": "https://youtu.be/ltjdaUv2YVE",
            "percent": 100,
            "hz": 144
        },
        {
            "user": "skzyl",
            "link": "https://youtu.be/HOnpdixKNQ4",
            "percent": 100,
            "hz": 240
        },
        {
            "user": "SlimmeFelix",
            "link": "https://www.youtube.com/watch?v=vILQ4vtpcy8",
            "percent": 100,
            "hz": 144
        },
        {
            "user": "Kapinapi",
            "link": "https://www.youtube.com/watch?v=Hs9QOerNPJc&t=146",
            "percent": 100,
            "hz": 144
        },
        {
            "user": "Buvettu",
            "link": "https://youtu.be/WXiwsWcGHIk",
            "percent": 100,
            "hz": 240
        },
        {
            "user": "wshedd",
            "link": "https://youtu.be/XgFdq5gbFGY",
            "percent": 100,
            "hz": 144
        },
        {
            "user": "Vaxec",
            "link": "https://youtu.be/J0zBqH3hVsk",
            "percent": 100,
            "hz": 240
        },
        {
            "user": "XLGamer10",
            "link": "https://youtu.be/a65JoxiTxek",
            "percent": 100,
            "hz": 288
        },
        {
            "user": "Ryclix",
            "link": "https://www.youtube.com/watch?v=ksGsT_AQxFw&feature=youtu.be&t=96s",
            "percent": 100,
            "hz": 288
        },
        {
            "user": "GabeLucario",
            "link": "https://www.youtube.com/watch?v=tSgqaTtzI2o",
            "percent": 100,
            "hz": 240
        },
        {
            "user": "ImScoping",
            "link": "https://youtu.be/z6Z-UEBQUR4",
            "percent": 100,
            "hz": 288
        },
        {
            "user": "ZerniasX",
            "link": "https://www.youtube.com/watch?v=BzSehEozeGI&ab_channel=ZerniasX",
            "percent": 100,
            "hz": 144
        },
        {
            "user": "StampZ",
            "link": "https://youtu.be/B2RGkMBEXIw",
            "percent": 100,
            "hz": 144
        },
        {
            "user": "xArcturus",
            "link": "https://youtu.be/_c7wwSJP6Tg",
            "percent": 100,
            "hz": 165
        },
        {
            "user": "Xela343",
            "link": "https://www.youtube.com/watch?v=nMn92myPQ6o&feature=youtu.be",
            "percent": 100,
            "hz": 240
        },
        {
            "user": "Melbourne",
            "link": "https://youtu.be/p_KCmUPUcwo",
            "percent": 100,
            "hz": 144
        },
        {
            "user": "iRaily",
            "link": "https://youtu.be/x_lytc8mgPA",
            "percent": 100,
            "hz": 288
        },
        {
            "user": "Dustik",
            "link": "https://www.youtube.com/watch?v=Rn_-nvzRZt0&ab_channel=Dustik",
            "percent": 100,
            "hz": 144
        },
        {
            "user": "zWhirlpool",
            "link": "https://www.youtube.com/watch?v=4tjV8SVps2Q",
            "percent": 100,
            "hz": 144
        },
        {
            "user": "LLunaa",
            "link": "https://youtu.be/gJwtzrLspSY",
            "percent": 100,
            "hz": 240
        },
        {
            "user": "IDeltaPhantomI",
            "link": "https://youtu.be/d-49w_sq0VY",
            "percent": 100,
            "hz": 240
        },
        {
            "user": "GD Catalyst",
            "link": "https://youtu.be/V7ufymuoqwc",
            "percent": 100,
            "hz": 144
        },
        {
            "user": "NoobikGD",
            "link": "https://youtu.be/7XIjmcM1fAA",
            "percent": 100,
            "hz": 120
        },
        {
            "user": "Kirmae",
            "link": "https://youtu.be/CE5EbnK8X_o",
            "percent": 100,
            "hz": 240
        },
        {
            "user": "Quadra33",
            "link": "https://www.youtube.com/watch?v=qwi9vAoUp6g&ab_channel=quadra33",
            "percent": 100,
            "hz": 144
        },
        {
            "user": "Chiles",
            "link": "https://youtu.be/KnxFvzGpNZE",
            "percent": 100,
            "hz": 288
        },
        {
            "user": "SupaX_",
            "link": "https://youtu.be/GTNdj_rTQfw",
            "percent": 100,
            "hz": 240
        },
        {
            "user": "RafaUwU",
            "link": "https://youtu.be/zifw-7QhD8s",
            "percent": 100,
            "hz": 60
        },
        {
            "user": "bnuuy",
            "link": "https://www.youtube.com/watch?v=Q4PkLewoA4Q",
            "percent": 100,
            "hz": 240
        },
        {
            "user": "Aber",
            "link": "https://www.youtube.com/watch?v=0xQUuwJFyl4&ab_channel=Aber",
            "percent": 100,
            "hz": 144
        },
        {
            "user": "SrGuillester",
            "link": "https://www.youtube.com/watch?v=fHqhy9bO00o",
            "percent": 100,
            "hz": 144
        },
        {
            "user": "stormz",
            "link": "https://youtu.be/6yYeuFnufQQ",
            "percent": 100,
            "hz": 144
        },
        {
            "user": "Renar333",
            "link": "https://youtu.be/59vOPL9BPM8",
            "percent": 100,
            "hz": 180
        },
        {
            "user": "gdXposed",
            "link": "https://youtu.be/9GbB-GdURtI",
            "percent": 100,
            "hz": 240
        },
        {
            "user": "h4tecr1me.",
            "link": "https://www.youtube.com/watch?v=mhlOXMtkGeE",
            "percent": 100,
            "hz": 240
        },
        {
            "user": "ButterFish",
            "link": "https://www.youtube.com/watch?v=-473I7EkdUo",
            "percent": 100,
            "hz": 144
        },
        {
            "user": "GD Darky",
            "link": "https://youtu.be/lODtDOYDTm0?t=235",
            "percent": 100,
            "hz": 240
        },
        {
            "user": "danialves555",
            "link": "https://youtu.be/57l694wyE60",
            "percent": 100,
            "hz": 240
        },
        {
            "user": "Holojen",
            "link": "https://youtu.be/sFMAv3qBdTo",
            "percent": 100,
            "hz": 288
        },
        {
            "user": "Bjorni03",
            "link": "https://youtu.be/tSw9E4wfMO4",
            "percent": 100,
            "hz": 144
        },
        {
            "user": "bongus",
            "link": "https://www.youtube.com/watch?v=3B4xuO5H6n4&list=PLYMIFqoUvv05BVbAJXG4N_aEntJasQwHn&index=4",
            "percent": 100,
            "hz": 360
        },
        {
            "user": "Frozono",
            "link": "https://youtu.be/8IRtagnX0Xo",
            "percent": 100,
            "hz": 60
        },
        {
            "user": "Sloudy",
            "link": "https://youtu.be/AP1_VRCjoUo",
            "percent": 100,
            "hz": 144
        },
        {
            "user": "Dougieman",
            "link": "https://www.youtube.com/watch?v=BE3Aobgy3Oo",
            "percent": 100,
            "hz": 120,
            "mobile": true
        },
        {
            "user": "ItsH1mic",
            "link": "https://youtu.be/byGqGxnQQqQ",
            "percent": 100,
            "hz": 144
        },
        {
            "user": "t1me",
            "link": "https://youtu.be/v-nFC3tHL4M",
            "percent": 100,
            "hz": 360
        },
        {
            "user": "Shel",
            "link": "https://www.youtube.com/watch?v=c3tRMPfI0NM",
            "percent": 100,
            "hz": 144
        },
        {
            "user": "Shock0811",
            "link": "https://www.youtube.com/watch?v=khNwa1me31c",
            "percent": 100,
            "hz": 120
        },
        {
            "user": "deex3",
            "link": "https://youtu.be/pevLABQ-iz0?t=243",
            "percent": 100,
            "hz": 360
        },
        {
            "user": "Spaace",
            "link": "https://www.youtube.com/watch?v=hM0-_KOhons",
            "percent": 100,
            "hz": 144
        },
        {
            "user": "Mikey GMD",
            "link": "https://youtu.be/vM94OR-fpxA",
            "percent": 100,
            "hz": 360
        },
        {
            "user": "Klöstflow [GD]",
            "link": "https://www.youtube.com/watch?v=6Ao74QB7baU",
            "percent": 100,
            "hz": 120
        },
        {
            "user": "Sailenthium",
            "link": "https://youtu.be/q6oTFdHHvv8",
            "percent": 100,
            "hz": 180
        },
        {
            "user": "Element",
            "link": "https://www.youtube.com/watch?v=WpbDaHz1pcQ",
            "percent": 100,
            "hz": 240
        },
        {
            "user": "lissjac02",
            "link": "https://www.youtube.com/watch?v=4bnkFL9m1fc",
            "percent": 100,
            "hz": 360
        },
        {
            "user": "slee0004",
            "link": "https://www.youtube.com/watch?v=GyYrfH-dRPI",
            "percent": 100,
            "hz": 144
        },
        {
            "user": "GD CrimsonKing22",
            "link": "https://www.youtube.com/watch?v=lftw_IGvlZA&ab_channel=GDCrimsonKing22",
            "percent": 100,
            "hz": 288
        },
        {
            "user": "Delay",
            "link": "https://youtu.be/QPx6lyA89oY",
            "percent": 100,
            "hz": 240
        },
        {
            "user": "ThisIsTheCreeper",
            "link": "https://www.youtube.com/watch?v=yxMJnwiBw00",
            "percent": 100,
            "hz": 360
        },
        {
            "user": "Hachiko77",
            "link": "https://www.youtube.com/watch?v=L0mvRDMyOdA",
            "percent": 100,
            "hz": 288
        },
        {
            "user": "Andrew14916",
            "link": "https://m.youtube.com/watch?v=29x4HCxMjWU",
            "percent": 100,
            "hz": 288
        },
        {
            "user": "CuttNSee",
            "link": "https://www.youtube.com/watch?v=IFa5xCD6gxM",
            "percent": 100,
            "hz": 240
        },
        {
            "user": "DoxyZ",
            "link": "https://www.youtube.com/watch?v=U27xlejPzGQ",
            "percent": 100,
            "hz": 120
        },
        {
            "user": "whit",
            "link": "https://streamable.com/rmu70p",
            "percent": 100,
            "hz": 360
        },
        {
            "user": "T333",
            "link": "https://www.youtube.com/watch?v=tnDcDROs_aQ",
            "percent": 100,
            "hz": 240
        },
        {
            "user": "LzKlauss",
            "link": "https://www.youtube.com/watch?v=jpck0MhyoOw",
            "percent": 100,
            "hz": 360
        },
        {
            "user": "mrazuli12",
            "link": "https://www.youtube.com/watch?v=BstKoKAEsuU",
            "percent": 100,
            "hz": 240
        },
        {
            "user": "1hhx9",
            "link": "https://www.youtube.com/watch?v=PJgFNAnBFDE",
            "percent": 100,
            "hz": 240
        },
        {
            "user": "Exnayder",
            "link": "https://youtu.be/G8cDdD6inOg",
            "percent": 100,
            "hz": 60
        },
        {
            "user": "Eizz",
            "link": "https://youtu.be/mWr0_YXoJ9U",
            "percent": 100,
            "hz": 360
        },
        {
            "user": "ThatGuyFroGG",
            "link": "https://www.youtube.com/watch?v=MCGiWGvbFtI",
            "percent": 100,
            "hz": 360
        },
        {
            "user": "Blazenton",
            "link": "https://www.youtube.com/watch?v=L0TDMsOgS48",
            "percent": 100,
            "hz": 360
        },
        {
            "user": "Riptide",
            "link": "https://youtu.be/yVJUSQ4AZrk",
            "percent": 100,
            "hz": 120
        },
        {
            "user": "PilBoom",
            "link": "https://youtu.be/KX7aMMWpFm4",
            "percent": 100,
            "hz": 360
        },
        {
            "user": "Juanjoim2007",
            "link": "https://youtu.be/CFdNm-vMpko",
            "percent": 100,
            "hz": 144
        },
        {
            "user": "Snakez363",
            "link": "https://www.youtube.com/watch?v=e87FY33M0jE",
            "percent": 100,
            "hz": 144
        },
        {
            "user": "Orue",
            "link": "https://youtu.be/65wBRBrgRfc",
            "percent": 100,
            "hz": 240
        },
        {
            "user": "GlitchyGlotch",
            "link": "https://youtu.be/Fak79cUhMeA",
            "percent": 100,
            "hz": 360
        },
        {
            "user": "KasiaUwU",
            "link": "https://youtu.be/8vOE6C70Q9o",
            "percent": 100,
            "hz": 180
        },
        {
            "user": "SansTV",
            "link": "https://youtu.be/VsaFCsnSkGI",
            "percent": 100,
            "hz": 360
        },
        {
            "user": "Koza",
            "link": "https://www.youtube.com/watch?v=r0ozT34mk_8",
            "percent": 100,
            "hz": 300
        },
        {
            "user": "Zakias7",
            "link": "https://www.youtube.com/watch?v=mTowt4nn0xA&ab_channel=zakias7",
            "percent": 100,
            "hz": 60
        },
        {
            "user": "Floppyh",
            "link": "https://www.youtube.com/watch?v=VZkvlIYG8pk",
            "percent": 100,
            "hz": 360
        }
    ]
}
