{
    "id": 78470229,
    "name": "Shitty Prismatic Haze",
    "author": "zPhysixX",
    "creators": [],
    "verifier": "Davine_007",
    "verification": "https://youtu.be/QUdN2asWQeo",
    "percentToQualify": 100,
    "records": [
        {
            "user": "ZerniasX",
            "link": "https://youtu.be/9iir2ZiyDMo",
            "percent": 100,
            "hz": 360
        },
        {
            "user": "Chr8ts",
            "link": "https://youtu.be/7TudQaXUqJM",
            "percent": 100,
            "hz": 240
        },
        {
            "user": "Emonadeo",
            "link": "https://www.youtube.com/watch?v=H6oI7ielyzA",
            "percent": 100,
            "hz": 240
        },
        {
            "user": "Riptide",
            "link": "https://youtu.be/f5UJKyLu23Q",
            "percent": 100,
            "hz": 120
        },
        {
            "user": "Decin0",
            "link": "https://youtu.be/eaN7cx1rBKU",
            "percent": 100,
            "hz": 288
        },
        {
            "user": "Korvak",
            "link": "https://www.youtube.com/watch?v=aMPid8HIECw",
            "percent": 100,
            "hz": 288
        },
        {
            "user": "T333",
            "link": "https://youtu.be/GqYhu9VJ74c",
            "percent": 100,
            "hz": 240
        },
        {
            "user": "Andrxw",
            "link": "https://www.youtube.com/watch?v=1En9exZ-FK4",
            "percent": 100,
            "hz": 144
        },
        {
            "user": "Xarii_72",
            "link": "https://youtu.be/aUINpciCtF8",
            "percent": 100,
            "hz": 240
        },
        {
            "user": "Hasik",
            "link": "https://youtu.be/SgmJvq6JY4g",
            "percent": 100,
            "hz": 165
        },
        {
            "user": "Invinceicube",
            "link": "https://youtu.be/GbBG7qyTBr4",
            "percent": 100,
            "hz": 240
        },
        {
            "user": "BliffY",
            "link": "https://www.youtube.com/watch?v=xcIFXt9De74",
            "percent": 100,
            "hz": 360
        },
        {
            "user": "NanCho",
            "link": "https://youtu.be/PVKjnSAzlDg",
            "percent": 100,
            "hz": 360
        },
        {
            "user": "BlueTomcat",
            "link": "https://youtu.be/A0Xk6dJoQ_M",
            "percent": 100,
            "hz": 288
        },
        {
            "user": "Shemenzy",
            "link": "https://www.youtube.com/watch?v=g-IMyopgTMY",
            "percent": 100,
            "hz": 300
        },
        {
            "user": "attrixia",
            "link": "https://www.youtube.com/watch?v=to5ryuc_F94",
            "percent": 100,
            "hz": 150
        },
        {
            "user": "He_rules",
            "link": "https://www.youtube.com/watch?v=3jLg0FVhhsI",
            "percent": 100,
            "hz": 144
        },
        {
            "user": "YinnYang",
            "link": "https://youtu.be/JH-wa4NqzlU",
            "percent": 100,
            "hz": 360
        },
        {
            "user": "Tango",
            "link": "https://www.youtube.com/watch?v=-VbPMGNa8hw",
            "percent": 100,
            "hz": 144
        },
        {
            "user": "Hoopla",
            "link": "https://youtu.be/t4rU90_U1ew",
            "percent": 100,
            "hz": 360
        },
        {
            "user": "TurtleER",
            "link": "https://www.youtube.com/watch?v=lJnmy6QVT40&ab_channel=TurtleERClips",
            "percent": 100,
            "hz": 240
        },
        {
            "user": "oBynxi",
            "link": "https://www.youtube.com/watch?v=guLsKcZRvpI",
            "percent": 100,
            "hz": 240
        },
        {
            "user": "GlitchyGlotch",
            "link": "https://youtu.be/1_A3861vSVg",
            "percent": 100,
            "hz": 360
        },
        {
            "user": "lucap123",
            "link": "https://www.youtube.com/watch?v=1N8SUY2uDTY",
            "percent": 100,
            "hz": 144
        },
        {
            "user": "TkcpeR",
            "link": "https://youtu.be/-suW20k0UEw",
            "percent": 100,
            "hz": 360
        },
        {
            "user": "shreksdonk",
            "link": "https://youtu.be/X6jEvc89DAs",
            "percent": 100,
            "hz": 144
        },
        {
            "user": "BlackChaleur",
            "link": "https://youtu.be/Ijs8kun66-o",
            "percent": 100,
            "hz": 360
        },
        {
            "user": "Andrew14916",
            "link": "https://www.youtube.com/watch?v=fluDfkepvz8",
            "percent": 100,
            "hz": 288
        },
        {
            "user": "Snakez363",
            "link": "https://www.youtube.com/watch?v=sfWfhU-5zJA",
            "percent": 100,
            "hz": 144
        },
        {
            "user": "Drewwe",
            "link": "https://www.youtube.com/watch?v=VskbuCUsw2U",
            "percent": 69,
            "hz": 360
        },
        {
            "user": "donut737",
            "link": "https://youtu.be/-trY1Fj51OE",
            "percent": 100,
            "hz": 144
        },
        {
            "user": "iRaily",
            "link": "https://www.youtube.com/watch?v=S2ZkW2Tockg",
            "percent": 100,
            "hz": 360
        },
        {
            "user": "Rixen Ace",
            "link": "https://youtu.be/WSVzS8yK1pw",
            "percent": 100,
            "hz": 240
        },
        {
            "user": "StarXV",
            "link": "https://youtu.be/83icOq2nTA4",
            "percent": 100,
            "hz": 240
        },
        {
            "user": "HeartLess",
            "link": "https://youtu.be/4mfDXTVg9tk",
            "percent": 100,
            "hz": 360
        },
        {
            "user": "Aqua0607",
            "link": "https://www.youtube.com/watch?v=kmGqW_rsa0s",
            "percent": 100,
            "hz": 288
        },
        {
            "user": "Fusion425",
            "link": "https://www.youtube.com/watch?v=cPf8GRAB0To",
            "percent": 100,
            "hz": 360
        },
        {
            "user": "Delay",
            "link": "https://www.youtube.com/watch?v=RjcCzqQSDwA",
            "percent": 100,
            "hz": 144
        },
        {
            "user": "homegrowntag",
            "link": "https://youtu.be/A2TsYzFuRPw",
            "percent": 100,
            "hz": 288
        },
        {
            "user": "Deceit",
            "link": "https://youtu.be/INyGFqM229w",
            "percent": 73,
            "hz": 240
        },
        {
            "user": "Tyybikesed",
            "link": "https://www.youtube.com/watch?v=vlc4N8vWHFU",
            "percent": 83,
            "hz": 360
        },
        {
            "user": "BrightBird",
            "link": "https://youtu.be/gYehm5h1BT4",
            "percent": 100,
            "hz": 288
        },
        {
            "user": "Dxst",
            "link": "https://www.youtube.com/watch?v=dEdEiv-KGz8",
            "percent": 100,
            "hz": 300
        },
        {
            "user": "Kopre",
            "link": "https://youtu.be/7J5ESmd0nLg",
            "percent": 100,
            "hz": 144
        },
        {
            "user": "WaveWarrior",
            "link": "https://youtu.be/X6lbDBXBJbs",
            "percent": 100,
            "hz": 240
        },
        {
            "user": "ThirtyTwelve",
            "link": "https://youtu.be/eyPZ-WyYFG4",
            "percent": 100,
            "hz": 240
        },
        {
            "user": "Certified Noob",
            "link": "https://www.youtube.com/watch?v=F3J5TkF8fLE",
            "percent": 100,
            "hz": 165
        },
        {
            "user": "Chuck Danger",
            "link": "https://youtu.be/E-pwufvwdcE",
            "percent": 100,
            "hz": 360
        },
        {
            "user": "asdsdvb",
            "link": "https://www.youtube.com/watch?v=Qh1z8jKvI78",
            "percent": 100,
            "hz": 240
        }
    ]
}
