{
    "id": 71135433,
    "name": "Shitty Promethean",
    "author": "WhiteGokey",
    "creators": [],
    "verifier": "TravelChimp",
    "verification": "https://youtu.be/lecKdpgtGWY",
    "percentToQualify": 100,
    "password": "Not Copyable",
    "records": [
        {
            "user": "Tai0",
            "link": "https://youtu.be/wuL8rrBeaks",
            "percent": 100,
            "hz": 144
        },
        {
            "user": "Viridian",
            "link": "https://www.youtube.com/watch?v=l-pHDJn3PGY",
            "percent": 100,
            "hz": 288
        },
        {
            "user": "SupaX_",
            "link": "https://youtu.be/lpJql18GZd4",
            "percent": 100,
            "hz": 240
        },
        {
            "user": "nayf",
            "link": "https://www.youtube.com/watch?v=zOoPzEJ1jqU",
            "percent": 100,
            "hz": 240
        },
        {
            "user": "iRaily",
            "link": "https://youtu.be/92rcWezyWYc",
            "percent": 100,
            "hz": 288
        },
        {
            "user": "iBounje",
            "link": "https://youtu.be/AxKnf24vD24",
            "percent": 100,
            "hz": 300
        },
        {
            "user": "Keruo",
            "link": "https://www.youtube.com/watch?v=ugdr9mLGcaU",
            "percent": 100,
            "hz": 144
        },
        {
            "user": "NVCT",
            "link": "https://youtu.be/uo4OjSm9p08",
            "percent": 100,
            "hz": 240
        },
        {
            "user": "Emonadeo",
            "link": "https://www.youtube.com/watch?v=bJr2QX-dx6s",
            "percent": 100,
            "hz": 240
        },
        {
            "user": "IDeltaPhantomI",
            "link": "https://youtu.be/x0NlIAZJwEo",
            "percent": 100,
            "hz": 360
        },
        {
            "user": "Hulunn",
            "link": "https://youtu.be/RPJtW_609aQ",
            "percent": 100,
            "hz": 288
        },
        {
            "user": "GD Catalyst",
            "link": "https://youtu.be/WzwcTmEIuO0",
            "percent": 100,
            "hz": 144
        },
        {
            "user": "DerflaX",
            "link": "https://youtu.be/OrjYx6wYzsk",
            "percent": 100,
            "hz": 300
        },
        {
            "user": "ItzQuster",
            "link": "https://youtu.be/XHXzTPXAIj4",
            "percent": 100,
            "hz": 120
        },
        {
            "user": "Nolife",
            "link": "https://www.youtube.com/watch?v=J_YswISIxvM",
            "percent": 100,
            "hz": 165
        },
        {
            "user": "Tuggy75",
            "link": "https://youtu.be/6UICgpJSe1k",
            "percent": 100,
            "hz": 330
        },
        {
            "user": "Kobra456",
            "link": "https://www.youtube.com/watch?v=Y9u4617m7JY",
            "percent": 100,
            "hz": 288
        },
        {
            "user": "Halledo",
            "link": "https://youtu.be/YcOI8veL9n8",
            "percent": 100,
            "hz": 144
        },
        {
            "user": "deex3",
            "link": "https://youtu.be/bnCoBrzfBmc",
            "percent": 100,
            "hz": 360
        },
        {
            "user": "CornbreadGD",
            "link": "https://youtu.be/1DvL3cxzAD0",
            "percent": 100,
            "hz": 360
        },
        {
            "user": "DogeyBoi",
            "link": "https://youtu.be/7PObyxznQ3M",
            "percent": 100,
            "hz": 165
        },
        {
            "user": "Holojen",
            "link": "https://www.youtube.com/watch?v=Z8vNacqS9Zk",
            "percent": 100,
            "hz": 330
        },
        {
            "user": "MfoGaming1219",
            "link": "https://youtu.be/V_m6SrL6OLM",
            "percent": 100,
            "hz": 144
        },
        {
            "user": "Aber",
            "link": "https://www.youtube.com/watch?v=yrQcg4vjwJ4&ab_channel=Aber",
            "percent": 100,
            "hz": 360
        },
        {
            "user": "Samuuu18",
            "link": "https://www.youtube.com/watch?v=n6sr6codmOY",
            "percent": 100,
            "hz": 180
        },
        {
            "user": "CyraxxGZ",
            "link": "https://youtu.be/mijjF0Z8s0g",
            "percent": 100,
            "hz": 150
        },
        {
            "user": "Juan_7542",
            "link": "https://youtu.be/_OxeLxfVKDA",
            "percent": 100,
            "hz": 288
        },
        {
            "user": "uR1",
            "link": "https://youtu.be/jL8ypBfOoW0",
            "percent": 100,
            "hz": 240
        },
        {
            "user": "Game Players",
            "link": "https://www.youtube.com/watch?v=APO8va_246c",
            "percent": 100,
            "hz": 144
        },
        {
            "user": "7ssumi",
            "link": "https://youtu.be/CFC_WCEKRAI",
            "percent": 100,
            "hz": 144
        },
        {
            "user": "Spinach",
            "link": "https://www.youtube.com/watch?v=N0WXEgSSjX4",
            "percent": 100,
            "hz": 288
        },
        {
            "user": "Davine_007",
            "link": "https://www.youtube.com/watch?v=yjeYbkQruYw",
            "percent": 100,
            "hz": 144
        },
        {
            "user": "Pedralex",
            "link": "https://www.youtube.com/watch?v=aELLK_zCeJg",
            "percent": 100,
            "hz": 240
        },
        {
            "user": "Shel",
            "link": "https://www.youtube.com/watch?v=9TDqtwazSYY",
            "percent": 100,
            "hz": 144
        },
        {
            "user": "bnuuy",
            "link": "https://www.youtube.com/watch?v=OMNIOn3iqDg",
            "percent": 100,
            "hz": 144
        },
        {
            "user": "WhiteGokey",
            "link": "https://www.youtube.com/watch?v=KJdq2AHf9jo",
            "percent": 100,
            "hz": 60
        },
        {
            "user": "zuva",
            "link": "https://www.youtube.com/watch?v=7sHjvkiOZBE",
            "percent": 100,
            "hz": 165
        },
        {
            "user": "Cow",
            "link": "https://youtu.be/q9pvPTbLbQs",
            "percent": 100,
            "hz": 288
        },
        {
            "user": "Weedeater69420",
            "link": "https://www.youtube.com/watch?v=lC1EVzuFNLE",
            "percent": 100,
            "hz": 360
        },
        {
            "user": "InferiorPatty",
            "link": "https://www.youtube.com/watch?v=KhogtVWXKGI",
            "percent": 100,
            "hz": 360
        },
        {
            "user": "Fh1r",
            "link": "https://www.youtube.com/watch?v=a_IOTF6yfrg",
            "percent": 100,
            "hz": 241
        },
        {
            "user": "Alanjx",
            "link": "https://youtu.be/g6F0Jmdf_YM",
            "percent": 100,
            "hz": 240
        },
        {
            "user": "Slade",
            "link": "https://youtu.be/Qf4nLwOKpZY",
            "percent": 100,
            "hz": 240
        },
        {
            "user": "Zombieland",
            "link": "https://youtu.be/8N6FcvQWoK4",
            "percent": 100,
            "hz": 330
        },
        {
            "user": "BlueTomcat",
            "link": "https://youtu.be/bjfv9uXHKcA",
            "percent": 100,
            "hz": 288
        },
        {
            "user": "WilltheRen",
            "link": "https://www.youtube.com/watch?v=kmiNrhNdGbY",
            "percent": 100,
            "hz": 165
        },
        {
            "user": "Willow",
            "link": "https://youtu.be/JwViT-7i-v4",
            "percent": 100,
            "hz": 360
        },
        {
            "user": "homegrowntag",
            "link": "https://www.youtube.com/watch?v=H1lo0MQfU7Y",
            "percent": 100,
            "hz": 144
        },
        {
            "user": "Luka",
            "link": "https://www.youtube.com/watch?v=bvc2jPhMqjU",
            "percent": 100,
            "hz": 300
        },
        {
            "user": "Cuin",
            "link": "https://youtu.be/VyUmv2xMgco",
            "percent": 100,
            "hz": 240
        },
        {
            "user": "LCynox",
            "link": "https://www.youtube.com/watch?v=GdSq2PLats8",
            "percent": 100,
            "hz": 144
        },
        {
            "user": "yosmiDURFF",
            "link": "https://www.youtube.com/watch?v=TMQPgYp4jZk",
            "percent": 100,
            "hz": 360
        },
        {
            "user": "attrixia",
            "link": "https://youtu.be/GryNLPPux_U",
            "percent": 100,
            "hz": 150
        },
        {
            "user": "BrightBird",
            "link": "https://www.youtube.com/watch?v=F9sPggrlf7Y",
            "percent": 100,
            "hz": 288
        },
        {
            "user": "Andrew14916",
            "link": "https://m.youtube.com/watch?v=29x4HCxMjWU",
            "percent": 100,
            "hz": 288
        },
        {
            "user": "Dandy Chiggins",
            "link": "https://youtu.be/mRQRMqjnmYM",
            "percent": 100,
            "hz": 240
        },
        {
            "user": "ObvSilver",
            "link": "https://youtu.be/B8KqfY0MZW4",
            "percent": 100,
            "hz": 165
        },
        {
            "user": "belowkelvin0",
            "link": "https://youtu.be/CFF-WsyC3cQ",
            "percent": 100,
            "hz": 360
        },
        {
            "user": "Cric2",
            "link": "https://www.youtube.com/watch?v=c7b1sgmD4K4&lc=Ugx_vcbBuBt65sNq1xZ4AaABAg",
            "percent": 100,
            "hz": 240
        },
        {
            "user": "DehydratedMoron",
            "link": "https://youtu.be/NXywTFBoavA",
            "percent": 100,
            "hz": 360
        },
        {
            "user": "ii_Savageboy",
            "link": "https://www.youtube.com/watch?v=lTjMiorzjQ8",
            "percent": 100,
            "hz": 144
        },
        {
            "user": "Semperfusion",
            "link": "https://www.youtube.com/watch?v=1P7Q92l9ar8",
            "percent": 100,
            "hz": 360
        },
        {
            "user": "Tribilin",
            "link": "https://youtu.be/uHSv3akzZss",
            "percent": 100,
            "hz": 360
        },
        {
            "user": "LzKlauss",
            "link": "https://www.youtube.com/watch?v=E-zz4kOxf6w",
            "percent": 100,
            "hz": 360
        },
        {
            "user": "CapS0ul",
            "link": "https://youtu.be/3cpDlrYr6I4",
            "percent": 100,
            "hz": 360
        },
        {
            "user": "RealEB2610",
            "link": "https://www.youtube.com/watch?v=_4Bl9AotI9o",
            "percent": 100,
            "hz": 288
        },
        {
            "user": "Snakez363",
            "link": "https://www.twitch.tv/videos/1287757526",
            "percent": 100,
            "hz": 144
        },
        {
            "user": "Armani",
            "link": "https://youtu.be/RR2FtPMbMyo",
            "percent": 100,
            "hz": 360
        },
        {
            "user": "Kenos Song",
            "link": "https://www.youtube.com/watch?v=1zJqRxudC1c",
            "percent": 100,
            "hz": 360
        },
        {
            "user": "Unwantedpasta",
            "link": "https://www.youtube.com/watch?v=5sQy2PZCrT4",
            "percent": 100,
            "hz": 144
        },
        {
            "user": "mustosk8",
            "link": "https://www.youtube.com/watch?v=J7Jc6AHjNFs",
            "percent": 100,
            "hz": 360
        },
        {
            "user": "bananamf",
            "link": "https://www.youtube.com/watch?v=w1ha24ImJzA",
            "percent": 100,
            "hz": 165
        },
        {
            "user": "Xarii_72",
            "link": "https://youtu.be/hJOEn85_i-8",
            "percent": 100,
            "hz": 240
        },
        {
            "user": "Game Over",
            "link": "https://youtu.be/o3NVQ85ABvc",
            "percent": 100,
            "hz": 288
        },
        {
            "user": "NapPro771",
            "link": "https://youtu.be/UJQJjAhy00k",
            "percent": 100,
            "hz": 165
        },
        {
            "user": "spicychickynugg",
            "link": "https://www.youtube.com/watch?v=RXG2rHxVgYk",
            "percent": 100,
            "hz": 360
        },
        {
            "user": "abx23",
            "link": "https://youtu.be/9xy4v2LjKmc",
            "percent": 100,
            "hz": 360
        },
        {
            "user": "PinkCotton",
            "link": "https://youtu.be/SIJGxCoWAtc",
            "percent": 100,
            "hz": 240
        },
        {
            "user": "Chronic",
            "link": "https://www.youtube.com/watch?v=zDT5DKaANac",
            "percent": 100,
            "hz": 144
        },
        {
            "user": "CsdCosine",
            "link": "https://www.youtube.com/watch?v=-Fz3u7Y9T3k",
            "percent": 100,
            "hz": 360
        },
        {
            "user": "Invinceicube",
            "link": "https://youtu.be/B15LmdZjRss",
            "percent": 100,
            "hz": 240
        },
        {
            "user": "KasiaUwU",
            "link": "https://youtu.be/x6dSM62Gozc",
            "percent": 100,
            "hz": 120
        },
        {
            "user": "HeartLess",
            "link": "https://youtu.be/E3Uwx9fsUPg",
            "percent": 100,
            "hz": 360
        },
        {
            "user": "tunbag_",
            "link": "https://youtu.be/EzvcMOxdhxg",
            "percent": 100,
            "hz": 360
        },
        {
            "user": "FuPlug",
            "link": "https://www.youtube.com/watch?v=HupR4nXDJ1o",
            "percent": 100,
            "hz": 144
        },
        {
            "user": "Dex TLC",
            "link": "https://youtu.be/a5gWTIIpUdk",
            "percent": 100,
            "hz": 144
        },
        {
            "user": "Mircloudy",
            "link": "https://youtu.be/079_yZ4vszY",
            "percent": 100,
            "hz": 144
        },
        {
            "user": "RoboticMod",
            "link": "https://youtu.be/ukNAfP02Jlo",
            "percent": 100,
            "hz": 240
        },
        {
            "user": "MustafaAydin",
            "link": "https://youtu.be/bSxZYp96LUU",
            "percent": 100,
            "hz": 120
        },
        {
            "user": "fakeiwnl",
            "link": "https://www.youtube.com/watch?v=Lh7ZjNF5xVA",
            "percent": 100,
            "hz": 360
        },
        {
            "user": "SoSu",
            "link": "https://www.youtube.com/watch?v=vDboXPomHi0",
            "percent": 100,
            "hz": 144
        },
        {
            "user": "DashTH",
            "link": "https://www.youtube.com/watch?v=6Z9ZWMiApOI",
            "percent": 100,
            "hz": 120
        },
        {
            "user": "TboyGD",
            "link": "https://youtu.be/L49kqRMj0IY",
            "percent": 100,
            "hz": 240
        },
        {
            "user": "PedroLacerda55",
            "link": "https://www.youtube.com/watch?v=vYDVOJpObUU",
            "percent": 100,
            "hz": 120
        },
        {
            "user": "Haze",
            "link": "https://youtu.be/qre284N41rk",
            "percent": 100,
            "hz": 180
        },
        {
            "user": "Riptide",
            "link": "https://youtu.be/crnnWityarQ",
            "percent": 100,
            "hz": 120
        },
        {
            "user": "Demons [GD]",
            "link": "https://youtu.be/Jgx5kGS6Im4",
            "percent": 100,
            "hz": 240
        },
        {
            "user": "rbmadd",
            "link": "https://www.youtube.com/watch?v=0snyZ02CxhQ",
            "percent": 100,
            "hz": 240
        },
        {
            "user": "Louuu",
            "link": "https://youtu.be/KQttu9e_bM0",
            "percent": 100,
            "hz": 240
        },
        {
            "user": "SaYne",
            "link": "https://www.youtube.com/watch?v=w7uS677MAFo",
            "percent": 100,
            "hz": 360
        },
        {
            "user": "HamsterPlayz",
            "link": "https://www.youtube.com/watch?v=A5yh-EJCHTo",
            "percent": 100,
            "hz": 144
        },
        {
            "user": "Sulky",
            "link": "https://youtu.be/4jHtU-oZ9W0",
            "percent": 100,
            "hz": 240
        },
        {
            "user": "biskit",
            "link": "https://www.youtube.com/watch?v=Wj7j1tH4dHw",
            "percent": 100,
            "hz": 360
        },
        {
            "user": "snickles",
            "link": "https://www.youtube.com/watch?v=E-x1xY9fAm8&ab_channel=snickles",
            "percent": 100,
            "hz": 360
        },
        {
            "user": "Shemenzy",
            "link": "https://www.youtube.com/watch?v=FENsgTAfaDY",
            "percent": 100,
            "hz": 300
        },
        {
            "user": "Ashton",
            "link": "https://www.youtube.com/watch?v=GI2deQ7zQuU",
            "percent": 100,
            "hz": 360
        },
        {
            "user": "RazerJCZ",
            "link": "https://www.youtube.com/watch?v=WcN6QA3aIIc",
            "percent": 100,
            "hz": 360
        },
        {
            "user": "YoshiL",
            "link": "https://youtu.be/DiH9AM8Ub7E",
            "percent": 100,
            "hz": 360
        },
        {
            "user": "Stucc",
            "link": "https://www.youtube.com/watch?v=T5rZb6HBrmg",
            "percent": 100,
            "hz": 360
        },
        {
            "user": "92004JACOB",
            "link": "https://youtu.be/3p2lwHelu6g",
            "percent": 100,
            "hz": 360
        },
        {
            "user": "Mysterious_Oranges",
            "link": "https://youtu.be/JXZ3VrTgPK4",
            "percent": 100,
            "hz": 240
        },
        {
            "user": "Vapor",
            "link": "https://www.youtube.com/watch?v=5Nc9bdP7kpU",
            "percent": 100,
            "hz": 360
        },
        {
            "user": "VenialCelery",
            "link": "https://www.youtube.com/watch?v=7B1up6-gKbI&ab_channel=Jaysul99",
            "percent": 100,
            "hz": 300
        },
        {
            "user": "eliaselkku",
            "link": "https://www.youtube.com/watch?v=pX-OIXfYQ4s",
            "percent": 100,
            "hz": 144
        },
        {
            "user": "Dylinator",
            "link": "https://youtu.be/gwJn49TVjY8",
            "percent": 100,
            "hz": 360
        },
        {
            "user": "DarkBear5",
            "link": "https://youtu.be/2T9J4Km-mqE",
            "percent": 100,
            "hz": 240
        },
        {
            "user": "zorsti",
            "link": "https://www.youtube.com/watch?v=YZO3Qm1Bb3A",
            "percent": 100,
            "hz": 144
        },
        {
            "user": "Magnuss",
            "link": "https://www.youtube.com/watch?v=2V6Zg0N0DcY",
            "percent": 100,
            "hz": 360
        },
        {
            "user": "chiokunn",
            "link": "https://youtu.be/G9QsvHrpWXc",
            "percent": 100,
            "hz": 144
        },
        {
            "user": "woi",
            "link": "https://youtu.be/fDqUQFjBVnE",
            "percent": 100,
            "hz": 360
        },
        {
            "user": "shekyus",
            "link": "https://www.youtube.com/watch?v=FxJz9bjMvmA",
            "percent": 100,
            "hz": 300
        },
        {
            "user": "Akin GD",
            "link": "https://youtu.be/syvOlj--vko",
            "percent": 100,
            "hz": 300
        },
        {
            "user": "Bamvie",
            "link": "https://youtu.be/isQMyQ_IeJo",
            "percent": 100,
            "hz": 120
        },
        {
            "user": "Newghs88",
            "link": "https://youtu.be/pup2YoGBB6s",
            "percent": 100,
            "hz": 288
        },
        {
            "user": "WholesomeCherry",
            "link": "https://youtu.be/mDIkwK0iY7g",
            "percent": 100,
            "hz": 144
        },
        {
            "user": "GD Leaf",
            "link": "https://www.youtube.com/watch?v=b9YMrhPLhBg",
            "percent": 100,
            "hz": 144
        },
        {
            "user": "WaveWarrior",
            "link": "https://youtu.be/Y__LSuopE3Y",
            "percent": 100,
            "hz": 240
        },
        {
            "user": "ErrantLight",
            "link": "https://www.youtube.com/watch?v=7rvicJIdVPY",
            "percent": 100,
            "hz": 75
        },
        {
            "user": "TheKalvinator",
            "link": "https://youtu.be/18FvEJ306xg ",
            "percent": 100,
            "hz": 240
        },
        {
            "user": "mystgd",
            "link": "https://youtu.be/hCO1LZW3_AA",
            "percent": 100,
            "hz": 360
        },
        {
            "user": "smokey",
            "link": "https://youtu.be/YzYQDnkupgM",
            "percent": 100,
            "hz": 360
        },
        {
            "user": "Certified Noob",
            "link": "https://www.youtube.com/watch?v=GOm1kwKHyrM",
            "percent": 100,
            "hz": 165
        },
        {
            "user": "iXope",
            "link": "https://youtu.be/XmeLQWmi5UI",
            "percent": 100,
            "hz": 360
        },
        {
            "user": "Kookyeyes",
            "link": "https://www.youtube.com/watch?v=fI3nwqj-qUg",
            "percent": 100,
            "hz": 360
        },
        {
            "user": "Chuck Danger",
            "link": "https://youtu.be/QfuL8gl_CgQ",
            "percent": 100,
            "hz": 360
        },
        {
            "user": "Minted",
            "link": "https://www.youtube.com/watch?v=3p01I8WbG9Q",
            "percent": 100,
            "hz": 360
        }
    ]
}
