{
    "id": 73847030,
    "name": "Shitty Quantum Processing",
    "author": "Sovola",
    "creators": [],
    "verifier": "Andrew14916",
    "verification": "https://www.youtube.com/watch?v=T0qAlvL1IZM",
    "percentToQualify": 100,
    "records": [
        {
            "user": "iRaily",
            "link": "https://youtu.be/Qxx9wYiwtCI",
            "percent": 100,
            "hz": 288
        },
        {
            "user": "Acacia",
            "link": "https://www.youtube.com/watch?v=7kl9gWzUvls",
            "percent": 100,
            "hz": 360
        },
        {
            "user": "Shel",
            "link": "https://youtu.be/6gph84z9Yxw",
            "percent": 100,
            "hz": 144
        },
        {
            "user": "DogeyBoi",
            "link": "https://www.youtube.com/watch?v=0yc9teKyqKk",
            "percent": 100,
            "hz": 165
        },
        {
            "user": "Fusion425",
            "link": "https://youtu.be/qsPsjfBjEyw",
            "percent": 100,
            "hz": 360
        },
        {
            "user": "Matthlew",
            "link": "https://youtu.be/DDN_dCHA4bU",
            "percent": 100,
            "hz": 144
        },
        {
            "user": "Delay",
            "link": "https://www.youtube.com/watch?v=IDmzb4YscGA",
            "percent": 100,
            "hz": 144
        },
        {
            "user": "Prometheus",
            "link": "https://youtu.be/XLrMWBQv8qQ",
            "percent": 100,
            "hz": 144
        },
        {
            "user": "T333",
            "link": "https://www.youtube.com/watch?v=_GKdvXO1A2Q",
            "percent": 100,
            "hz": 240
        },
        {
            "user": "Vicrf",
            "link": "https://www.youtube.com/watch?v=K8y99PaNgjc",
            "percent": 100,
            "hz": 288
        },
        {
            "user": "JustM4t",
            "link": "https://youtu.be/REXwsnthFXs",
            "percent": 100,
            "hz": 180
        },
        {
            "user": "M1nYong",
            "link": "https://youtu.be/WWzHyxdRxoo",
            "percent": 100,
            "hz": 360
        },
        {
            "user": "LzKlauss",
            "link": "https://www.youtube.com/watch?v=kJduS6OOdrg",
            "percent": 100,
            "hz": 360
        },
        {
            "user": "Abr4h4M",
            "link": "https://youtu.be/-THnEys6uIU",
            "percent": 100,
            "hz": 240
        },
        {
            "user": "Dueluxe",
            "link": "https://youtu.be/jTNSS0nnJAE",
            "percent": 100,
            "hz": 144
        },
        {
            "user": "CrokyTheKiwi",
            "link": "https://www.youtube.com/watch?v=1rirqZyd654",
            "percent": 100,
            "hz": 360
        },
        {
            "user": "kasiaUwU",
            "link": "https://youtu.be/PcbyDtDGFv4",
            "percent": 100,
            "hz": 240
        },
        {
            "user": "woi",
            "link": "https://youtu.be/6gYQtQ0yEa0",
            "percent": 100,
            "hz": 360
        }
    ]
}
