{
    "id": 78592049,
    "name": "Shitty RAGE",
    "author": "ZerniasX",
    "creators": [],
    "verifier": "ZerniasX",
    "verification": "https://youtu.be/VZo-EYIZLL4",
    "percentToQualify": 55,
    "password": "1010",
    "records": [
        {
            "user": "Demons [GD]",
            "link": "https://www.youtube.com/watch?v=bFEvaWntK9k",
            "percent": 100,
            "hz": 60
        },
        {
            "user": "DogeyBoi",
            "link": "https://www.youtube.com/watch?v=G6vndubJ86o",
            "percent": 100,
            "hz": 360
        },
        {
            "user": "Riptide",
            "link": "https://youtu.be/uAl1IbTCouU",
            "percent": 100,
            "hz": 120
        },
        {
            "user": "Armani",
            "link": "https://youtu.be/NYvx7OANAqY",
            "percent": 100,
            "hz": 360
        },
        {
            "user": "attrixia",
            "link": "https://youtu.be/s9BI_wVrGcE",
            "percent": 100,
            "hz": 150
        },
        {
            "user": "Brinnn",
            "link": "https://youtu.be/Xg9bEOI85O4",
            "percent": 100,
            "hz": 120
        },
        {
            "user": "zCodeB0y",
            "link": "https://youtu.be/Pq1c6VnkB0M",
            "percent": 100,
            "hz": 60
        },
        {
            "user": "Samuuu18",
            "link": "https://youtu.be/4DlEXiCAM_s",
            "percent": 100,
            "hz": 360
        },
        {
            "user": "Jack0kcaj",
            "link": "https://www.youtube.com/watch?v=mYGUG-miapA",
            "percent": 100,
            "hz": 75
        },
        {
            "user": "DingXD",
            "link": "https://www.youtube.com/watch?v=PZYmCYtbONk",
            "percent": 100,
            "hz": 240
        },
        {
            "user": "Davine_007",
            "link": "https://youtu.be/0Y0GE89KT6Q",
            "percent": 100,
            "hz": 144
        },
        {
            "user": "Delay",
            "link": "https://www.youtube.com/watch?v=9xxTb65-UqQ&t=4s",
            "percent": 100,
            "hz": 144
        },
        {
            "user": "Shel",
            "link": "https://youtu.be/8_xrvTXaSx8",
            "percent": 100,
            "hz": 144
        },
        {
            "user": "Snakez363",
            "link": "https://youtu.be/Wg3dcDrzSKI",
            "percent": 100,
            "hz": 144
        },
        {
            "user": "biskit",
            "link": "https://youtu.be/Wg3dcDrzSKI",
            "percent": 100,
            "hz": 360
        },
        {
            "user": "moab",
            "link": "https://youtu.be/rzL16hR9DyE",
            "percent": 100,
            "hz": 240
        },
        {
            "user": "J",
            "link": "https://youtu.be/N1Pjfh8pPgM",
            "percent": 100,
            "hz": 360
        }
    ]
}
