{
    "id": 81673888,
    "name": "Shitty Ragnarok",
    "author": "Prometheus",
    "creators": ["T333", "Sushiboys", "Liebe", "Salsa", "Ashton", "iHas", "L0GAN", "Fernamg", "CarlIsBored", "iRaily", "Kiwi1938", "chspchips"],
    "verifier": "Shel",
    "verification": "https://youtu.be/NrccQY3IRZ8",
    "percentToQualify": 56,
    "records": [
        {
            "user": "KylashTheKiller",
            "link": "https://youtu.be/DepqfpnXHuw",
            "percent": 100,
            "hz": 60
        },
        {
            "user": "Hollow",
            "link": "https://youtu.be/D1EeAewoZqM",
            "percent": 100,
            "hz": 144
        },
        {
            "user": "BrightBird",
            "link": "https://www.youtube.com/watch?v=bLaL0nenNTo",
            "percent": 100,
            "hz": 288
        }
    ]
}
