{
    "id": 82101408,
    "name": "Shitty RAIN",
    "author": "Prometheus",
    "creators": [
    "L0GAN",
    "iRaily",
    "CarlIsBored",
    "chspchips",
    "frigusterio",
    "fice"
    ],
    "verifier": "iRaily",
    "verification": "https://youtu.be/MBmyunGTmVo",
    "percentToQualify": 61,
    "records": [
        {
            "user": "KylashTheKiller",
            "link": "https://youtu.be/2PxGoQ3cJeY",
            "percent": 100,
            "hz": 60
        },
        {
            "user": "Samuuu18",
            "link": "https://youtu.be/4DyRzfs4b2M",
            "percent": 100,
            "hz": 360
        },
        {
            "user": "homegrowntag",
            "link": "https://www.youtube.com/watch?v=L0BVeYRWhXQ",
            "percent": 100,
            "hz": 360
        },
        {
            "user": "LzKlauss",
            "link": "https://www.youtube.com/watch?v=wbM9QRmgFBo&t=6s",
            "percent": 100,
            "hz": 360
        }
    ]
}
