{
    "id": 75863663,
    "name": "Shitty Rate Demon",
    "author": "JolteonGD",
    "creators": ["Helbrein"],
    "verifier": "Nolife",
    "verification": "https://youtu.be/v0DwlO7x0Qo",
    "percentToQualify": 100,
    "records": [
        {
            "user": "iRaily",
            "link": "https://youtu.be/w5GHYDOlM9k",
            "percent": 100,
            "hz": 288
        },
        {
            "user": "Delay",
            "link": "https://www.youtube.com/watch?v=VBzCdC7kp_Y",
            "percent": 100,
            "hz": 288
        },
        {
            "user": "MajesticMiltank",
            "link": "https://www.youtube.com/watch?v=1_eq8KjlPDs",
            "percent": 100,
            "hz": 165
        },
        {
            "user": "LinedriveGD",
            "link": "https://www.youtube.com/watch?v=mTaLbPZhq5s",
            "percent": 100,
            "hz": 300
        },
        {
            "user": "Jef",
            "link": "https://www.youtube.com/watch?v=emhU2W1Dk0o",
            "percent": 100,
            "hz": 360
        },
        {
            "user": "Semperfusion",
            "link": "https://www.youtube.com/watch?v=e6anQ7jwr9I",
            "percent": 100,
            "hz": 360
        },
        {
            "user": "IDeltaPhantomI",
            "link": "https://youtu.be/KK5Ig66-FPI",
            "percent": 100,
            "hz": 360
        },
        {
            "user": "Hasik",
            "link": "https://youtu.be/4Ey8kx4dzB8",
            "percent": 100,
            "hz": 165
        },
        {
            "user": "Shel",
            "link": "https://youtu.be/ZX2UUmtyrcQ",
            "percent": 100,
            "hz": 144
        },
        {
            "user": "DelfunCzyCos",
            "link": "https://www.youtube.com/watch?v=T16U6RLiIj0",
            "percent": 100,
            "hz": 144
        }
    ]
}
