{
    "id": 77699834,
    "name": "Shitty RELENTLESS",
    "author": "chspchips",
    "creators": [],
    "verifier": "Lucid",
    "verification": "https://youtu.be/ufbyHuTUcyI",
    "percentToQualify": 100,
    "records": [
        {
            "user": "iRaily",
            "link": "https://youtu.be/DJsNiQV0Q0o",
            "percent": 100,
            "hz": 288
        },
        {
            "user": "Shel",
            "link": "https://www.youtube.com/watch?v=AVRkB5F3udM",
            "percent": 100,
            "hz": 144
        },
        {
            "user": "T333",
            "link": "https://youtu.be/PpFfC2t3sw4",
            "percent": 100,
            "hz": 240
        },
        {
            "user": "LSeolha",
            "link": "https://www.youtube.com/watch?v=7vc8cVPYqKQ",
            "percent": 100,
            "hz": 60,
            "mobile": true
        },
        {
            "user": "Bookeds",
            "link": "https://www.youtube.com/watch?v=PCHJY782bxg",
            "percent": 100,
            "hz": 240
        },
        {
            "user": "Korvak",
            "link": "https://www.youtube.com/watch?v=uQun1lW2SV4",
            "percent": 100,
            "hz": 288
        },
        {
            "user": "Bamvie",
            "link": "https://youtu.be/GrsJcenIzOI",
            "percent": 100,
            "hz": 120
        }
    ]
}
