{
    "id": 58163785,
    "name": "Shitty Renevant",
    "author": "AcropolisBoy",
    "creators": [],
    "verifier": "LJosh",
    "verification": "https://www.youtube.com/watch?v=1b1sc8PX5pk",
    "percentToQualify": 100,
    "records": [
        {
            "user": "Amedxx2y",
            "link": "https://youtu.be/PPQfZlvOvVw",
            "percent": 100,
            "hz": 60,
            "mobile": true
        },
        {
            "user": "GDTeabag",
            "link": "https://www.youtube.com/watch?v=ljPKJP7GSEM",
            "percent": 100,
            "hz": 240
        },
        {
            "user": "Vink",
            "link": "https://youtu.be/P5arS_icvgI",
            "percent": 100,
            "hz": 120
        },
        {
            "user": "Fh1r",
            "link": "https://www.youtube.com/watch?v=VL4JsbsSuek",
            "percent": 100,
            "hz": 240
        },
        {
            "user": "WhatsApp",
            "link": "https://youtu.be/unOGw2hWu5E",
            "percent": 100,
            "hz": 240
        },
        {
            "user": "Renar333",
            "link": "https://youtu.be/EWo8547nNMs",
            "percent": 100,
            "hz": 120
        },
        {
            "user": "GDMeric",
            "link": "https://youtu.be/qrtHzMxhiuA",
            "percent": 100,
            "hz": 144
        },
        {
            "user": "Magmeta",
            "link": "https://www.youtube.com/watch?v=z5T9VAjF_60",
            "percent": 100,
            "hz": 300
        },
        {
            "user": "zMarc",
            "link": "https://youtu.be/whv_hAob_hw",
            "percent": 100,
            "hz": 240
        },
        {
            "user": "Tai0",
            "link": "https://www.twitch.tv/videos/698094594",
            "percent": 100,
            "hz": 120
        },
        {
            "user": "Th13teen",
            "link": "https://www.youtube.com/watch?v=EB8GFwf0lP8&feature=youtu.be",
            "percent": 100,
            "hz": 240
        },
        {
            "user": "Ryth",
            "link": "https://www.youtube.com/watch?v=YUoseOc7O0w&feature=youtu.be",
            "percent": 100,
            "hz": 288
        },
        {
            "user": "Sydney",
            "link": "https://youtu.be/u3dYBc9OEgw",
            "percent": 100,
            "hz": 144
        },
        {
            "user": "orizu",
            "link": "https://youtu.be/jZSCYYgtJp0",
            "percent": 100,
            "hz": 240
        },
        {
            "user": "TH54",
            "link": "https://www.youtube.com/watch?v=MqLEvnYxGYQ",
            "percent": 100,
            "hz": 240
        },
        {
            "user": "Conical",
            "link": "https://youtu.be/ZdUwmVdC9d4",
            "percent": 100,
            "hz": 180
        },
        {
            "user": "GoesAlot",
            "link": "https://www.youtube.com/watch?v=NMGbMtAsftY",
            "percent": 100,
            "hz": 144
        },
        {
            "user": "SlimmeFelix",
            "link": "https://www.youtube.com/watch?v=H31KFSPCXtA&feature=youtu.be",
            "percent": 100,
            "hz": 144
        },
        {
            "user": "Kr_Flame",
            "link": "https://youtu.be/Ulk5Kr4_2hc",
            "percent": 100,
            "hz": 120
        },
        {
            "user": "iRaily",
            "link": "https://youtu.be/yHHyCy5P09w?t=100",
            "percent": 100,
            "hz": 144
        },
        {
            "user": "TheHumanWTF",
            "link": "https://www.youtube.com/watch?v=P3MrT8ahjAw&feature=youtu.be",
            "percent": 100,
            "hz": 165
        },
        {
            "user": "Ryclix",
            "link": "https://youtu.be/Gv0Ymvhpi1c",
            "percent": 100,
            "hz": 288
        },
        {
            "user": "DerflaX",
            "link": "https://www.youtube.com/watch?v=IqrnSNGtpzk",
            "percent": 100,
            "hz": 240
        },
        {
            "user": "Spinach",
            "link": "https://www.youtube.com/watch?v=eJm8OvaejDk&feature=youtu.be",
            "percent": 100,
            "hz": 288
        },
        {
            "user": "geothermalguy",
            "link": "https://youtu.be/k-suOK1pxbA",
            "percent": 100,
            "hz": 240
        },
        {
            "user": "BoundelBoi",
            "link": "https://youtu.be/jIw8eEVSAxw",
            "percent": 100,
            "hz": 240
        },
        {
            "user": "Travisaurus",
            "link": "https://youtu.be/nfkV3TrAMqw",
            "percent": 100,
            "hz": 180
        },
        {
            "user": "Kresuu",
            "link": "https://www.youtube.com/watch?v=gu9Ko54xs7E",
            "percent": 100,
            "hz": 144
        },
        {
            "user": "XxYourNan69420xD",
            "link": "https://www.youtube.com/watch?v=E-lYOYHkF80&ab_channel=mineman2005",
            "percent": 100,
            "hz": 144
        },
        {
            "user": "Foxsyatin",
            "link": "https://youtu.be/2JddGQeBelI",
            "percent": 100,
            "hz": 240
        },
        {
            "user": "ItzElectrix",
            "link": "https://www.youtube.com/watch?v=Vg8u8S105rM&t=69s",
            "percent": 100,
            "hz": 240
        },
        {
            "user": "Kobra456",
            "link": "https://www.youtube.com/watch?v=8FAxZADoTOs",
            "percent": 100,
            "hz": 144
        },
        {
            "user": "monstergamer546",
            "link": "https://youtu.be/HgR24RTrEwM",
            "percent": 100,
            "hz": 60,
            "mobile": true
        },
        {
            "user": "Guip15",
            "link": "https://www.youtube.com/watch?v=u4XrqU5XmOQ&t=2s,",
            "percent": 100,
            "hz": 60,
            "mobile": true
        },
        {
            "user": "Derek46",
            "link": "https://www.youtube.com/watch?v=H0LAqO9VMYs",
            "percent": 100,
            "hz": 240
        },
        {
            "user": "TheSlammed",
            "link": "https://youtu.be/tIaH9df-oAo",
            "percent": 100,
            "hz": 144
        },
        {
            "user": "Weedeater69420",
            "link": "https://youtu.be/05RDgq1uA1g",
            "percent": 100,
            "hz": 280
        },
        {
            "user": "Bibox",
            "link": "https://youtu.be/r6OBMf6ZFdk",
            "percent": 100,
            "hz": 144
        },
        {
            "user": "cydoX",
            "link": "https://www.youtube.com/watch?v=mUOtRRz4tNY",
            "percent": 100,
            "hz": 65
        },
        {
            "user": "Cow",
            "link": "https://www.youtube.com/watch?v=sFtYm-vun78",
            "percent": 100,
            "hz": 120
        },
        {
            "user": "ZerniasX",
            "link": "https://youtu.be/yGXNYgXgx7w",
            "percent": 100,
            "hz": 100
        },
        {
            "user": "z8Nova",
            "link": "https://youtu.be/0FncaX3Edio",
            "percent": 100,
            "hz": 60,
            "mobile": true
        },
        {
            "user": "JaByUs",
            "link": "https://youtu.be/iWv0XI0t-nk",
            "percent": 100,
            "hz": 300
        },
        {
            "user": "mist3red",
            "link": "https://www.youtube.com/watch?v=iowcx60ZQU8",
            "percent": 100,
            "hz": 240
        },
        {
            "user": "RafaUwU",
            "link": "https://youtu.be/VFBiOFqHfW8",
            "percent": 100,
            "hz": 120
        },
        {
            "user": "Ecstricity",
            "link": "https://youtu.be/QzBQ0FcDDzs",
            "percent": 100,
            "hz": 60
        },
        {
            "user": "Samuuu18",
            "link": "https://www.youtube.com/watch?v=hmzQIk3GT0k&feature=youtu.be",
            "percent": 100,
            "hz": 180
        },
        {
            "user": "GabeLucario",
            "link": "https://youtu.be/XADVfgEXKJg",
            "percent": 100,
            "hz": 240
        },
        {
            "user": "NoobikGD",
            "link": "https://youtu.be/-fuvBYpZKV0",
            "percent": 100,
            "hz": 120
        },
        {
            "user": "Zombieland",
            "link": "https://www.youtube.com/watch?v=GVCUkptHTwM&feature=youtu.be",
            "percent": 100,
            "hz": 288
        },
        {
            "user": "Valentino070406",
            "link": "https://youtu.be/O5oKdtDfWkI",
            "percent": 100,
            "hz": 144
        },
        {
            "user": "IDeltaPhantomI",
            "link": "https://youtu.be/O1y-oajfy_I",
            "percent": 100,
            "hz": 240
        },
        {
            "user": "bnuuy",
            "link": "https://www.youtube.com/watch?v=vuPw7RI7Oh8",
            "percent": 100,
            "hz": 144
        },
        {
            "user": "SupaX_",
            "link": "https://youtu.be/SUceip6oI9Q",
            "percent": 100,
            "hz": 300
        },
        {
            "user": "Dustik",
            "link": "https://www.youtube.com/watch?v=YhfnjOMheoo&ab_channel=Dustik",
            "percent": 100,
            "hz": 144
        },
        {
            "user": "LLunaa",
            "link": "https://www.youtube.com/watch?v=GFQow4P97Hc",
            "percent": 100,
            "hz": 120
        },
        {
            "user": "Delphin",
            "link": "https://youtu.be/HydSuhzAuM0",
            "percent": 100,
            "hz": 75
        },
        {
            "user": "arncott",
            "link": "https://www.youtube.com/watch?v=-IyM13rUzp0&feature=youtu.be",
            "percent": 100,
            "hz": 250
        },
        {
            "user": "AzielGD",
            "link": "https://youtu.be/KbPwUih6TDc",
            "percent": 100,
            "hz": 60,
            "mobile": true
        },
        {
            "user": "Dragoon",
            "link": "https://youtu.be/W7iMhWxs-p8",
            "percent": 100,
            "hz": 288
        },
        {
            "user": "Aeon102",
            "link": "https://youtu.be/irkMOYsyrb0",
            "percent": 100,
            "hz": 240
        },
        {
            "user": "ItzVmark",
            "link": "https://www.youtube.com/watch?v=GVyP13j3jnA&feature=youtu.be",
            "percent": 100,
            "hz": 120
        },
        {
            "user": "SuPPerBBoy [GD]",
            "link": "https://www.youtube.com/watch?v=JR3jI2kjdMg",
            "percent": 100,
            "hz": 300
        },
        {
            "user": "CobGD",
            "link": "https://youtu.be/wLNd2KjseWY",
            "percent": 100,
            "hz": 144
        },
        {
            "user": "nKroniX",
            "link": "https://youtu.be/vaqSPY4sgjc",
            "percent": 100,
            "hz": 60,
            "mobile": true
        },
        {
            "user": "YT kerfuffles",
            "link": "https://youtu.be/PzIJWKE3WJg",
            "percent": 100,
            "hz": 288
        },
        {
            "user": "ItzMira",
            "link": "https://youtu.be/G6vq51Q8DL0",
            "percent": 100,
            "hz": 240
        },
        {
            "user": "HzAlula",
            "link": "https://youtu.be/e3v8XrAgKmQ",
            "percent": 100,
            "hz": 240
        },
        {
            "user": "Charlielance",
            "link": "https://www.youtube.com/watch?v=j4u9PycALg8&feature=youtu.be&ab_channel=CharlieLance",
            "percent": 100,
            "hz": 280
        },
        {
            "user": "drali",
            "link": "https://www.youtube.com/watch?v=9pxJywtcKGg",
            "percent": 100,
            "hz": 200
        },
        {
            "user": "zuva",
            "link": "https://youtu.be/JYxw2RSVTpY",
            "percent": 100,
            "hz": 288
        },
        {
            "user": "Rubix",
            "link": "https://youtu.be/NZHwN6F2DFk",
            "percent": 100,
            "hz": 300
        },
        {
            "user": "Michachel",
            "link": "https://youtu.be/HdNkBqPWHbk",
            "percent": 100,
            "hz": 165
        },
        {
            "user": "Kenarium",
            "link": "https://youtu.be/q4YzjjT5ajI",
            "percent": 100,
            "hz": 60
        },
        {
            "user": "dots",
            "link": "https://www.youtube.com/watch?v=G54GP9wRUxs&feature=youtu.be",
            "percent": 100,
            "hz": 180
        },
        {
            "user": "attrixia",
            "link": "https://youtu.be/gNl0E6JZZTk",
            "percent": 100,
            "hz": 144
        },
        {
            "user": "Kowal",
            "link": "https://www.youtube.com/watch?v=04P8RB4XK4k",
            "percent": 100,
            "hz": 60
        },
        {
            "user": "Kirmae",
            "link": "https://youtu.be/nhqy_1JSaGk",
            "percent": 100,
            "hz": 144
        },
        {
            "user": "RadioY",
            "link": "https://www.youtube.com/watch?v=1C5jxEr64R4",
            "percent": 100,
            "hz": 60
        },
        {
            "user": "Brinnn",
            "link": "https://youtu.be/NkxmFx7iTk4",
            "percent": 100,
            "hz": 120
        },
        {
            "user": "Matthlew",
            "link": "https://youtu.be/J3uNSnPnFLc",
            "percent": 100,
            "hz": 144
        },
        {
            "user": "Gamez",
            "link": "https://www.youtube.com/watch?v=EOYmAt1w3ZU",
            "percent": 100,
            "hz": 60
        },
        {
            "user": "DevExit",
            "link": "https://youtu.be/grHkl86lsH0",
            "percent": 100,
            "hz": 144
        },
        {
            "user": "SuseJRG",
            "link": "https://youtu.be/WW9xPkdublo",
            "percent": 100,
            "hz": 120
        },
        {
            "user": "Duality",
            "link": "https://youtu.be/RDO3iBJsSFc",
            "percent": 100,
            "hz": 144
        },
        {
            "user": "SrGuillester",
            "link": "https://www.youtube.com/watch?v=fHqhy9bO00o",
            "percent": 100,
            "hz": 144
        },
        {
            "user": "Nukie",
            "link": "https://www.youtube.com/watch?v=yTsiC9zkgnc",
            "percent": 100,
            "hz": 280
        },
        {
            "user": "WauksGD",
            "link": "https://www.youtube.com/watch?v=O2qhYUORHpM",
            "percent": 100,
            "hz": 144
        },
        {
            "user": "Ablixaa",
            "link": "https://www.youtube.com/watch?v=vbWLQ18fzfA&ab_channel=Ablixa",
            "percent": 100,
            "hz": 144
        },
        {
            "user": "Starteccs",
            "link": "https://youtu.be/je7rn_4ox_8",
            "percent": 100,
            "hz": 60,
            "mobile": true
        },
        {
            "user": "Zan",
            "link": "https://www.youtube.com/watch?v=_FhRN0MLEIw",
            "percent": 100,
            "hz": 144
        },
        {
            "user": "gdXposed",
            "link": "https://youtu.be/_7QiY9lhPYo",
            "percent": 100,
            "hz": 240
        },
        {
            "user": "Bruno09",
            "link": "https://youtu.be/ERcj9vHhPWQ",
            "percent": 100,
            "hz": 60,
            "mobile": true
        },
        {
            "user": "BlueTomcat",
            "link": "https://www.youtube.com/watch?v=h1SvyVhE2wghttps://www.youtube.com/watch?v=48oNO5gp2qs",
            "percent": 100,
            "hz": 144
        },
        {
            "user": "Jay trex21",
            "link": "https://www.youtube.com/watch?v=5bZU25AgqxA",
            "percent": 100,
            "hz": 75
        },
        {
            "user": "Nexor_r",
            "link": "https://www.youtube.com/watch?v=SBwa9c-9DzU",
            "percent": 100,
            "hz": 165
        },
        {
            "user": "NoCtrl",
            "link": "https://youtu.be/B1WH7uSFDfE",
            "percent": 100,
            "hz": 144
        },
        {
            "user": "NVCT",
            "link": "https://www.youtube.com/watch?v=1b3P8xg20AE",
            "percent": 100,
            "hz": 144
        },
        {
            "user": "BeckettGamer",
            "link": "https://youtu.be/Qu-gc3r9O1Y",
            "percent": 100,
            "hz": 144
        },
        {
            "user": "Hulunn",
            "link": "https://www.youtube.com/watch?v=zIVxFJ-bZIw",
            "percent": 100,
            "hz": 288
        },
        {
            "user": "Galaxyx",
            "link": "https://youtu.be/akzHpK0Yq-4",
            "percent": 100,
            "hz": 300
        },
        {
            "user": "danialves555",
            "link": "https://youtu.be/oJdOIuxzVso",
            "percent": 100,
            "hz": 240
        },
        {
            "user": "Riptide",
            "link": "https://youtu.be/eVp3jdf1AS0",
            "percent": 100,
            "hz": 60
        },
        {
            "user": "jOnel",
            "link": "https://youtu.be/G4w1zPA_vw0",
            "percent": 100,
            "hz": 360
        },
        {
            "user": "Timéo",
            "link": "https://youtu.be/OgSYw4UbQWw",
            "percent": 100,
            "hz": 144
        },
        {
            "user": "shreksdonk",
            "link": "https://youtu.be/HgygZEtiqrQ",
            "percent": 100,
            "hz": 144
        },
        {
            "user": "Bluuper",
            "link": "https://www.youtube.com/watch?v=PMFrfEzPyA0",
            "percent": 100,
            "hz": 144
        },
        {
            "user": "ItzQuster",
            "link": "https://youtu.be/diyF_eVN5Is",
            "percent": 100,
            "hz": 120
        },
        {
            "user": "LSeolha",
            "link": "https://youtu.be/HJaxR3fiq_c",
            "percent": 100,
            "hz": 60,
            "mobile": true
        },
        {
            "user": "BraceGD",
            "link": "https://www.youtube.com/watch?v=2x9T4LhIt-A",
            "percent": 100,
            "hz": 144
        },
        {
            "user": "zMultix",
            "link": "https://www.youtube.com/watch?v=G5mZa3Tr3NQ",
            "percent": 100,
            "hz": 60
        },
        {
            "user": "LHenrique",
            "link": "https://youtu.be/edOBwVH_qfE",
            "percent": 100,
            "hz": 240
        },
        {
            "user": "CookieGMD",
            "link": "https://www.youtube.com/watch?v=KMXn8ut-hpE",
            "percent": 100,
            "hz": 240
        },
        {
            "user": "Flimsy fire",
            "link": "https://youtu.be/Q3uRCzykwEY",
            "percent": 100,
            "hz": 240
        },
        {
            "user": "Blook18",
            "link": "https://streamable.com/7hx889",
            "percent": 100,
            "hz": 60
        },
        {
            "user": "Bluestone",
            "link": "https://youtu.be/CWa8MaxrTxQ",
            "percent": 100,
            "hz": 144
        },
        {
            "user": "Andrew14916",
            "link": "https://m.youtube.com/watch?v=KuNvgClbmn4",
            "percent": 100,
            "hz": 240
        },
        {
            "user": "Dame Dames",
            "link": "https://www.youtube.com/watch?v=9NEN7XObT2M",
            "percent": 100,
            "hz": 144
        },
        {
            "user": "Geometry 2012",
            "link": "https://youtu.be/80n6BanwNwA",
            "percent": 100,
            "hz": 360
        },
        {
            "user": "zLettuce",
            "link": "https://www.youtube.com/watch?v=TsJ5yLKEzuI",
            "percent": 100,
            "hz": 60
        },
        {
            "user": "YOUNGBOY",
            "link": "https://www.youtube.com/watch?v=xAliWWYIKSY",
            "percent": 100,
            "hz": 240
        },
        {
            "user": "ii_Savageboy",
            "link": "https://www.youtube.com/watch?v=EDSWnc50GPI",
            "percent": 100,
            "hz": 144
        },
        {
            "user": "Frozono",
            "link": "https://youtu.be/TqBQn848ieE",
            "percent": 100,
            "hz": 60
        },
        {
            "user": "medamaude",
            "link": "https://youtu.be/PZT8H0KwYEo",
            "percent": 100,
            "hz": 144
        },
        {
            "user": "SyPh16",
            "link": "https://youtu.be/pxUjy1-W0qg",
            "percent": 100,
            "hz": 60
        },
        {
            "user": "GameExplorers",
            "link": "https://www.youtube.com/watch?v=IA2tQsmVt6M",
            "percent": 100,
            "hz": 60
        },
        {
            "user": "iTzNutellaGD",
            "link": "https://youtu.be/C04jgvem9k4",
            "percent": 100,
            "hz": 180
        },
        {
            "user": "Zurity",
            "link": "https://www.youtube.com/watch?v=WCr98arKzu0",
            "percent": 100,
            "hz": 75
        },
        {
            "user": "Adrift",
            "link": "https://youtu.be/Lsl5plkiN6k",
            "percent": 100,
            "hz": 144
        },
        {
            "user": "m4rchbot",
            "link": "https://youtu.be/qntJu6zS_0k",
            "percent": 100,
            "hz": 60
        },
        {
            "user": "GD Player",
            "link": "https://www.youtube.com/watch?v=IooUPxdBxh4&ab_channel=AGUASEPE",
            "percent": 100,
            "hz": 75
        },
        {
            "user": "Robbgg05",
            "link": "https://youtu.be/bpdcI2Uh9q0",
            "percent": 100,
            "hz": 60,
            "mobile": true
        },
        {
            "user": "Shel",
            "link": "https://www.youtube.com/watch?v=vgfFQYmD_GY",
            "percent": 100,
            "hz": 144
        },
        {
            "user": "LzKlauss",
            "link": "https://youtu.be/sUtIgdcx8Yk",
            "percent": 100,
            "hz": 360
        },
        {
            "user": "Halledo",
            "link": "https://www.youtube.com/watch?v=hlAYHGlj394",
            "percent": 100,
            "hz": 144
        },
        {
            "user": "ZawyGD",
            "link": "https://www.youtube.com/watch?v=J_JGXywdMe4",
            "percent": 100,
            "hz": 144
        },
        {
            "user": "Nolife",
            "link": "https://youtu.be/x1gOeFr3lIk",
            "percent": 100,
            "hz": 165
        },
        {
            "user": "BrightBird",
            "link": "https://youtu.be/8_EOUcNfpeE",
            "percent": 100,
            "hz": 60
        },
        {
            "user": "Vicrf",
            "link": "https://www.youtube.com/watch?v=BsNpodaIKN4",
            "percent": 100,
            "hz": 288
        },
        {
            "user": "Sushiboys",
            "link": "https://youtu.be/0UQcs7oAERs",
            "percent": 100,
            "hz": 300
        },
        {
            "user": "Dafty",
            "link": "https://youtu.be/mBsEeS1gz1U",
            "percent": 100,
            "hz": 360
        },
        {
            "user": "Dep96",
            "link": "https://youtu.be/kwf9trT1aJU",
            "percent": 100,
            "hz": 144
        },
        {
            "user": "7ssumi",
            "link": "https://youtu.be/zArPOBoDWtI",
            "percent": 100,
            "hz": 144
        },
        {
            "user": "Echo",
            "link": "https://youtu.be/9geb-a_q43c",
            "percent": 100,
            "hz": 75
        },
        {
            "user": "zDusti",
            "link": "https://www.youtube.com/watch?v=aSSloHUyhMo",
            "percent": 100,
            "hz": 360
        },
        {
            "user": "Lukotty",
            "link": "https://www.youtube.com/watch?v=o9DeFlh8jVU",
            "percent": 100,
            "hz": 75
        },
        {
            "user": "uR1",
            "link": "https://youtu.be/3nBcxge1Wbg",
            "percent": 100,
            "hz": 240
        },
        {
            "user": "Delay",
            "link": "https://www.youtube.com/watch?v=yNLnR0qwreY",
            "percent": 100,
            "hz": 240
        },
        {
            "user": "Troy3",
            "link": "https://youtu.be/7duENbdZGGY",
            "percent": 100,
            "hz": 180
        },
        {
            "user": "homegrowntag",
            "link": "https://www.youtube.com/watch?v=ghvbLf_25GA&list=PLN7uEStP_aIM7gFzHawHT_k2yoYB8xKAX&index=2",
            "percent": 100,
            "hz": 144
        },
        {
            "user": "DijonGD",
            "link": "https://youtu.be/5UusgYM2sF0",
            "percent": 100,
            "hz": 60,
            "mobile": true
        },
        {
            "user": "Davine_007",
            "link": "https://www.youtube.com/watch?v=iOGcSgTLOos",
            "percent": 100,
            "hz": 144
        },
        {
            "user": "qb1",
            "link": "https://youtu.be/UhyifwE29_o",
            "percent": 100,
            "hz": 240
        },
        {
            "user": "LXGamer",
            "link": "https://youtu.be/ytbFjsmT29Y",
            "percent": 100,
            "hz": 120
        },
        {
            "user": "FallenToge",
            "link": "https://www.twitch.tv/videos/1180755617",
            "percent": 100,
            "hz": 60,
            "mobile": true
        },
        {
            "user": "affayou",
            "link": "https://youtu.be/SWaOpeze4lQ",
            "percent": 100,
            "hz": 60
        },
        {
            "user": "NixHGD",
            "link": "https://youtu.be/3J3ONB5_T_c",
            "percent": 100,
            "hz": 60
        },
        {
            "user": "Jef",
            "link": "https://www.youtube.com/watch?v=PY4u5c30Bc8",
            "percent": 100,
            "hz": 360
        },
        {
            "user": "DogeyBoi",
            "link": "https://youtu.be/58ZVH041_CE",
            "percent": 100,
            "hz": 165
        },
        {
            "user": "Nuggels",
            "link": "https://youtu.be/oZR25mY9KLU",
            "percent": 100,
            "hz": 165
        },
        {
            "user": "Breakcore",
            "link": "https://www.youtube.com/watch?v=pm7Bll6WJD8",
            "percent": 100,
            "hz": 280
        },
        {
            "user": "NateFH",
            "link": "https://www.youtube.com/watch?v=QI0H52iQAQ4",
            "percent": 100,
            "hz": 60
        },
        {
            "user": "Exnayder",
            "link": "https://youtu.be/T08zwZA3phQ",
            "percent": 100,
            "hz": 60
        },
        {
            "user": "daydreamGS",
            "link": "https://www.youtube.com/watch?v=crT0uRd5UJg",
            "percent": 100,
            "hz": 60
        },
        {
            "user": "Amananka",
            "link": "https://www.youtube.com/watch?v=KHFb0umX-4E",
            "percent": 100,
            "hz": 240
        },
        {
            "user": "romeo",
            "link": "https://www.youtube.com/watch?v=uYHdwN8Unp0",
            "percent": 100,
            "hz": 240
        },
        {
            "user": "Cric2",
            "link": "https://www.youtube.com/watch?v=ZMQ4uBb2-5k",
            "percent": 100,
            "hz": 240
        },
        {
            "user": "lopidopi",
            "link": "https://www.youtube.com/watch?v=jCZMexNCHVQ",
            "percent": 100,
            "hz": 360
        },
        {
            "user": "Snakez363",
            "link": "https://www.youtube.com/watch?v=s1yBXLZ6bmY",
            "percent": 100,
            "hz": 144
        },
        {
            "user": "Karev",
            "link": "https://youtu.be/PxjsJtkN8O4",
            "percent": 100,
            "hz": 60,
            "mobile": true
        },
        {
            "user": "Itsmegadash",
            "link": "https://www.youtube.com/watch?v=ea6-9fkGU3w",
            "percent": 100,
            "hz": 180
        },
        {
            "user": "Ferleon10",
            "link": "https://youtu.be/kMOIgGxWYdA",
            "percent": 100,
            "hz": 144
        },
        {
            "user": "ObvSilver",
            "link": "https://youtu.be/d22778xNjjA",
            "percent": 100,
            "hz": 165
        },
        {
            "user": "Papote Malote",
            "link": "https://www.youtube.com/watch?v=VLj3Yx0LAjg",
            "percent": 100,
            "hz": 180
        },
        {
            "user": "Brielgamer",
            "link": "https://www.youtube.com/watch?v=WNtTE0bv1Q4&ab_channel=Briel456",
            "percent": 100,
            "hz": 280
        },
        {
            "user": "Acacia",
            "link": "https://youtu.be/eWvCdq9f4m4",
            "percent": 100,
            "hz": 288
        },
        {
            "user": "Zelphic",
            "link": "https://youtu.be/Q9Ak0ts5Pw8",
            "percent": 100,
            "hz": 144
        },
        {
            "user": "PatoQuack",
            "link": "https://youtu.be/VA7vEe_CUis",
            "percent": 100,
            "hz": 357
        },
        {
            "user": "T333",
            "link": "https://youtu.be/-9ZTr1obBCI",
            "percent": 100,
            "hz": 240
        },
        {
            "user": "RazerJCZ",
            "link": "https://www.youtube.com/watch?v=Qd98OBpBtuY",
            "percent": 100,
            "hz": 360
        },
        {
            "user": "DeNora17",
            "link": "https://youtu.be/IUQQJ4Hn_us",
            "percent": 100,
            "hz": 360
        },
        {
            "user": "IxMatixI",
            "link": "https://youtu.be/V2_OBIHBgdg",
            "percent": 100,
            "hz": 75
        },
        {
            "user": "NoumnoumGD",
            "link": "https://youtu.be/XtcRbUQe9jI",
            "percent": 100,
            "hz": 240
        },
        {
            "user": "Kucouski",
            "link": "https://youtu.be/PBgIvwEQbyI",
            "percent": 100,
            "hz": 120
        },
        {
            "user": "RealEB2610",
            "link": "https://www.youtube.com/watch?v=5fYytcht8cU",
            "percent": 100,
            "hz": 288
        },
        {
            "user": "ImCrisGD",
            "link": "https://www.youtube.com/watch?v=1Z5i046FcfU&ab_channel=ImCrisGD",
            "percent": 100,
            "hz": 360
        },
        {
            "user": "mouscl.",
            "link": "https://youtu.be/Rk2v_UY5AI0",
            "percent": 100,
            "hz": 60
        },
        {
            "user": "LKuteshi",
            "link": "https://youtu.be/bL0XL0oKJc4",
            "percent": 100,
            "hz": 60,
            "mobile": true
        },
        {
            "user": "Juanjoim2007",
            "link": "https://www.youtube.com/watch?v=R1ShYiY1Ke4",
            "percent": 100,
            "hz": 144
        },
        {
            "user": "Game Over",
            "link": "https://youtu.be/Q_PbybBpBNg",
            "percent": 100,
            "hz": 288
        },
        {
            "user": "Mrazuli12",
            "link": "https://youtu.be/6eeVQYEmh9E",
            "percent": 100,
            "hz": 240
        },
        {
            "user": "ChumbeChumbe",
            "link": "https://www.youtube.com/watch?v=_cR_7S1Vdr4",
            "percent": 100,
            "hz": 144
        },
        {
            "user": "Oblivion7",
            "link": "https://www.youtube.com/watch?v=I-Bs3RMkiQg",
            "percent": 100,
            "hz": 120
        },
        {
            "user": "Alaniz004",
            "link": "https://youtu.be/CPrddvBPtmM?list=PLa0Js5L-MJ8NkTF8C197sHE3Jb5GAAMwb",
            "percent": 100,
            "hz": 360
        },
        {
            "user": "MysthleGD",
            "link": "https://www.youtube.com/watch?v=5e75sTTjCR8",
            "percent": 100,
            "hz": 288
        },
        {
            "user": "Pelo",
            "link": "https://youtu.be/HZgHlyBLZlY",
            "percent": 100,
            "hz": 144
        },
        {
            "user": "Spaace",
            "link": "https://youtu.be/byeRy_zgwPs",
            "percent": 100,
            "hz": 180
        },
        {
            "user": "alfaro",
            "link": "https://youtu.be/XcUvxe-XIBA",
            "percent": 100,
            "hz": 60
        },
        {
            "user": "HowlErse",
            "link": "https://youtu.be/Uk6XXrA0WIQ",
            "percent": 100,
            "hz": 144
        },
        {
            "user": "GabrielWoH",
            "link": "https://youtu.be/GEvufvboTH8",
            "percent": 100,
            "hz": 60,
            "mobile": true
        },
        {
            "user": "Potaslam",
            "link": "https://youtu.be/_b-ZI2hCews",
            "percent": 100,
            "hz": 240
        },
        {
            "user": "Itz0pimy",
            "link": "https://www.youtube.com/watch?v=IP0L4JbcLjg",
            "percent": 100,
            "hz": 60,
            "mobile": true 
        },
        {
            "user": "Dalight",
            "link": "https://www.youtube.com/watch?v=rJ-uLT9eF0E",
            "percent": 100,
            "hz": 75
        },
        {
            "user": "Mikatito",
            "link": "https://www.youtube.com/watch?v=BmbVQBpZZFw",
            "percent": 100,
            "hz": 60
        },
        {
            "user": "DelfunCzyCos",
            "link": "https://youtu.be/2iIKAWYVpYE",
            "percent": 100,
            "hz": 144
        },
        {
            "user": "D4rky",
            "link": "https://www.youtube.com/watch?v=yzWRS3UMf_0",
            "percent": 100,
            "hz": 75
        },
        {
            "user": "Karikaeshii",
            "link": "https://www.youtube.com/watch?v=IQKVnP38erk",
            "percent": 100,
            "hz": 360
        },
        {
            "user": "TimkaTv",
            "link": "https://www.youtube.com/watch?v=UEMbb04_Cmo",
            "percent": 100,
            "hz": 300
        },
        {
            "user": "sketch",
            "link": "https://www.youtube.com/watch?v=dg-cZsL8-nA",
            "percent": 100,
            "hz": 360
        },
        {
            "user": "WaveWarrior",
            "link": "https://youtu.be/1Ih8LnTS36A",
            "percent": 100,
            "hz": 240
        },
        {
            "user": "WilzX",
            "link": "https://www.youtube.com/watch?v=FMpsP4Dgp2g",
            "percent": 100,
            "hz": 360
        },
        {
            "user": "Sr_Panini",
            "link": "https://www.youtube.com/watch?v=nva9SLCJtDE",
            "percent": 100,
            "hz": 288
        },
        {
            "user": "samu2174218",
            "link": "https://www.youtube.com/watch?v=Qs9b0a8PuI0",
            "percent": 100,
            "hz": 120
        },
        {
            "user": "Rexall",
            "link": "https://youtu.be/CqC48KwB3iA",
            "percent": 100,
            "hz": 60
        }
    ]
}
