{
    "id": 69646605,
    "name": "Shitty Requiem",
    "author": "xPani",
    "creators": [],
    "verifier": "Bibox",
    "verification": "https://www.youtube.com/watch?v=MzbGts90tbc",
    "percentToQualify": 100,
    "password": "Not Copyable",
    "records": [
        {
            "user": "Dustik",
            "link": "https://www.youtube.com/watch?v=7RvDXk7ioEY",
            "percent": 100,
            "hz": 144
        },
        {
            "user": "Bluuper",
            "link": "https://www.youtube.com/watch?v=diamGRKFZt0",
            "percent": 100,
            "hz": 144
        },
        {
            "user": "WauksGD",
            "link": "https://www.youtube.com/watch?v=ciueYb6yIcg&t=3s",
            "percent": 100,
            "hz": 144
        },
        {
            "user": "BlueTomcat",
            "link": "https://youtu.be/p_s3h1kgFXk",
            "percent": 100,
            "hz": 144
        },
        {
            "user": "Brinnn",
            "link": "https://youtu.be/z_rtqnyq27k",
            "percent": 100,
            "hz": 120
        },
        {
            "user": "Kobra456",
            "link": "https://www.youtube.com/watch?v=8pv3H-iIeLU",
            "percent": 100,
            "hz": 288
        },
        {
            "user": "SimpalGD",
            "link": "https://www.youtube.com/watch?v=rbtX7ySVGtQ&list=PLa_vTib6mCVyKfBL3vh8CJTwGZxYuVObT&index=3&ab_channel=Simpal",
            "percent": 100,
            "hz": 144
        },
        {
            "user": "ZerniasX",
            "link": "https://youtu.be/kUNFGdXj0qY",
            "percent": 100,
            "hz": 360
        },
        {
            "user": "Renar333",
            "link": "https://youtu.be/F0-PrNFn-OM",
            "percent": 100,
            "hz": 180
        },
        {
            "user": "TheRealMap",
            "link": "https://www.youtube.com/watch?v=y_gzdUMh18Q",
            "percent": 100,
            "hz": 288
        },
        {
            "user": "danialves555",
            "link": "https://youtu.be/QDqMKYz4O0w",
            "percent": 100,
            "hz": 240
        },
        {
            "user": "iRaily",
            "link": "https://youtu.be/tyZvROQCf48",
            "percent": 100,
            "hz": 288
        },
        {
            "user": "IDeltaPhantomI",
            "link": "https://youtu.be/xyM_YMPcnKo",
            "percent": 100,
            "hz": 240
        },
        {
            "user": "ahStarDust",
            "link": "https://youtu.be/JUlf2gDqRQo",
            "percent": 100,
            "hz": 240
        },
        {
            "user": "Samuuu18",
            "link": "https://youtu.be/hk34jkDQ4g4?t=671",
            "percent": 100,
            "hz": 180
        },
        {
            "user": "Dougieman",
            "link": "https://youtu.be/zQ-sjc1X3Fo",
            "percent": 100,
            "hz": 120,
            "mobile": true
        },
        {
            "user": "Shel",
            "link": "https://www.youtube.com/watch?v=6upyq15r4Do",
            "percent": 100,
            "hz": 144
        },
        {
            "user": "SupaX_",
            "link": "https://youtu.be/OJjviuA2m-g",
            "percent": 100,
            "hz": 240
        },
        {
            "user": "vSw00sh",
            "link": "https://youtu.be/tdRNXYwag-0",
            "percent": 100,
            "hz": 360
        },
        {
            "user": "Samu2174218",
            "link": "https://www.youtube.com/watch?v=pN6rwA_2Fbg",
            "percent": 100,
            "hz": 120
        },
        {
            "user": "bnuuy",
            "link": "https://www.youtube.com/watch?v=VQYf_2C7bcQ",
            "percent": 100,
            "hz": 144
        },
        {
            "user": "DogeyBoi",
            "link": "https://youtu.be/BDx2e4fgpi8",
            "percent": 100,
            "hz": 165
        },
        {
            "user": "Nandoju2002",
            "link": "https://www.youtube.com/watch?v=D4PiO5-ysss",
            "percent": 100,
            "hz": 120
        },
        {
            "user": "GD CrimsonKing22",
            "link": "https://www.youtube.com/watch?v=ruHI6wSWxDA&ab_channel=GDCrimsonKing22",
            "percent": 100,
            "hz": 288
        },
        {
            "user": "Nano FV",
            "link": "https://youtu.be/C-P3KtpGcIY",
            "percent": 100,
            "hz": 60
        },
        {
            "user": "Davine_007",
            "link": "https://youtu.be/HWAfs6w7hEY",
            "percent": 100,
            "hz": 144
        },
        {
            "user": "JaByUs",
            "link": "https://youtu.be/TkGmMvq0J9c",
            "percent": 100,
            "hz": 300
        },
        {
            "user": "andredragon",
            "link": "https://youtu.be/aVMF1TGNjv0",
            "percent": 100,
            "hz": 244
        },
        {
            "user": "Yosha",
            "link": "https://www.youtube.com/watch?v=DwoJfo9U9mk",
            "percent": 100,
            "hz": 240
        },
        {
            "user": "DijonGD",
            "link": "https://youtu.be/8l-bjR91R7w",
            "percent": 100,
            "hz": 60,
            "mobile": true
        },
        {
            "user": "Ashlie.",
            "link": "https://www.youtube.com/watch?v=9I451Yga1Lc",
            "percent": 100,
            "hz": 360
        },
        {
            "user": "Skhinner13",
            "link": "https://www.youtube.com/watch?v=BQTk8lz5T4s",
            "percent": 100,
            "hz": 144
        },
        {
            "user": "ChedarGD",
            "link": "https://youtu.be/J37TmLVpH_M",
            "percent": 100,
            "hz": 120,
            "mobile": true
        },
        {
            "user": "Pupienus",
            "link": "https://youtu.be/LrKinJKnuR4",
            "percent": 100,
            "hz": 360
        },
        {
            "user": "Michachel",
            "link": "https://www.youtube.com/watch?v=zVEW5AcFjfk",
            "percent": 100,
            "hz": 360
        },
        {
            "user": "Kuzzi",
            "link": "https://youtu.be/ecpknCb8X3I",
            "percent": 100,
            "hz": 144
        },
        {
            "user": "CaoticGD",
            "link": "https://youtu.be/lBzRmrzOjto",
            "percent": 100,
            "hz": 144
        },
        {
            "user": "excist",
            "link": "https://youtu.be/uApoduRbxv4?t=34",
            "percent": 100,
            "hz": 288
        },
        {
            "user": "Riptide",
            "link": "https://youtu.be/uApoduRbxv4?t=34",
            "percent": 100,
            "hz": 60
        },
        {
            "user": "KylashTheKiller",
            "link": "https://www.youtube.com/watch?v=m5weXbxvZJE",
            "percent": 100,
            "hz": 60
        },
        {
            "user": "WilltheRen",
            "link": "https://www.youtube.com/7r2gmBbvN8E",
            "percent": 100,
            "hz": 165
        },
        {
            "user": "Holojen",
            "link": "https://www.youtube.com/watch?v=_Z9K-jszzHE",
            "percent": 100,
            "hz": 288
        },
        {
            "user": "homegrowntag",
            "link": "https://www.youtube.com/watch?v=URWJv5TTPJQ",
            "percent": 100,
            "hz": 144
        },
        {
            "user": "Fidget",
            "link": "https://www.youtube.com/watch?v=shQkF1Ckwbc",
            "percent": 100,
            "hz": 300
        },
        {
            "user": "zDusti",
            "link": "https://www.youtube.com/watch?v=k5zInRtAtRw",
            "percent": 100,
            "hz": 360
        },
        {
            "user": "ThirtyTwelve",
            "link": "https://www.youtube.com/watch?v=UnH8ofl-JTQ",
            "percent": 100,
            "hz": 120
        },
        {
            "user": "XeduLopeX",
            "link": "https://youtu.be/PR6dTzYtk3k",
            "percent": 100,
            "hz": 144
        },
        {
            "user": "kri1s5",
            "link": "https://www.youtube.com/watch?v=8y2ddb1jhHc",
            "percent": 100,
            "hz": 60
        },
        {
            "user": "Andrew14916",
            "link": "https://www.youtube.com/watch?v=57Z-soyhGpc",
            "percent": 100,
            "hz": 288
        },
        {
            "user": "Razor",
            "link": "https://youtu.be/G_duj-fnR4U",
            "percent": 100,
            "hz": 120,
            "mobile": true
        },
        {
            "user": "Robbgg05",
            "link": "https://youtu.be/rF9frv2GtVE",
            "percent": 100,
            "hz": 60
        },
        {
            "user": "Atomic728",
            "link": "https://youtu.be/ImiyCzNETbc",
            "percent": 100,
            "hz": 360
        },
        {
            "user": "LinedriveGD",
            "link": "https://www.youtube.com/watch?v=zW2HHX7j-_U",
            "percent": 100,
            "hz": 300
        },
        {
            "user": "LzKlauss",
            "link": "https://www.youtube.com/watch?v=Leo57TbsGkI",
            "percent": 100,
            "hz": 240
        },
        {
            "user": "Just_Lemon",
            "link": "https://www.youtube.com/watch?v=YrgstHYpPeQ",
            "percent": 100,
            "hz": 240
        },
        {
            "user": "1hhx9",
            "link": "https://www.youtube.com/watch?v=knwxFuYH2FU",
            "percent": 100,
            "hz": 240
        },
        {
            "user": "FallenToge",
            "link": "https://www.twitch.tv/videos/1285248640",
            "percent": 100,
            "hz": 60,
            "mobile": true
        },
        {
            "user": "Xenrik",
            "link": "https://www.youtube.com/watch?v=irqkUchLslI&ab_channel=Xenrik",
            "percent": 100,
            "hz": 165
        },
        {
            "user": "Dzszs",
            "link": "https://youtu.be/IXtkHoA75Do?t=288",
            "percent": 100,
            "hz": 144
        },
        {
            "user": "CSM",
            "link": "https://www.youtube.com/watch?v=uVtSspeud-o",
            "percent": 100,
            "hz": 288
        },
        {
            "user": "RealEB2610",
            "link": "https://www.youtube.com/watch?v=2ETTAiFJAEc",
            "percent": 100,
            "hz": 288
        },
        {
            "user": "zLunatiX",
            "link": "https://youtu.be/1Y2xOolIpFI",
            "percent": 100,
            "hz": 120
        },
        {
            "user": "RazerJCZ",
            "link": "https://www.youtube.com/watch?v=JlWApsWKlWA",
            "percent": 100,
            "hz": 360
        },
        {
            "user": "Kenos Song",
            "link": "https://www.youtube.com/watch?v=TTJ6MbUNOOU",
            "percent": 100,
            "hz": 360
        },
        {
            "user": "alfaro",
            "link": "https://www.youtube.com/watch?v=WGwJ7meYspQ",
            "percent": 100,
            "hz": 60
        },
        {
            "user": "UnhealthyPoro",
            "link": "https://www.youtube.com/watch?v=OGukulpKMi8",
            "percent": 100,
            "hz": 240
        },
        {
            "user": "TheCooky",
            "link": "https://www.youtube.com/watch?v=zs9w4NOjn_4",
            "percent": 100,
            "hz": 165
        },
        {
            "user": "Dusty175",
            "link": "https://www.youtube.com/watch?v=x__e5-32lRo",
            "percent": 100,
            "hz": 120
        },
        {
            "user": "zuva",
            "link": "https://www.youtube.com/watch?v=WQu2f7OLLjQ",
            "percent": 100,
            "hz": 165
        },
        {
            "user": "Oblivion7",
            "link": "https://www.youtube.com/watch?v=QfVyTGhYp8E",
            "percent": 100,
            "hz": 120
        },
        {
            "user": "gonza",
            "link": "https://youtu.be/KoRtRQjzm5Y",
            "percent": 100,
            "hz": 240
        },
        {
            "user": "Cric2",
            "link": "https://youtu.be/vTBpUK1dQSI",
            "percent": 100,
            "hz": 240
        },
        {
            "user": "Strylah",
            "link": "https://youtu.be/G32UXKdxbV8",
            "percent": 100,
            "hz": 144
        },
        {
            "user": "Stucc",
            "link": "https://youtu.be/9b_LbQqzI48",
            "percent": 100,
            "hz": 360
        },
        {
            "user": "VenialCelery",
            "link": "https://www.youtube.com/watch?v=gzzGhkWATYg&ab_channel=Jaysul99",
            "percent": 100,
            "hz": 360
        },
        {
            "user": "Chronic",
            "link": "https://youtu.be/T6QnB1CgWXA",
            "percent": 100,
            "hz": 144
        },
        {
            "user": "IvanVG_06",
            "link": "https://www.youtube.com/watch?v=y-fn7AKA90s",
            "percent": 100,
            "hz": 288
        },
        {
            "user": "attrixia",
            "link": "https://youtu.be/gCc-BHWxUi4",
            "percent": 100,
            "hz": 120
        },
        {
            "user": "BlizzardLaZario",
            "link": "https://www.youtube.com/watch?v=YgGQJpcc528",
            "percent": 100,
            "hz": 144
        },
        {
            "user": "Demons [GD]",
            "link": "https://www.youtube.com/watch?v=8Apfj1qMPlQ",
            "percent": 100,
            "hz": 240
        },
        {
            "user": "Kucouski",
            "link": "https://www.youtube.com/watch?v=KC7EtAW5xK4",
            "percent": 100,
            "hz": 120
        },
        {
            "user": "Dame Dames",
            "link": "https://www.youtube.com/watch?v=IZROu01Dwsw",
            "percent": 100,
            "hz": 360
        },
        {
            "user": "MaBooBas556",
            "link": "https://youtu.be/KNaT8QDyUNo",
            "percent": 100,
            "hz": 90,
            "mobile": true
        },
        {
            "user": "rbmadd",
            "link": "https://youtu.be/2njfYPNlzFI",
            "percent": 100,
            "hz": 240
        },
        {
            "user": "Gael Andrade",
            "link": "https://youtu.be/EH8uRLQ_c0o",
            "percent": 100,
            "hz": 60
        },
        {
            "user": "MatthewX50",
            "link": "https://www.youtube.com/watch?v=iek5U0Ydgpo",
            "percent": 100,
            "hz": 360
        },
        {
            "user": "Martingh11",
            "link": "https://youtu.be/ydk7UqVjN6w",
            "percent": 100,
            "hz": 60
        },
        {
            "user": "EvilEmperium",
            "link": "https://youtu.be/igL_RywVBxU",
            "percent": 100,
            "hz": 165
        }
    ]
}
