{
    "id": 72524299,
    "name": "Shitty Retitled",
    "author": "chspchips",
    "creators": [],
    "verifier": "Fh1r",
    "verification": "https://youtu.be/eWTBtF9BReA",
    "percentToQualify": 100,
    "records": [
        {
            "user": "BlueTomcat",
            "link": "https://www.youtube.com/watch?v=uAh9XV33ND8",
            "percent": 100,
            "hz": 288
        },
        {
            "user": "iRaily",
            "link": "https://youtu.be/rhXL3xNYC9w",
            "percent": 100,
            "hz": 288
        },
        {
            "user": "attrixia",
            "link": "https://youtu.be/ExYLmiNV1_o",
            "percent": 100,
            "hz": 150
        },
        {
            "user": "Delay",
            "link": "https://www.youtube.com/watch?v=suKq7C3msiE&t=8s",
            "percent": 100,
            "hz": 240
        },
        {
            "user": "WilltheRen",
            "link": "https://www.youtube.com/watch?v=CU1NJ_SULv0",
            "percent": 100,
            "hz": 165
        },
        {
            "user": "Starscream",
            "link": "https://www.youtube.com/watch?v=iwCuiBSvdBo",
            "percent": 100,
            "hz": 60
        },
        {
            "user": "DoGGy",
            "link": "https://youtu.be/ussqZ85UdJs",
            "percent": 100,
            "hz": 288
        },
        {
            "user": "T333",
            "link": "https://youtu.be/Ickh1UYO2bM",
            "percent": 100,
            "hz": 240
        },
        {
            "user": "LinedriveGD",
            "link": "https://www.youtube.com/watch?v=zmgqJFmwdDE",
            "percent": 100,
            "hz": 300
        },
        {
            "user": "zLunatiX",
            "link": "https://youtu.be/n8mkV39zr5k",
            "percent": 100,
            "hz": 120
        },
        {
            "user": "Riptide",
            "link": "https://www.youtube.com/watch?v=Ty6rKz6NjMs",
            "percent": 100,
            "hz": 120
        },
        {
            "user": "voltrux",
            "link": "https://youtu.be/80tiptFgopc",
            "percent": 100,
            "hz": 360
        },
        {
            "user": "Alaniz004",
            "link": "https://youtu.be/J-439dhV0QI",
            "percent": 100,
            "hz": 360
        },
        {
            "user": "Samuuu18",
            "link": "https://www.youtube.com/watch?v=1JfCbxR2Cdk",
            "percent": 100,
            "hz": 360
        },
        {
            "user": "kasiaUwU",
            "link": "https://youtu.be/6XEoWrAr_zg",
            "percent": 100,
            "hz": 240
        },
        {
            "user": "RalmbryYt",
            "link": "https://www.youtube.com/watch?v=UeuFqmICJrI",
            "percent": 100,
            "hz": 360
        }
    ]
}
