{
    "id": 73841618,
    "name": "Shitty RUST",
    "author": "Sulky",
    "creators": [],
    "verifier": "GD Crimsonking22",
    "verification": "https://www.youtube.com/watch?v=9WqkdBcxS54",
    "percentToQualify": 63,
    "records": [
        {
            "user": "Tai0",
            "link": "https://www.youtube.com/watch?v=xcG87z2KOeE",
            "percent": 100,
            "hz": 144
        },
        {
            "user": "Nolife",
            "link": "https://www.youtube.com/watch?v=pkNZVZK5v_8",
            "percent": 100,
            "hz": 240
        },
        {
            "user": "BlueTomcat",
            "link": "https://www.youtube.com/watch?v=X1NUtkYjcbc",
            "percent": 100,
            "hz": 288
        },
        {
            "user": "attrixia",
            "link": "https://youtu.be/wFYKtqXrjXM",
            "percent": 100,
            "hz": 150
        },
        {
            "user": "iRaily",
            "link": "https://youtu.be/XH7YUDSDtxs",
            "percent": 100,
            "hz": 288
        },
        {
            "user": "kiseki",
            "link": "https://www.youtube.com/watch?v=0iiPwtCKzNE",
            "percent": 98,
            "hz": 144
        },
        {
            "user": "Yarkii",
            "link": "https://www.youtube.com/watch?v=_eEy8KpSclE",
            "percent": 100,
            "hz": 360
        },
        {
            "user": "Erdus7",
            "link": "https://youtu.be/6-sszf-aVRQ",
            "percent": 64,
            "hz": 240
        },
        {
            "user": "Oganesson",
            "link": "https://youtu.be/scO55f4G45I",
            "percent": 100,
            "hz": 165
        },
        {
            "user": "JustAlf",
            "link": "https://www.youtube.com/watch?v=G29Z6H3Coi0",
            "percent": 100,
            "hz": 240
        },
        {
            "user": "RedCraft",
            "link": "https://youtu.be/kDbCJFefNV4?t=7880",
            "percent": 100,
            "hz": 288
        },
        {
            "user": "Epsilonic70",
            "link": "https://www.youtube.com/watch?v=XWjUwcX4eM4",
            "percent": 100,
            "hz": 240
        },
        {
            "user": "Shel",
            "link": "https://youtu.be/-9GNTMqd8bc",
            "percent": 100,
            "hz": 144
        },
        {
            "user": "deex3",
            "link": "https://www.youtube.com/watch?v=GflngXMJT9w",
            "percent": 100,
            "hz": 360
        },
        {
            "user": "Sushiboys",
            "link": "https://www.youtube.com/watch?v=dkCDUzcoNoU",
            "percent": 100,
            "hz": 300
        },
        {
            "user": "Holojen",
            "link": "https://www.youtube.com/watch?v=AQXLXmFYRDU",
            "percent": 100,
            "hz": 288
        },
        {
            "user": "Santyr",
            "link": "https://www.youtube.com/watch?v=9_w9DENvU1M",
            "percent": 100,
            "hz": 360
        },
        {
            "user": "Samuuu18",
            "link": "https://youtu.be/5A4yZCzgD4I",
            "percent": 100,
            "hz": 360
        },
        {
            "user": "AzielGD",
            "link": "https://youtu.be/XfPiHpoK028",
            "percent": 100,
            "hz": 60,
            "mobile": true
        },
        {
            "user": "MustafaAydin",
            "link": "https://www.youtube.com/watch?v=sT_ntHn97eo",
            "percent": 100,
            "hz": 120
        },
        {
            "user": "Solid",
            "link": "https://youtu.be/zr4iWlYmIIQ",
            "percent": 100,
            "hz": 240
        },
        {
            "user": "SebHerVil",
            "link": "https://youtu.be/rLUW4IVgmjY",
            "percent": 100,
            "hz": 144
        },
        {
            "user": "Dandy Chiggins",
            "link": "https://youtu.be/ZmjkYjZzDwY",
            "percent": 100,
            "hz": 240
        },
        {
            "user": "Razor",
            "link": "https://www.youtube.com/watch?v=xgTUyLC-2jU",
            "percent": 69,
            "hz": 120,
            "mobile": true
        },
        {
            "user": "KylashTheKiller",
            "link": "https://youtu.be/OWlYMIun8DA",
            "percent": 100,
            "hz": 60
        },
        {
            "user": "BrightBird",
            "link": "https://youtu.be/vL6i4qfn7CQ",
            "percent": 100,
            "hz": 288
        },
        {
            "user": "Dijinald Cactus",
            "link": "https://www.youtube.com/watch?v=uo4LcDYQQdM",
            "percent": 100,
            "hz": 120
        },
        {
            "user": "Chee2y",
            "link": "https://www.youtube.com/watch?v=TvF9VJr23oM",
            "percent": 100,
            "hz": 240
        },
        {
            "user": "Acacia",
            "link": "https://www.youtube.com/watch?v=gsBgulp_hSY",
            "percent": 100,
            "hz": 288
        },
        {
            "user": "Kenos Song",
            "link": "https://youtu.be/XDXqV9_wemw",
            "percent": 100,
            "hz": 360
        },
        {
            "user": "D141D",
            "link": "https://youtu.be/nt7agzttv_g",
            "percent": 100,
            "hz": 288
        },
        {
            "user": "RealEB2610",
            "link": "https://www.youtube.com/watch?v=hAAbRn7Fi5I",
            "percent": 100,
            "hz": 288
        },
        {
            "user": "Emonadeo",
            "link": "https://www.youtube.com/watch?v=VH8wL4H6vh0",
            "percent": 100,
            "hz": 240
        },
        {
            "user": "Diris",
            "link": "https://www.youtube.com/watch?v=w6gWTiRXD0A",
            "percent": 100,
            "hz": 240
        },
        {
            "user": "Pichufleta",
            "link": "https://www.youtube.com/watch?v=AvNB3EhHji8",
            "percent": 100,
            "hz": 360
        },
        {
            "user": "RAFFOX",
            "link": "https://www.youtube.com/watch?v=htBTfodrvis",
            "percent": 100,
            "hz": 280
        },
        {
            "user": "Davine_007",
            "link": "https://www.youtube.com/watch?v=V_Mzvdez8ws",
            "percent": 100,
            "hz": 144
        },
        {
            "user": "Vink",
            "link": "https://youtu.be/jAIMlmRjIBE",
            "percent": 100,
            "hz": 120
        },
        {
            "user": "NotD4N1",
            "link": "https://www.youtube.com/watch?v=txD4SsXEO4Y",
            "percent": 73,
            "hz": 360
        },
        {
            "user": "Oblivion7",
            "link": "https://youtu.be/o3Mo3xZ6hIE",
            "percent": 100,
            "hz": 120
        },
        {
            "user": "Riptide",
            "link": "https://youtu.be/PStjFXT4uSg",
            "percent": 100,
            "hz": 120
        },
        {
            "user": "Vaoen",
            "link": "https://www.twitch.tv/videos/1314892277",
            "percent": 100,
            "hz": 288
        },
        {
            "user": "biskit",
            "link": "https://www.youtube.com/watch?v=jnTSfLsTya4",
            "percent": 100,
            "hz": 360
        },
        {
            "user": "rweix",
            "link": "https://www.youtube.com/watch?v=aFxqIS7n_Ak",
            "percent": 74,
            "hz": 144
        },
        {
            "user": "Andrxw",
            "link": "https://www.youtube.com/watch?v=FMx0bP4tkIg",
            "percent": 98,
            "hz": 144
        },
        {
            "user": "ElM4nuYT",
            "link": "https://www.youtube.com/watch?v=FMx0bP4tkIg",
            "percent": 63,
            "hz": 60
        },
        {
            "user": "LzKlauss",
            "link": "https://www.youtube.com/watch?v=rZtQ6k1vEhA",
            "percent": 100,
            "hz": 360
        },
        {
            "user": "Freikz",
            "link": "https://youtu.be/tGTSrDwZ2vM",
            "percent": 100,
            "hz": 360
        },
        {
            "user": "antisynth",
            "link": "https://www.youtube.com/watch?v=GG4YWfvdNrI",
            "percent": 100,
            "hz": 330
        },
        {
            "user": "YuriPie",
            "link": "https://youtu.be/hhVbJmvGMxc",
            "percent": 100,
            "hz": 360
        },
        {
            "user": "TheKalvinator",
            "link": "https://youtu.be/WxJupmsjpNc",
            "percent": 100,
            "hz": 240
        },
        {
            "user": "GD Leaf",
            "link": "https://youtu.be/XQBTaugZmrU",
            "percent": 100,
            "hz": 144
        },
        {
            "user": ".com",
            "link": "https://discordapp.com/channels/713151800932433972/719561936714465421/999490933580107798",
            "percent": 93,
            "hz": 120
        },
        {
            "user": "Parufka2137",
            "link": "https://www.youtube.com/watch?v=7rsWdCPfGi8",
            "percent": 90,
            "hz": 360
        },
        {
            "user": "Breakcore",
            "link": "https://www.youtube.com/watch?v=WHi_V88pkB0",
            "percent": 100,
            "hz": 360
        },
        {
            "user": "kacro",
            "link": "https://www.youtube.com/watch?v=ho7Est-t-ss",
            "percent": 100,
            "hz": 360
        }
    ]
}
