{
    "id": 77558400,
    "name": "Shitty Sakupen Circles",
    "author": "Myz",
    "creators": ["Slayer"],
    "verifier": "bnuuy",
    "verification": "https://youtu.be/TvxNRQkKqk8",
    "percentToQualify": 53,
    "records": [
        {
            "user": "Dandy Chiggins",
            "link": "https://www.youtube.com/watch?v=PRSVfW07hhk",
            "percent": 100,
            "hz": 240
        },
        {
            "user": "Tai0",
            "link": "https://youtu.be/h2WoeNymQWE",
            "percent": 100,
            "hz": 144
        },
        {
            "user": "iRaily",
            "link": "https://youtu.be/XGwS4MNMgEo",
            "percent": 100,
            "hz": 360
        },
        {
            "user": "attrixia",
            "link": "https://youtu.be/SNQYM3vlHis",
            "percent": 100,
            "hz": 150
        },
        {
            "user": "GD CrimsonKing22",
            "link": "https://www.youtube.com/watch?v=yQEKgn2obcc",
            "percent": 100,
            "hz": 288
        },
        {
            "user": "Solid",
            "link": "https://youtu.be/rRGN974oXLk",
            "percent": 100,
            "hz": 240
        },
        {
            "user": "krispix",
            "link": "https://www.youtube.com/watch?v=nHjP4q1SqMI",
            "percent": 100,
            "hz": 225
        },
        {
            "user": "PatoQuack",
            "link": "https://www.youtube.com/watch?v=cdeiJyCOSFM",
            "percent": 100,
            "hz": 357
        },
        {
            "user": "BensonGD",
            "link": "https://youtu.be/IDazU_7jlYU",
            "percent": 100,
            "hz": 360
        },
        {
            "user": "sketch",
            "link": "https://youtu.be/iY-GeRLIth4",
            "percent": 100,
            "hz": 360
        },
        {
            "user": "WilltheRen",
            "link": "https://youtu.be/XcYkvY5xtnU",
            "percent": 100,
            "hz": 280
        },
        {
            "user": "Sushiboys",
            "link": "https://youtu.be/v58svOVXA7w",
            "percent": 100,
            "hz": 300
        },
        {
            "user": "Tteek",
            "link": "https://www.youtube.com/watch?v=ihYUpsnxSHY&ab_channel=Tteek",
            "percent": 60,
            "hz": 360
        },
        {
            "user": "Rubix",
            "link": "https://youtu.be/6LRGEb1pDsM",
            "percent": 100,
            "hz": 360
        },
        {
            "user": "ItzQuster",
            "link": "https://youtu.be/3URAn6nnw7g",
            "percent": 100,
            "hz": 300
        },
        {
            "user": "Shel",
            "link": "https://youtu.be/gpqUoKwGjA8",
            "percent": 100,
            "hz": 144
        },
        {
            "user": "Mortex",
            "link": "https://www.youtube.com/watch?v=yKHO_jDf6Ow&ab_channel=MortexGD",
            "percent": 61,
            "hz": 360
        },
        {
            "user": "Crommm",
            "link": "https://www.youtube.com/watch?v=BfY_qMwZ8vU",
            "percent": 67,
            "hz": 144
        },
        {
            "user": "oBynxi",
            "link": "https://www.youtube.com/watch?v=sYqI9rAG4Qk",
            "percent": 53,
            "hz": 240
        },
        {
            "user": "ElKayserGD",
            "link": "https://www.youtube.com/watch?v=oBkC9zzArjM",
            "percent": 68,
            "hz": 360
        },
        {
            "user": "h4tecr1me.",
            "link": "https://www.youtube.com/watch?v=sNq1sXvNrbI",
            "percent": 100,
            "hz": 240
        },
        {
            "user": "Hachiko77",
            "link": "https://www.youtube.com/watch?v=qB553EYEqEs",
            "percent": 56,
            "hz": 360
        },
        {
            "user": "mag1c",
            "link": "https://www.youtube.com/watch?v=qIALgLmjpDQ",
            "percent": 71,
            "hz": 360
        },
        {
            "user": "YtSofia",
            "link": "https://youtu.be/zgDEgwo4qmQ",
            "percent": 100,
            "hz": 144
        },
        {
            "user": "KylashTheKiller",
            "link": "https://www.youtube.com/watch?v=AO7HwjtaOm4",
            "percent": 100,
            "hz": 60
        },
        {
            "user": "Galaxyx",
            "link": "https://youtu.be/9D3KkXlOwyA",
            "percent": 100,
            "hz": 360
        },
        {
            "user": "Spinach",
            "link": "https://youtu.be/ZK4U4KTcy4M",
            "percent": 100,
            "hz": 288
        },
        {
            "user": "yabotvgd",
            "link": "https://youtu.be/4J1I0cdwnOM",
            "percent": 66,
            "hz": 360
        },
        {
            "user": "Lzard",
            "link": "https://www.youtube.com/watch?v=6oLLgwelCfM",
            "percent": 61,
            "hz": 300
        },
        {
            "user": "funniestpro",
            "link": "https://www.youtube.com/watch?v=1Cnqmgqqksg",
            "percent": 100,
            "hz": 240
        },
        {
            "user": "Viridian",
            "link": "https://www.youtube.com/watch?v=n69uzMvHZeM",
            "percent": 100,
            "hz": 288
        },
        {
            "user": "wienerrr",
            "link": "https://www.youtube.com/watch?v=GeMBMhJ4rAU",
            "percent": 100,
            "hz": 144
        },
        {
            "user": "Freikz",
            "link": "https://youtu.be/eNFNZyiRvJk",
            "percent": 78,
            "hz": 360
        },
        {
            "user": "GDMeric",
            "link": "https://youtu.be/0wBToe4tNjw",
            "percent": 100,
            "hz": 360
        },
        {
            "user": "vlubz",
            "link": "https://youtu.be/8zwdXUkKDL4",
            "percent": 67,
            "hz": 144
        },
        {
            "user": "PPPixel",
            "link": "https://www.youtube.com/watch?v=hgZQFArtE1k",
            "percent": 100,
            "hz": 360
        },
        {
            "user": "Echo",
            "link": "https://www.youtube.com/watch?v=qQmp30o66F8",
            "percent": 100,
            "hz": 240
        },
        {
            "user": "NiXaNTy",
            "link": "https://www.youtube.com/watch?v=MEQiMKlUHxg",
            "percent": 100,
            "hz": 360
        },
        {
            "user": "m1nyong",
            "link": "https://youtu.be/Zk6Zaxt7fu0",
            "percent": 100,
            "hz": 360
        },
        {
            "user": "Itsmegadash",
            "link": "https://www.youtube.com/watch?v=msbWt7KtgwU",
            "percent": 100,
            "hz": 240
        },
        {
            "user": "WildPoint",
            "link": "https://www.youtube.com/watch?v=_Nz0M1zFl5c&ab_channel=WildPoint%5BGD%5D",
            "percent": 67,
            "hz": 240
        },
        {
            "user": "cosmy",
            "link": "https://www.youtube.com/watch?v=XZjoKISnBuk",
            "percent": 100,
            "hz": 288
        },
        {
            "user": "NTB",
            "link": "https://www.youtube.com/watch?v=Ko7x1xnikYs",
            "percent": 100,
            "hz": 300
        },
        {
            "user": "Decin0",
            "link": "https://youtu.be/A8CHsu0zGic?t=47",
            "percent": 100,
            "hz": 288
        },
        {
            "user": "IDeltaPhantomI",
            "link": "https://youtu.be/8chNhvO49IU",
            "percent": 100,
            "hz": 360
        },
        {
            "user": "moab",
            "link": "https://youtu.be/9WO81x-2qNM",
            "percent": 100,
            "hz": 240
        },
        {
            "user": "Swib",
            "link": "https://youtu.be/d8JlkgB3VL8",
            "percent": 100,
            "hz": 360
        },
        {
            "user": "Kenos Song",
            "link": "https://youtu.be/e5kP7f0Yvzs",
            "percent": 100,
            "hz": 360
        },
        {
            "user": "@perseygd",
            "link": "https://youtu.be/83CmcV4hxQw",
            "percent": 67,
            "hz": 360
        },
        {
            "user": "stepulik77",
            "link": "https://youtu.be/_gP258xxvas",
            "percent": 56,
            "hz": 120,
            "mobile": true
        },
        {
            "user": "SoWOW",
            "link": "https://www.youtube.com/watch?v=gz40zKh-hsw",
            "percent": 100,
            "hz": 120,
            "mobile": true
        },
        {
            "user": "Charlielance",
            "link": "https://www.youtube.com/watch?v=X_I47NNx3jk",
            "percent": 100,
            "hz": 360
        },
        {
            "user": "Kowa",
            "link": "https://www.youtube.com/watch?v=PEob60-yKaY",
            "percent": 74,
            "hz": 288
        },
        {
            "user": "Fh1r",
            "link": "https://www.youtube.com/watch?v=UTCaIWn5sKg",
            "percent": 100,
            "hz": 240
        },
        {
            "user": "Dawg",
            "link": "https://www.youtube.com/watch?v=VOmHKECclgE&ab_channel=DogGuy",
            "percent": 100,
            "hz": 360
        },
        {
            "user": "Acacia",
            "link": "https://www.youtube.com/watch?v=O4y3ZAKR5Og",
            "percent": 100,
            "hz": 288
        },
        {
            "user": "Verdun",
            "link": "https://youtu.be/vbCLm76bPJ4",
            "percent": 56,
            "hz": 300
        },
        {
            "user": "HargChucu",
            "link": "https://youtu.be/W7S7L-L1gV8",
            "percent": 100,
            "hz": 240
        },
        {
            "user": "Ecstacyie",
            "link": "https://youtu.be/2ArYzUJBdSA",
            "percent": 100,
            "hz": 360
        },
        {
            "user": "LinkMaxTM",
            "link": "https://streamable.com/alne4e",
            "percent": 100,
            "hz": 360
        },
        {
            "user": "Gheasty",
            "link": "https://www.youtube.com/watch?v=KWoZHVWkrNs",
            "percent": 100,
            "hz": 360
        },
        {
            "user": "Sense.",
            "link": "https://youtu.be/WM0Va4m6gsQ",
            "percent": 100,
            "hz": 360
        },
        {
            "user": "Invinceicube",
            "link": "https://youtu.be/T28_ZSEPmdw",
            "percent": 100,
            "hz": 240
        },
        {
            "user": "Atronicks",
            "link": "https://youtu.be/KXtJcN0SGts",
            "percent": 57,
            "hz": 360
        },
        {
            "user": "Nobelix",
            "link": "https://www.youtube.com/watch?v=Cht7ltWwbmY",
            "percent": 76,
            "hz": 360
        },
        {
            "user": "LavinRu",
            "link": "https://youtu.be/IdE9cSG6UNQ",
            "percent": 100,
            "hz": 360
        },
        {
            "user": "Oblivion7",
            "link": "https://www.youtube.com/watch?v=W0jQhwBE1ps",
            "percent": 100,
            "hz": 120
        },
        {
            "user": "RAFFOX",
            "link": "https://www.youtube.com/watch?v=ZBhMvUHhm8E",
            "percent": 100,
            "hz": 280
        },
        {
            "user": "Matthlew",
            "link": "https://youtu.be/e23B0c8I6AA",
            "percent": 100,
            "hz": 144
        },
        {
            "user": "CookieGMD",
            "link": "https://www.youtube.com/watch?v=396QN0biDT4",
            "percent": 100,
            "hz": 360
        },
        {
            "user": "Element",
            "link": "https://youtu.be/ZY_iNqfsSBU",
            "percent": 100,
            "hz": 240
        },
        {
            "user": "ocurredbaton",
            "link": "https://youtu.be/rfM-s4FVf28",
            "percent": 59,
            "hz": 240
        },
        {
            "user": "HeartLess",
            "link": "https://youtu.be/YCGiSQUXBp4",
            "percent": 100,
            "hz": 360
        },
        {
            "user": "DogeyBoi",
            "link": "https://www.youtube.com/watch?v=uGD0_JqH4Q8",
            "percent": 100,
            "hz": 360
        },
        {
            "user": "MauklyH",
            "link": "https://www.youtube.com/watch?v=m7X-FP300rk",
            "percent": 100,
            "hz": 360
        },
        {
            "user": "Samuuu18",
            "link": "https://youtu.be/ERsWTcaI2Cw",
            "percent": 100,
            "hz": 360
        },
        {
            "user": "RealEB2610",
            "link": "https://www.youtube.com/watch?v=GUnL22M_QN4",
            "percent": 100,
            "hz": 288
        },
        {
            "user": "Cric2",
            "link": "https://www.youtube.com/watch?v=aob8mxQ-e-U",
            "percent": 100,
            "hz": 240
        },
        {
            "user": "rBlaze",
            "link": "https://youtu.be/w91KvKHM8lA",
            "percent": 70,
            "hz": 360
        },
        {
            "user": "Demonbeater17",
            "link": "https://youtu.be/DXHqcA8pNA4",
            "percent": 100,
            "hz": 120,
            "mobile": true
        },
        {
            "user": "Radikx",
            "link": "https://www.youtube.com/watch?v=Y0KQujQN-FM",
            "percent": 100,
            "hz": 240
        },
        {
            "user": "HeitorCar",
            "link": "https://www.youtube.com/watch?v=s2tdPsfDodk&ab_channel=HeitorCar-GeometryDash",
            "percent": 100,
            "hz": 360
        },
        {
            "user": "homegrowntag",
            "link": "https://www.youtube.com/watch?v=SH8wje-fMig",
            "percent": 100,
            "hz": 240
        },
        {
            "user": "kifir",
            "link": "https://youtu.be/4t6FuvVHxUI",
            "percent": 100,
            "hz": 300
        },
        {
            "user": "Holojen",
            "link": "https://youtu.be/AuIUugLL1gA",
            "percent": 100,
            "hz": 288
        },
        {
            "user": "jacka1",
            "link": "https://youtu.be/NLMgB4jgibM",
            "percent": 76,
            "hz": 360
        },
        {
            "user": "LzKlauss",
            "link": "https://youtu.be/2pKJtKXD9aE",
            "percent": 100,
            "hz": 360
        },
        {
            "user": "tunbag_",
            "link": "https://youtu.be/5rvSD28cwdA",
            "percent": 100,
            "hz": 360
        },
        {
           "user": "Vapor",
           "link": "https://youtu.be/3nqKxIvv4Ao",
           "percent": 54,
           "hz": 360
        },
        {
           "user": "shekyus",
           "link": "https://www.youtube.com/watch?v=AP8HjrR0JDg",
           "percent": 100,
           "hz": 300
        },
        {
           "user": "mido",
           "link": "https://www.youtube.com/watch?v=WFijVWC4Qag",
           "percent": 100,
           "hz": 360
        },
        {
           "user": "Andrew14916",
           "link": "https://www.youtube.com/watch?v=LEvi3zSQU98",
           "percent": 70,
           "hz": 360
        },
        {
           "user": "Willow",
           "link": "https://www.youtube.com/watch?v=Jf9iNJfhSOQ",
           "percent": 100,
           "hz": 240
        },
        {
           "user": "frol1kkk",
           "link": "https://www.youtube.com/watch?v=0Meyjmqk-9M",
           "percent": 57,
           "hz": 360
        },
        {
           "user": "wolfblack54",
           "link": "https://youtu.be/HR6qsLKsmOA",
           "percent": 76,
           "hz": 360
        },
        {
            "user": "biskit",
            "link": "https://youtu.be/lFlH8SClURA?t=161",
            "percent": 100,
            "hz": 360
        },
        {
            "user": "woi",
            "link": "https://www.youtube.com/watch?v=5uHQNLV1mfI",
            "percent": 100,
            "hz": 300
        },
        {
            "user": "eliaselkku",
            "link": "https://youtu.be/hvo_CB_j1lY",
            "percent": 100,
            "hz": 144
        },
        {
            "user": "vKaii",
            "link": "https://youtu.be/c4x2dqCVzhk",
            "percent": 100,
            "hz": 360
        },
        {
            "user": "Dylinator",
            "link": "https://youtu.be/rynujgnsvEY?t=732",
            "percent": 100,
            "hz": 360
        },
        {
            "user": "Zygardio",
            "link": "https://www.youtube.com/watch?v=z86FYaF-7Eo",
            "percent": 67,
            "hz": 180
        },
        {
            "user": "Nobelix",
            "link": "https://youtu.be/rQyJGK8RcHI",
            "percent": 100,
            "hz": 360
        },
        {
            "user": "Hollow",
            "link": "https://www.youtube.com/watch?v=FXxDHGTBgdM",
            "percent": 100,
            "hz": 144
        },
        {
            "user": "Kookyeyes",
            "link": "https://www.youtube.com/watch?v=Zt-xB1Tm6i4",
            "percent": 100,
            "hz": 360
        },
        {
            "user": "Nxuss",
            "link": "https://www.youtube.com/watch?v=zhMBYu500O0",
            "percent": 100,
            "hz": 288
        },
        {
            "user": "Defau1ty",
            "link": "https://www.youtube.com/watch?v=b__jyZbcGS8",
            "percent": 100,
            "hz": 240
        },
        {
            "user": "Vicrf",
            "link": "https://youtu.be/dMGfwVzoiGU",
            "percent": 100,
            "hz": 288
        },
        {
            "user": "Fortnite chicken",
            "link": "https://youtu.be/Eui-a7rSJVg?t=3286",
            "percent": 66,
            "hz": 360
        },
        {
            "user": "Rectic",
            "link": "https://www.youtube.com/watch?v=BwYk25kbJds",
            "percent": 100,
            "hz": 360
        },
        {
            "user": "Fortnite Chicken",
            "link": "https://www.youtube.com/watch?v=zggMyVKvWTE",
            "percent": 100,
            "hz": 360
        },
        {
            "user": "miguel6456",
            "link": "https://youtu.be/dPnAnW-_mOA",
            "percent": 59,
            "hz": 360
        },
        {
            "user": "lonifer",
            "link": "https://www.youtube.com/watch?v=_qT6G0Dv3h8&ab_channel=lonifer",
            "percent": 100,
            "hz": 360
        },
        {
            "user": "itzfabeer",
            "link": "https://youtu.be/3UgS7LVLNQc",
            "percent": 61,
            "hz": 300
        },
        {
            "user": "Louuu",
            "link": "https://www.youtube.com/watch?v=3Ipf4ZzL0bI&ab_channel=xPinguu",
            "percent": 100,
            "hz": 360
        }
    ]
}
