{
    "id": 68838541,
    "name": "Shitty SARY NEVER CLEAR",
    "author": "AcropolisBoy",
    "creators": [],
    "verifier": "Tai0",
    "verification": "https://www.youtube.com/watch?v=uFnJ97RdQSw",
    "percentToQualify": 69,
    "records": [
        {
            "user": "PinkCotton",
            "link": "https://www.youtube.com/watch?v=I-R1hCuZqzQ",
            "percent": 100,
            "hz": 240
        },
        {
            "user": "Fh1r",
            "link": "https://www.youtube.com/watch?v=D4W0ggIh_OI",
            "percent": 100,
            "hz": 240
        },
        {
            "user": "iRaily",
            "link": "https://youtu.be/wG-ng2hHumg",
            "percent": 100,
            "hz": 288
        },
        {
            "user": "sand1234",
            "link": "https://www.youtube.com/watch?v=EX3yoZEFRvA&ab_channel=Sand1234",
            "percent": 100,
            "hz": 288
        },
        {
            "user": "BlueTomcat",
            "link": "https://youtu.be/7cbVBkjjGM0",
            "percent": 100,
            "hz": 288
        },
        {
            "user": "deex3",
            "link": "https://youtu.be/HQVC3t8yXa8",
            "percent": 100,
            "hz": 360
        },
        {
            "user": "Nuggels",
            "link": "https://www.youtube.com/watch?v=gggOP7qwOaM",
            "percent": 70,
            "hz": 280
        },
        {
            "user": "Delay",
            "link": "https://www.youtube.com/watch?v=X2VLP23DKbs",
            "percent": 100,
            "hz": 240
        },
        {
            "user": "Sushiboys",
            "link": "https://youtu.be/0UQcs7oAERs",
            "percent": 100,
            "hz": 300
        },
        {
            "user": "Flawless",
            "link": "https://youtu.be/AEd48pnNGH0",
            "percent": 100,
            "hz": 120
        },
        {
            "user": "7ssumi",
            "link": "https://youtu.be/mXGBHj9OZZI",
            "percent": 100,
            "hz": 144
        },
        {
            "user": "GDTeabag",
            "link": "https://www.youtube.com/watch?v=0IMd6uW0FzU",
            "percent": 100,
            "hz": 240
        },
        {
            "user": "Spinach",
            "link": "https://www.youtube.com/watch?v=N0WXEgSSjX4",
            "percent": 100,
            "hz": 288
        },
        {
            "user": "Nolife",
            "link": "https://youtu.be/KxBy3kzbMhg",
            "percent": 100,
            "hz": 240
        },
        {
            "user": "Breakcore",
            "link": "https://www.youtube.com/watch?v=-_VrKiyHgHc",
            "percent": 100,
            "hz": 360
        },
        {
            "user": "ZedGMD",
            "link": "https://www.youtube.com/watch?v=G9R1kjvzxl0",
            "percent": 100,
            "hz": 360
        },
        {
            "user": "Shel",
            "link": "https://youtu.be/_W0OORRz8SQ",
            "percent": 100,
            "hz": 144
        },
        {
            "user": "GD CrimsonKing22",
            "link": "https://www.youtube.com/watch?v=9IXqnwA6Afo&ab_channel=GDCrimsonKing22",
            "percent": 100,
            "hz": 288
        },
        {
            "user": "InferiorPatty",
            "link": "https://www.youtube.com/watch?v=l_loDltoJHE",
            "percent": 100,
            "hz": 360
        },
        {
            "user": "attrixia",
            "link": "https://youtu.be/g7-g9I7FQTs",
            "percent": 100,
            "hz": 150
        },
        {
            "user": "CrispyCake",
            "link": "https://www.youtube.com/watch?v=rwH88Zf_wgA",
            "percent": 100,
            "hz": 144
        },
        {
            "user": "Dandy Chiggins",
            "link": "https://www.youtube.com/watch?v=jpBR-TOjPcg",
            "percent": 100,
            "hz": 240
        },
        {
            "user": "Dep96",
            "link": "https://www.youtube.com/watch?v=km-e0-d8Bv4",
            "percent": 100,
            "hz": 144
        },
        {
            "user": "Freikz",
            "link": "https://www.youtube.com/watch?v=KwKr_A-hJlA",
            "percent": 100,
            "hz": 360
        },
        {
            "user": "Prometheus",
            "link": "https://youtu.be/o0dm4tIUOBA",
            "percent": 100,
            "hz": 144
        },
        {
            "user": "Samuuu18",
            "link": "https://www.youtube.com/watch?v=YVZ07GQyPdI",
            "percent": 100,
            "hz": 360
        },
        {
            "user": "zDusti",
            "link": "https://youtu.be/VRMXzmqecX8",
            "percent": 100,
            "hz": 360
        },
        {
            "user": "romeo",
            "link": "https://www.youtube.com/watch?v=xSuV6Yw_Ouw",
            "percent": 84,
            "hz": 240
        },
        {
            "user": "ThirtyTwelve",
            "link": "https://youtu.be/EUTF7z8JjRk",
            "percent": 100,
            "hz": 240
        },
        {
            "user": "Acacia",
            "link": "https://youtu.be/rOOJpA4sgdI",
            "percent": 100,
            "hz": 288
        },
        {
            "user": "Kenos Song",
            "link": "https://www.youtube.com/watch?v=kHZEhxUDsVY",
            "percent": 100,
            "hz": 360
        },
        {
            "user": "gdXposed",
            "link": "https://www.youtube.com/watch?v=SJf3extzZ9U",
            "percent": 100,
            "hz": 360
        },
        {
            "user": "M1nYong",
            "link": "https://youtu.be/WWzHyxdRxoo",
            "percent": 100,
            "hz": 360
        },
        {
            "user": "BrightBird",
            "link": "https://youtu.be/U6lD6MGc67A",
            "percent": 100,
            "hz": 288
        },
        {
            "user": "zygimantux",
            "link": "https://www.youtube.com/watch?v=Nnnsj7tQepQ",
            "percent": 100,
            "hz": 240
        },
        {
            "user": "Spicychickynugg",
            "link": "https://www.youtube.com/watch?v=x-8vrd0oX00",
            "percent": 80,
            "hz": 360
        },
        {
            "user": "ObvSilver",
            "link": "https://youtu.be/CFN6uxwUNK0",
            "percent": 100,
            "hz": 165
        },
        {
            "user": "Davine_007",
            "link": "https://youtu.be/7ocLm8AadjQ",
            "percent": 92,
            "hz": 144
        },
        {
            "user": "biskit",
            "link": "https://youtu.be/1a67doWXniA?t=153",
            "percent": 100,
            "hz": 360
        },
        {
            "user": "DogeyBoi",
            "link": "https://www.youtube.com/watch?v=Z4lYyJmuek4",
            "percent": 100,
            "hz": 240
        },
        {
            "user": "Riptide",
            "link": "https://youtu.be/9H6EbU2mHC0",
            "percent": 100,
            "hz": 120
        },
        {
            "user": "starships",
            "link": "https://www.youtube.com/watch?v=sMEHWciRa9s",
            "percent": 100,
            "hz": 360
        },
        {
            "user": "Marke",
            "link": "https://youtu.be/X35moTXCGSs",
            "percent": 100,
            "hz": 288
        },
        {
            "user": "moab",
            "link": "https://youtu.be/2BlwURvZ5Xs",
            "percent": 100,
            "hz": 240
        }
    ]
}
