{
    "id": 68049573,
    "name": "Shitty SHATTER",
    "author": "Lil_Creator",
    "creators": [],
    "verifier": "Lil_Creator",
    "verification": "https://youtu.be/E-nPQ0OPY2k",
    "percentToQualify": 62,
    "records": [
        {    
            "user": "Ashton",
            "link": "https://www.youtube.com/watch?v=ACr6ou728gQ",
            "percent": 100,
            "hz": 360
        },
        {    
            "user": "Riptide",
            "link": "https://www.youtube.com/watch?v=sdNHN0bpTNs",
            "percent": 100,
            "hz": 120
        }
    ]
}
