{
    "id": 65307894,
    "name": "Shitty Shibireta",
    "author": "Vink",
    "creators": ["Skyla", "Lupe1204"],
    "verifier": "Vink",
    "verification": "https://youtu.be/BmJk68i93mk",
    "percentToQualify": 100,
    "records": [
        {
            "user": "Jah",
            "link": "https://youtu.be/hgO8O_Ru1SU",
            "percent": 100,
            "hz": 288
        },
        {
            "user": "Melbourne",
            "link": "https://youtu.be/G2RC0jVaC6g",
            "percent": 100,
            "hz": 144
        },
        {
            "user": "WhatsApp",
            "link": "https://youtu.be/8bTlrV9zj_M",
            "percent": 100,
            "hz": 240
        },
        {
            "user": "dots",
            "link": "https://youtu.be/EFcapb3mjGQ",
            "percent": 100,
            "hz": 180
        },
        {
            "user": "Samuuu18",
            "link": "https://youtu.be/_-AH82m6G9E",
            "percent": 100,
            "hz": 180
        },
        {
            "user": "Delphin",
            "link": "https://youtu.be/7sSsEAK8XCM",
            "percent": 100,
            "hz": 75
        },
        {
            "user": "Kobra456",
            "link": "https://www.youtube.com/watch?v=LGusmxs-97c",
            "percent": 100,
            "hz": 144
        },
        {
            "user": "ahStarDust",
            "link": "https://youtu.be/J3Rrc7AdIgI",
            "percent": 100,
            "hz": 240
        },
        {
            "user": "XxYourNan69420xD",
            "link": "https://www.youtube.com/watch?v=6UAB14W3bR0&ab_channel=mineman2005",
            "percent": 100,
            "hz": 144
        },
        {
            "user": "Dustik",
            "link": "https://www.youtube.com/watch?v=JWsiDF_YXXw&ab_channel=Dustik",
            "percent": 100,
            "hz": 144
        },
        {
            "user": "ZerniasX",
            "link": "https://youtu.be/-XNq9CC4xEQ",
            "percent": 100,
            "hz": 100
        },
        {
            "user": "seconb",
            "link": "https://youtu.be/hGIMcEMYsqo",
            "percent": 100,
            "hz": 144
        },
        {
            "user": "SuPPerBBoy [GD]",
            "link": "https://www.youtube.com/watch?v=BdAE7DYGiK0",
            "percent": 100,
            "hz": 300
        },
        {
            "user": "LLunaa",
            "link": "https://youtu.be/pAFAfC6rZdI",
            "percent": 100,
            "hz": 240
        },
        {
            "user": "GabeLucario",
            "link": "https://youtu.be/V4XtfYxlECU",
            "percent": 100,
            "hz": 240
        },
        {
            "user": "HideriGh",
            "link": "https://youtu.be/A8XBy3hPccg",
            "percent": 100,
            "hz": 288
        },
        {
            "user": "YellowDoopAlt",
            "link": "https://youtu.be/1hpdHvUucxk",
            "percent": 100,
            "hz": 60,
            "mobile": true
        },
        {
            "user": "Defek",
            "link": "https://www.youtube.com/watch?v=SOq697_Xkzk",
            "percent": 100,
            "hz": 240
        },
        {
            "user": "GDMeric",
            "link": "https://youtu.be/Jn1qc5YBULw",
            "percent": 100,
            "hz": 288
        },
        {
            "user": "x86bit",
            "link": "https://www.youtube.com/watch?v=z-TvqU8EqZo",
            "percent": 100,
            "hz": 60
        },
        {
            "user": "Squinty303v2",
            "link": "https://youtu.be/uVZaTvUt0UQ",
            "percent": 100,
            "hz": 144
        },
        {
            "user": "HopZy",
            "link": "https://www.youtube.com/watch?v=VWAFn-_xpzQ&ab_channel=HopZy",
            "percent": 100,
            "hz": 180
        },
        {
            "user": "YinnYang",
            "link": "https://youtu.be/ExLaN-h_8Wo",
            "percent": 100,
            "hz": 144
        },
        {
            "user": "Brinnn",
            "link": "https://youtu.be/Jd1dH_gVQyA",
            "percent": 100,
            "hz": 120
        },
        {
            "user": "IDeltaPhantomI",
            "link": "https://youtu.be/8G9LWh0DEuw",
            "percent": 100,
            "hz": 240
        },
        {
            "user": "pinochi",
            "link": "https://www.youtube.com/watch?v=i3m7k0laL_E",
            "percent": 100,
            "hz": 288
        },
        {
            "user": "Tai0",
            "link": "https://youtu.be/sR2Z1SSHhEY",
            "percent": 100,
            "hz": 144
        },
        {
            "user": "XLGamer10",
            "link": "https://youtu.be/h2AuHdM7uaE",
            "percent": 100,
            "hz": 288
        },
        {
            "user": "SimpalGD",
            "link": "https://www.youtube.com/watch?v=717dO8a6QqM&ab_channel=Simpal",
            "percent": 100,
            "hz": 288
        },
        {
            "user": "Zygimantux",
            "link": "https://www.youtube.com/watch?v=XrHU0cDrxO4",
            "percent": 100,
            "hz": 144
        },
        {
            "user": "Renar333",
            "link": "https://youtu.be/pkzZdpXjuyQ",
            "percent": 100,
            "hz": 180
        },
        {
            "user": "LinedriveGD",
            "link": "https://www.youtube.com/watch?v=yIoy3Le239g",
            "percent": 100,
            "hz": 288
        },
        {
            "user": "SrGuillester",
            "link": "https://www.youtube.com/watch?v=fHqhy9bO00o",
            "percent": 100,
            "hz": 144
        },
        {
            "user": "bnuuy",
            "link": "https://www.youtube.com/watch?v=1mzAZ_oDXCA",
            "percent": 100,
            "hz": 240
        },
        {
            "user": "iRaily",
            "link": "https://youtu.be/H7T6ASohUhE",
            "percent": 100,
            "hz": 288
        },
        {
            "user": "attrixia",
            "link": "https://youtu.be/_NYqSa6Yc1Q",
            "percent": 100,
            "hz": 150
        },
        {
            "user": "Unnamed15",
            "link": "https://youtu.be/k_Qu_rgxMYY",
            "percent": 100,
            "hz": 165
        },
        {
            "user": "itzkmc21",
            "link": "https://www.youtube.com/watch?v=NOwXVUyFnLk",
            "percent": 100,
            "hz": 288
        },
        {
            "user": "Bluuper",
            "link": "https://www.youtube.com/watch?v=yXT5vZLTPxg",
            "percent": 100,
            "hz": 144
        },
        {
            "user": "ItzQuster",
            "link": "https://youtu.be/JsFzkvB9sjY",
            "percent": 100,
            "hz": 120
        },
        {
            "user": "danialves555",
            "link": "https://youtu.be/oyxn-y4toNA",
            "percent": 100,
            "hz": 240
        },
        {
            "user": "Zan",
            "link": "https://www.youtube.com/watch?v=9_cZBsgTYRY",
            "percent": 100,
            "hz": 144
        },
        {
            "user": "notcreative",
            "link": "https://www.youtube.com/watch?v=C9ho_udlwJs",
            "percent": 100,
            "hz": 240
        },
        {
            "user": "NosuGD",
            "link": "https://youtu.be/n7mLsIrDJe4",
            "percent": 100,
            "hz": 144
        },
        {
            "user": "Dougieman",
            "link": "https://youtu.be/VTX2yMqTta0",
            "percent": 100,
            "hz": 120,
            "mobile": true
        },
        {
            "user": "LSeolha",
            "link": "https://youtu.be/p4xw9HDZVhM",
            "percent": 100,
            "hz": 60,
            "mobile": true
        },
        {
            "user": "train",
            "link": "https://youtu.be/ytXB3LyrnW8",
            "percent": 100,
            "hz": 144
        },
        {
            "user": "Nexor_r",
            "link": "https://www.youtube.com/watch?v=1vNfAWujvZM",
            "percent": 100,
            "hz": 165
        },
        {
            "user": "vapey",
            "link": "https://www.youtube.com/watch?v=Tphn5l0z4HU",
            "percent": 100,
            "hz": 120
        },
        {
            "user": "nkosh",
            "link": "https://youtu.be/l1OlMAORRIU",
            "percent": 100,
            "hz": 240
        },
        {
            "user": "zorsti",
            "link": "https://www.youtube.com/watch?v=9qXSB9-M9iY",
            "percent": 100,
            "hz": 144
        },
        {
            "user": "GDkellen",
            "link": "https://www.youtube.com/watch?v=tVvgZ5Z23Sc",
            "percent": 100,
            "hz": 144
        },
        {
            "user": "CHANGMUN",
            "link": "https://youtu.be/E2Q3kf1AmdM",
            "percent": 100,
            "hz": 225
        },
        {
            "user": "novaa",
            "link": "https://youtu.be/-YOkbfKDoDw",
            "percent": 100,
            "hz": 144
        },
        {
            "user": "SupaX_",
            "link": "https://youtu.be/uuheLm5PObo",
            "percent": 100,
            "hz": 240
        },
        {
            "user": "XIHellix",
            "link": "https://www.youtube.com/watch?v=elXillle0Do",
            "percent": 100,
            "hz": 60
        },
        {
            "user": "GD Catalyst",
            "link": "https://youtu.be/1i8V0nudwPU",
            "percent": 100,
            "hz": 144
        },
        {
            "user": "Viridian",
            "link": "https://www.youtube.com/watch?v=6lrnlSbC_bg&list=PLgpnVe-hXpkp8_NJOUWN6vKdgznVC4aNt&index=4",
            "percent": 100,
            "hz": 288
        },
        {
            "user": "Kanekigh",
            "link": "https://youtu.be/FHMAWrvAHZY",
            "percent": 100,
            "hz": 60
        },
        {
            "user": "Floodz",
            "link": "https://youtu.be/p4H7X1Uuybs",
            "percent": 100,
            "hz": 240
        },
        {
            "user": "Kowal",
            "link": "https://youtu.be/br8TVAO5VbY",
            "percent": 100,
            "hz": 60
        },
        {
            "user": "deex3",
            "link": "https://youtu.be/54mJLzYH1NU",
            "percent": 100,
            "hz": 360
        },
        {
            "user": "Shaodwwhite",
            "link": "https://youtu.be/ujHVRXfOhBE",
            "percent": 100,
            "hz": 144
        },
        {
            "user": "Vicrf",
            "link": "https://www.youtube.com/watch?v=II2N1TfyogA",
            "percent": 100,
            "hz": 288
        },
        {
            "user": "NixHGD",
            "link": "https://www.youtube.com/watch?v=O_YhehTvzU4",
            "percent": 100,
            "hz": 60
        },
        {
            "user": "Limsy",
            "link": "https://youtu.be/xfnF5zyzx50",
            "percent": 100,
            "hz": 300
        },
        {
            "user": "BrightBird",
            "link": "https://www.youtube.com/watch?v=uDeSzTwzfcc",
            "percent": 100,
            "hz": 60
        },
        {
            "user": "cosmiiq",
            "link": "https://youtu.be/IzwKoITbXhQ",
            "percent": 100,
            "hz": 144
        },
        {
            "user": "AroaX",
            "link": "https://www.youtube.com/watch?v=mgPj6EG3XGI&t=2s",
            "percent": 100,
            "hz": 360
        },
        {
            "user": "Shel",
            "link": "https://www.youtube.com/watch?v=MBj-YIXr6HA",
            "percent": 100,
            "hz": 144
        },
        {
            "user": "Nolife",
            "link": "https://www.youtube.com/watch?v=7xLtFqVjqO8",
            "percent": 100,
            "hz": 240
        },
        {
            "user": "Matthlew",
            "link": "https://youtu.be/N6SD_AjYs0M",
            "percent": 100,
            "hz": 144
        },
        {
            "user": "snes88",
            "link": "https://youtu.be/7piyJlw2WPI",
            "percent": 100,
            "hz": 75
        },
        {
            "user": "DogeyBoi",
            "link": "hhttps://www.youtube.com/watch?v=-WvAGFD8SbE",
            "percent": 100,
            "hz": 165
        },
        {
            "user": "WilltheRen",
            "link": "https://www.youtube.com/watch?v=kmiNrhNdGbY",
            "percent": 100,
            "hz": 165
        },
        {
            "user": "Armani",
            "link": "https://www.youtube.com/watch?v=j9TFPA7hIJI",
            "percent": 100,
            "hz": 360
        },
        {
            "user": "Fusion425",
            "link": "https://youtu.be/qsPsjfBjEyw",
            "percent": 100,
            "hz": 360
        },
        {
            "user": "Riptide",
            "link": "https://youtu.be/xyBa8E6b6j8",
            "percent": 100,
            "hz": 60
        },
        {
            "user": "Keruo",
            "link": "https://www.youtube.com/watch?v=rxyfGsbyQN8",
            "percent": 100,
            "hz": 144
        },
        {
            "user": "LCynox",
            "link": "https://youtu.be/5LQOwSxczj4",
            "percent": 100,
            "hz": 144
        },
        {
            "user": "Atronicks",
            "link": "https://youtu.be/bA-8Uicfhxk",
            "percent": 100,
            "hz": 144
        },
        {
            "user": "T333",
            "link": "https://youtu.be/FpA3cW5M55A",
            "percent": 100,
            "hz": 240
        },
        {
            "user": "Delay",
            "link": "https://www.youtube.com/watch?v=t5ifUQM9Ylo",
            "percent": 100,
            "hz": 144
        },
        {
            "user": "Honti",
            "link": "https://youtu.be/hbQkAWRZ25w",
            "percent": 100,
            "hz": 360
        },
        {
            "user": "ObvSilver",
            "link": "https://www.youtube.com/watch?v=roKyFMPxh80",
            "percent": 100,
            "hz": 165
        },
        {
            "user": "Kahzry",
            "link": "https://www.youtube.com/watch?v=8NQuqt8YqmI",
            "percent": 100,
            "hz": 144
        },
        {
            "user": "Semperfusion",
            "link": "https://www.youtube.com/watch?v=PRC-_joRXBk",
            "percent": 100,
            "hz": 300
        },
        {
            "user": "KasiaUwU",
            "link": "https://youtu.be/JK-_RlqfzEQ",
            "percent": 100,
            "hz": 180
        }
    ]
}
