{
    "id": 79702855,
    "name": "Shitty Silent Clubstep",
    "author": "Prometheus",
    "creators": ["KylashTheKiller", "zFice", "DoubleSsymbol"],
    "verifier": "KylashTheKiller",
    "verification": "https://youtu.be/_XN6FrMlcLg",
    "percentToQualify": 57,
    "records": [
        {
            "user": "BlueTomcat",
            "link": "https://youtu.be/Oitdn28guDk",
            "percent": 100,
            "hz": 288
        },
        {
            "user": "Shel",
            "link": "https://youtu.be/nu-31JWkTLE",
            "percent": 100,
            "hz": 144
        },
        {
            "user": "Kenos Song",
            "link": "https://www.youtube.com/watch?v=D1vursWvaJg",
            "percent": 100,
            "hz": 360
        },
        {
            "user": "WilltheRen",
            "link": "https://youtu.be/kVaSmLMP7c0",
            "percent": 100,
            "hz": 280
        },
        {
            "user": "lucap123",
            "link": "https://www.youtube.com/watch?v=TTAoqWWjKhg",
            "percent": 100,
            "hz": 144
        },
        {
            "user": "biskit",
            "link": "https://youtu.be/UdRSQtK8zms",
            "percent": 100,
            "hz": 360
        },
        {
            "user": "Snakez363",
            "link": "https://www.youtube.com/watch?v=zvHMiUgwSTs",
            "percent": 100,
            "hz": 144
        },
        {
            "user": "BrightBird",
            "link": "https://youtu.be/j_MpE27Ktnk",
            "percent": 100,
            "hz": 288
        },
        {
            "user": "Prometheus",
            "link": "https://www.youtube.com/watch?v=DHOTHy1jung",
            "percent": 100,
            "hz": 144
        },
        {
            "user": "Dandy Chiggins",
            "link": "https://youtu.be/JF4qnOvpJbA",
            "percent": 100,
            "hz": 360
        },
        {
            "user": "Fate",
            "link": "https://youtu.be/0mDup6Pjuoc",
            "percent": 100,
            "hz": 360
        },
        {
            "user": "twelar",
            "link": "https://youtu.be/GTs39mDju8A",
            "percent": 71,
            "hz": 240
        },
        {
            "user": "woi",
            "link": "https://youtu.be/lNvP_PbjZFw",
            "percent": 100,
            "hz": 360
        },
        {
            "user": "attrixia",
            "link": "https://youtu.be/OTieVo8f1_g",
            "percent": 100,
            "hz": 240
        },
        {
            "user": "Hollow",
            "link": "https://youtu.be/vEFdVdxP6fY",
            "percent": 100,
            "hz": 144
        },
        {
            "user": "wienerrr",
            "link": "https://www.youtube.com/watch?v=UFcRq7nknDA",
            "percent": 100,
            "hz": 360
        },
        {
            "user": "lonifer",
            "link": "https://www.youtube.com/watch?v=9qpnDsSvtLs&ab_channel=lonifer",
            "percent": 100,
            "hz": 360
        },
        {
            "user": "m1nyong",
            "link": "https://www.youtube.com/watch?v=4sR4hmZrNAk",
            "percent": 100,
            "hz": 360
        },
        {
            "user": "yanzess",
            "link": "https://youtu.be/QflIL1Elgz8",
            "percent": 74,
            "hz": 240
        },
        {
            "user": "moab",
            "link": "https://youtu.be/Kx4gkBGtY1g",
            "percent": 100,
            "hz": 240
        },
        {
            "user": "RussianPotato",
            "link": "https://www.youtube.com/watch?v=5hMJXniEoew",
            "percent": 100,
            "hz": 288
        },
        {
            "user": "Acacia",
            "link": "https://youtu.be/j0HpOMpCo8I",
            "percent": 100,
            "hz": 360
        },
        {
            "user": "WaveWarrior",
            "link": "https://youtu.be/SpPGN-L7H1k",
            "percent": 100,
            "hz": 240
        },
        {
            "user": "FullyDiverse",
            "link": "https://youtu.be/p83c_K8FiiA",
            "percent": 100,
            "hz": 360
        },
        {
            "user": "HeartLess",
            "link": "https://youtu.be/2f1PF8-d86Q",
            "percent": 100,
            "hz": 360
        },
        {
            "user": "mustosk8",
            "link": "https://youtu.be/UCs9Dgc1y1I",
            "percent": 100,
            "hz": 360
        },
        {
            "user": "xdgamer",
            "link": "https://www.youtube.com/watch?v=0Iu3sFBBXPQ",
            "percent": 100,
            "hz": 288
        },
        {
            "user": "Snowball",
            "link": "https://www.youtube.com/watch?v=FzlKogw2Huc",
            "percent": 71,
            "hz": 360
        },
        {
            "user": "Echo",
            "link": "https://youtu.be/3SC_MrSeYlc",
            "percent": 100,
            "hz": 240
        },
        {
            "user": "Drako",
            "link": "https://www.youtube.com/watch?v=DIcd3qE5vmw",
            "percent": 65,
            "hz": 360
        }
    ]
}
