{
    "id": 73543902,
    "name": "Shitty Sinister Incision",
    "author": "Acidius",
    "creators": ["chspchips"],
    "verifier": "iRaily",
    "verification": "https://youtu.be/-v9-RIhSghA",
    "percentToQualify": 100,
    "password": "159357",
    "records": [
        {
            "user": "Shel",
            "link": "https://youtu.be/v1fnyAKGDUM",
            "percent": 100,
            "hz": 144
        },
        {
            "user": "BlueTomcat",
            "link": "https://youtu.be/U_3onLoQYQ8",
            "percent": 100,
            "hz": 288
        },
        {
            "user": "Armani",
            "link": "https://youtu.be/EKIDoYenbwU",
            "percent": 100,
            "hz": 288
        },
        {
            "user": "Riptide",
            "link": "https://youtu.be/KsIaD5RHlLw",
            "percent": 100,
            "hz": 120
        },
        {
            "user": "Chronic",
            "link": "https://www.youtube.com/watch?v=d0tXwcUObhw",
            "percent": 100,
            "hz": 144
        }
    ]
}
