{
    "id": 76543454,
    "name": "Shitty Slaughterhouse",
    "author": "AcropolisBoy",
    "creators": [],
    "verifier": "iRaily",
    "verification": "https://youtu.be/aS9aShau3sY",
    "percentToQualify": 100,
    "records": [
        {
            "user": "Shel",
            "link": "https://www.youtube.com/watch?v=fpaxDz3O2Yg",
            "percent": 100,
            "hz": 144
        },
        {
            "user": "Samuuu18",
            "link": "https://youtu.be/ikD8pGnD4QU",
            "percent": 100,
            "hz": 360
        },
        {
            "user": "Decin0",
            "link": "https://youtu.be/Fr84L8f9y-k?t=17",
            "percent": 100,
            "hz": 288
        },
        {
            "user": "DogeyBoi",
            "link": "https://youtu.be/cjKeLWzMOXo",
            "percent": 100,
            "hz": 360
        },
        {
            "user": "BrightBird",
            "link": "https://youtu.be/XW24nWQc6wA",
            "percent": 100,
            "hz": 288
        },
        {
            "user": "homegrowntag",
            "link": "https://youtu.be/tbAk4L15S1A",
            "percent": 100,
            "hz": 240
        },
        {
            "user": "T333",
            "link": "https://www.youtube.com/watch?v=myP5q-WX-Yg",
            "percent": 100,
            "hz": 240
        },
        {
            "user": "attrixia",
            "link": "https://www.youtube.com/watch?v=Ipj3PBYgNgM",
            "percent": 100,
            "hz": 150
        },
        {
            "user": "Dandy Chiggins",
            "link": "https://youtu.be/ybFlHACFlAE",
            "percent": 100,
            "hz": 240
        },
        {
            "user": "WhiteGokey",
            "link": "https://www.youtube.com/watch?v=V_b1oOOg1hY",
            "percent": 100,
            "hz": 360
        },
        {
            "user": "Matthlew",
            "link": "https://www.youtube.com/watch?v=zEzR9IW_t4E",
            "percent": 100,
            "hz": 144
        },
        {
            "user": "Chr8ts",
            "link": "https://www.youtube.com/watch?v=ME4j8S6Z_io",
            "percent": 100,
            "hz": 240
        },
        {
            "user": "ObvSilver",
            "link": "https://youtu.be/xLaJpS43XqM",
            "percent": 100,
            "hz": 165
        },
        {
            "user": "Rixen Ace",
            "link": "https://www.youtube.com/watch?v=rolUySXk0ms",
            "percent": 100,
            "hz": 165
        },
        {
            "user": "1hhx9",
            "link": "https://www.youtube.com/watch?v=FJ24DRCQ1XY",
            "percent": 100,
            "hz": 240
        },
        {
            "user": "RealEB2610",
            "link": "https://www.youtube.com/watch?v=7Zsjos4RDA4",
            "percent": 100,
            "hz": 288
        },
        {
            "user": "Echo",
            "link": "https://youtu.be/gddUzGpU4tk",
            "percent": 100,
            "hz": 240
        },
        {
            "user": "IDeltaPhantomI",
            "link": "https://www.youtube.com/watch?v=zSK5yNWZgww",
            "percent": 100,
            "hz": 360
        },
        {
            "user": "klopa",
            "link": "https://www.youtube.com/watch?v=Md0ttlKT-BI",
            "percent": 100,
            "hz": 60
        },
        {
            "user": "Kenos Song",
            "link": "https://www.youtube.com/watch?v=oZenB3WBxFg",
            "percent": 100,
            "hz": 360
        },
        {
            "user": "neverbeenseen",
            "link": "https://youtu.be/xyhFoQXVe4w",
            "percent": 100,
            "hz": 360
        },
        {
            "user": "Cric2",
            "link": "https://www.youtube.com/watch?v=nOUbS1uQFok",
            "percent": 100,
            "hz": 240
        },
        {
            "user": "Doggie",
            "link": "https://www.youtube.com/watch?v=kybnSa6BqA8",
            "percent": 100,
            "hz": 360
        },
        {
            "user": "CrussoCode",
            "link": "https://www.youtube.com/watch?v=04eFZ-rzb6g",
            "percent": 100,
            "hz": 240
        },
        {
            "user": "Snaq",
            "link": "https://www.youtube.com/watch?v=sTeur5RNFVw",
            "percent": 100,
            "hz": 360
        },
        {
            "user": "Riptide",
            "link": "https://youtu.be/JxVJCtpU-I4",
            "percent": 100,
            "hz": 120
        },
        {
            "user": "HargChucu",
            "link": "https://youtu.be/IX7m93JTzIY",
            "percent": 100,
            "hz": 240
        },
        {
            "user": "Certified Noob",
            "link": "https://youtu.be/eIhEvYbwJnE",
            "percent": 100,
            "hz": 165
        },
        {
            "user": "Andrxw",
            "link": "https://www.youtube.com/watch?v=Km8Fy5tk7hU",
            "percent": 100,
            "hz": 144
        },
        {
            "user": "YoshiL",
            "link": "https://youtu.be/XNEr5VEMQdc",
            "percent": 100,
            "hz": 360
        },
        {
            "user": "Invinceicube",
            "link": "https://youtu.be/nE3SSvDFy9g",
            "percent": 100,
            "hz": 240
        },
        {
            "user": "bnuuy",
            "link": "https://youtu.be/EHfYpEhP7H0",
            "percent": 100,
            "hz": 240
        },
        {
            "user": "DijonGD",
            "link": "https://youtu.be/eObAH2lU4jo",
            "percent": 100,
            "hz": 330
        },
        {
            "user": "PinkCotton",
            "link": "https://youtu.be/ujEoNW3oBRc",
            "percent": 100,
            "hz": 240
        },
        {
            "user": "Oblivion7",
            "link": "https://youtu.be/Ca4i_DyMmMo",
            "percent": 100,
            "hz": 120
        },
        {
            "user": "bananamf",
            "link": "https://www.youtube.com/watch?v=D-MFQQcW7j8",
            "percent": 100,
            "hz": 165
        },
        {
            "user": "Gamez",
            "link": "https://www.youtube.com/watch?v=94ex5j9n04s",
            "percent": 100,
            "hz": 144
        },
        {
            "user": "WilltheRen",
            "link": "https://www.youtube.com/watch?v=agOhDLTus9Q",
            "percent": 100,
            "hz": 280
        },
        {
            "user": "CaoticGD",
            "link": "https://www.youtube.com/watch?v=rxJc426T0CY",
            "percent": 100,
            "hz": 360
        },
        {
            "user": "epsilonic70",
            "link": "https://www.youtube.com/watch?v=Ip0-QHEkZeQ",
            "percent": 100,
            "hz": 240
        },
        {
            "user": "Emonadeo",
            "link": "https://www.youtube.com/watch?v=CI4dFcHBIKk",
            "percent": 100,
            "hz": 240
        },
        {
            "user": "wienerrr",
            "link": "https://www.youtube.com/watch?v=dop_JfoXJ2Y",
            "percent": 100,
            "hz": 360
        },
        {
            "user": "RoboticMod",
            "link": "https://youtu.be/Z7qc09mRhXc",
            "percent": 100,
            "hz": 300
        },
        {
            "user": "sine",
            "link": "https://www.youtube.com/watch?v=jyI4zzTib6M",
            "percent": 100,
            "hz": 165
        },
        {
            "user": "Vaoen",
            "link": "https://www.twitch.tv/videos/1479417224",
            "percent": 100,
            "hz": 288
        },
        {
            "user": "aidantr",
            "link": "https://youtu.be/zsYSujDQOSs",
            "percent": 100,
            "hz": 360
        },
        {
            "user": "FeikNubGD",
            "link": "https://youtu.be/zsYSujDQOSs",
            "percent": 100,
            "hz": 120
        },
        {
            "user": "zygimantux",
            "link": "https://www.youtube.com/watch?v=OT_SFr-omqQ",
            "percent": 100,
            "hz": 360
        },
        {
            "user": "Acacia",
            "link": "https://youtu.be/9B1jaIVLcY4",
            "percent": 100,
            "hz": 288
        },
        {
            "user": "JASM1818",
            "link": "https://youtu.be/xoUxfkyguPQ",
            "percent": 100,
            "hz": 240
        },
        {
            "user": "Snakez363",
            "link": "https://www.youtube.com/watch?v=p1S0bLuAEUk",
            "percent": 100,
            "hz": 144
        },
        {
            "user": "biskit",
            "link": "https://youtu.be/1a67doWXniA?t=364",
            "percent": 100,
            "hz": 360
        },
        {
            "user": "Holojen",
            "link": "https://youtu.be/k48pSjPAYlE",
            "percent": 100,
            "hz": 288
        },
        {
            "user": "Yarkii",
            "link": "https://www.youtube.com/watch?v=8_ky7uq9kzo",
            "percent": 100,
            "hz": 300
        },
        {
            "user": "Delay",
            "link": "https://www.youtube.com/watch?v=P4aP0tw5ajk",
            "percent": 100,
            "hz": 144
        },
        {
            "user": "GDaRkV",
            "link": "https://www.youtube.com/watch?v=eC81tDJlzv8",
            "percent": 100,
            "hz": 120
        },
        {
            "user": "RazerJCZ",
            "link": "https://www.youtube.com/watch?v=NHZWjBYkmz4",
            "percent": 100,
            "hz": 360
        },
        {
            "user": "DelfunCzyCos",
            "link": "https://youtu.be/yNsOdVWH0Ho",
            "percent": 100,
            "hz": 144
        },
        {
            "user": "woi",
            "link": "https://youtu.be/EzmJEVZ_-5o",
            "percent": 100,
            "hz": 360
        },
        {
            "user": "Dxst",
            "link": "https://www.youtube.com/watch?v=dQuZIJFtlmk&t",
            "percent": 100,
            "hz": 300
        },
        {
            "user": "a",
            "link": "https://www.youtube.com/watch?v=mhyBLQsEzCY&t=8s",
            "percent": 100,
            "hz": 300
        },
        {
            "user": "Spaace",
            "link": "https://youtu.be/YGCjAuRs6Ho",
            "percent": 100,
            "hz": 120
        },
        {
            "user": "Alainz004",
            "link": "https://youtu.be/WAl8NbL6fDY?list=PLa0Js5L-MJ8NkTF8C197sHE3Jb5GAAMwb",
            "percent": 100,
            "hz": 360
        },
        {
            "user": "DoxyZ",
            "link": "https://youtu.be/tvfhzXg-btk",
            "percent": 100,
            "hz": 144
        },
        {
            "user": "Pichufleta",
            "link": "https://www.youtube.com/watch?v=NxkZMFVp_J8&ab_channel=Pichufleta%5BGD%5D",
            "percent": 100,
            "hz": 360
        },
        {
            "user": "Dylinator",
            "link": "https://youtu.be/rynujgnsvEY?t=789",
            "percent": 100,
            "hz": 360
        },
        {
            "user": "Couropsnov",
            "link": "https://www.youtube.com/watch?v=rkjBF9j5mfo&t=14s",
            "percent": 100,
            "hz": 360
        },
        {
            "user": "Potaslam",
            "link": "https://youtu.be/-1-3tJdWliY",
            "percent": 100,
            "hz": 240
        },
        {
            "user": "cosmy",
            "link": "https://www.youtube.com/watch?v=FSAWqjh3K_Y",
            "percent": 100,
            "hz": 144
        },
        {
            "user": "WaveWarrior",
            "link": "https://youtu.be/S2xaGXB2NcE",
            "percent": 100,
            "hz": 240
        },
        {
            "user": "F34R_NINJ4",
            "link": "https://medal.tv/games/geometry-dash/clips/tvgIejUe1Qomp/d1337oWUp3lq?invite=cr-MSxXSmssMzk3OTA0MCw",
            "percent": 100,
            "hz": 360
        },
        {
            "user": "ihopxe",
            "link": "https://www.youtube.com/watch?v=Ebn3SKI0xco",
            "percent": 100,
            "hz": 240
        },
        {
            "user": "TheNeonBuster",
            "link": "https://www.youtube.com/watch?v=qFoIzYZ39UE",
            "percent": 100,
            "hz": 360
        },
        {
            "user": "LazerGD",
            "link": "https://youtu.be/nyX0jFdJl3M",
            "percent": 100,
            "hz": 360
        },
        {
            "user": "skyv",
            "link": "https://www.youtube.com/watch?v=yk7WxJLDAC0",
            "percent": 100,
            "hz": 240
        },
        {
            "user": "miguel6456",
            "link": "https://youtu.be/KCIxaoEFc7s",
            "percent": 100,
            "hz": 360
        },
        {
            "user": "Joshbony24",
            "link": "https://www.youtube.com/watch?v=DjBGr4hj4tA&ab_channel=Joshbony24",
            "percent": 100,
            "hz": 240
        },
        {
            "user": "tunbag_",
            "link": "https://youtu.be/Q_wuwI3HLMA",
            "percent": 100,
            "hz": 360
        },
        {
            "user": "Willow",
            "link": "https://youtu.be/Fe99WP036tQ",
            "percent": 100,
            "hz": 240
        },
        {
            "user": "AAAHHHHHHHH",
            "link": "https://youtu.be/BEfl161FES4",
            "percent": 100,
            "hz": 240
        },
        {
            "user": "HeartLess",
            "link": "https://youtu.be/XtrIU9LpZXY",
            "percent": 100,
            "hz": 360
        },
        {
            "user": "SirObsurd",
            "link": "https://www.youtube.com/watch?v=PbUko3YrL0g",
            "percent": 100,
            "hz": 360
        }
    ]
}
