{
    "id": 81333362,
    "name": "Shitty Sonic Wave Infinity",
    "author": "Prometheus",
    "creators": ["Helbrein","Acropolisboy","frigusterio","Kiwi1938","Spaace"],
    "verifier": "KylashTheKiller",
    "verification": "https://youtu.be/ZRL13xVez-4",
    "percentToQualify": 55,
    "records": [
        {
            "user": "Kenos Song",
            "link": "https://www.youtube.com/watch?v=YY1tbeBRMJE&t=83s",
            "percent": 100,
            "hz": 360
        },
        {
            "user": "Dandy Chiggins",
            "link": "https://youtu.be/z549nqnqINU",
            "percent": 100,
            "hz": 360
        },
        {
            "user": "skeeb",
            "link": "https://www.youtube.com/watch?v=O8ziB-yGGtc",
            "percent": 100,
            "hz": 288
        },
        {
            "user": "7ssumi",
            "link": "https://youtu.be/OlQrPH0lKns",
            "percent": 100,
            "hz": 288
        },
        {
            "user": "artlessartichoke",
            "link": "https://youtu.be/wtPZ-PMm19Y",
            "percent": 100,
            "hz": 144
        },
        {
            "user": "Holy",
            "link": "https://youtu.be/bJolNJfljyE",
            "percent": 100,
            "hz": 144
        },
        {
            "user": "WaveWarrior",
            "link": "https://youtu.be/7GFznQJPewc",
            "percent": 100,
            "hz": 240
        },
        {
            "user": "HeartLess",
            "link": "https://youtu.be/pIfo0fiMAGE",
            "percent": 100,
            "hz": 360
        },
        {
            "user": "Hollow",
            "link": "https://youtu.be/x9dqVMol1PY",
            "percent": 100,
            "hz": 144
        }
    ]
}
