{
    "id": 71625429,
    "name": "Shitty SPEEDRUN",
    "author": "Qresent",
    "creators": [],
    "verifier": "BlueTomcat",
    "verification": "https://youtu.be/UxXroitWzOI",
    "percentToQualify": 100,
    "records": [
        {
            "user": "Shel",
            "link": "https://www.youtube.com/watch?v=nrjDuRNxUPE",
            "percent": 100,
            "hz": 144
        },
        {
            "user": "iRaily",
            "link": "https://youtu.be/C6qMJUwSxgM",
            "percent": 100,
            "hz": 288
        },
        {
            "user": "Fh1r",
            "link": "https://www.youtube.com/watch?v=gVQncC10Mtk",
            "percent": 100,
            "hz": 240
        },
        {
            "user": "Fallentoge",
            "link": "https://www.youtube.com/watch?v=4L3XVVSuf18",
            "percent": 100,
            "hz": 60,
            "mobile": true
        },
        {
            "user": "Dougieman",
            "link": "https://youtu.be/jecU_au44z4",
            "percent": 100,
            "hz": 120,
            "mobile": true
        },
        {
            "user": "T333",
            "link": "https://www.youtube.com/watch?v=nj_sz4da4eg",
            "percent": 100,
            "hz": 240
        },
        {
            "user": "ItsMeAlex25",
            "link": "https://www.youtube.com/watch?v=Yg4g-rk0eTA",
            "percent": 100,
            "hz": 240
        },
        {
            "user": "excist",
            "link": "https://www.youtube.com/watch?v=Qq9f1ohxjjE",
            "percent": 100,
            "hz": 144
        },
        {
            "user": "Armani",
            "link": "https://youtu.be/lmOvUm55OXY",
            "percent": 100,
            "hz": 360
        },
        {
            "user": "kri1s5",
            "link": "https://youtu.be/TJIv9xNnWf0",
            "percent": 100,
            "hz": 60
        },
        {
            "user": "Riptide",
            "link": "https://youtu.be/quAcrLwfeEQ",
            "percent": 100,
            "hz": 60
        },
        {
            "user": "Moisi890",
            "link": "https://www.youtube.com/watch?v=tRUDOfkhZEE",
            "percent": 100,
            "hz": 120
        },
        {
            "user": "DijonGD",
            "link": "https://www.youtube.com/watch?v=It20ZwginIU",
            "percent": 100,
            "hz": 60,
            "mobile": true
        },
        {
            "user": "zMultix",
            "link": "https://www.youtube.com/watch?v=rOZuKDrGGj0",
            "percent": 100,
            "hz": 60
        },
        {
            "user": "Skizex",
            "link": "https://www.youtube.com/watch?v=bTy485bonEI",
            "percent": 100,
            "hz": 120
        },
        {
            "user": "ZawyGD",
            "link": "https://www.youtube.com/watch?v=OhjZddIZSE4&ab_channel=ZawyGD",
            "percent": 100,
            "hz": 144
        },
        {
            "user": "WilzX",
            "link": "https://www.youtube.com/watch?v=rpJtq_XTWRY",
            "percent": 100,
            "hz": 200
        },
        {
            "user": "TboyGD",
            "link": "https://www.youtube.com/watch?v=EYCkT7M4bMw",
            "percent": 100,
            "hz": 60
        },
        {
            "user": "KasiaUwU",
            "link": "https://youtu.be/AURGY5b0Xb8",
            "percent": 100,
            "hz": 180
        },
        {
            "user": "Kidran",
            "link": "https://youtu.be/ckgGN2cssh4",
            "percent": 100,
            "hz": 60,
            "mobile": true
        }
    ]
}
