{
    "id": 67557322,
    "name": "Shitty Stalemate Redux",
    "author": "strix",
    "creators": [],
    "verifier": "GDMeric",
    "verification": "https://youtu.be/88cjNBqKPzk",
    "percentToQualify": 100,
    "password": "999999",
    "records": [
        {
            "user": "ZerniasX",
            "link": "https://youtu.be/xoPo6dW86a0",
            "percent": 100,
            "hz": 288
        },
        {
            "user": "Dustik",
            "link": "https://www.youtube.com/watch?v=LlCcBln9src&ab_channel=Dustik",
            "percent": 100,
            "hz": 144
        },
        {
            "user": "RazerJCZ",
            "link": "https://www.youtube.com/watch?v=nd-2ubxmb5E",
            "percent": 100,
            "hz": 240
        },
        {
            "user": "gotrice",
            "link": "https://youtu.be/HJ0k-WW7iQs",
            "percent": 100,
            "hz": 300
        },
        {
            "user": "SrGuillester",
            "link": "https://youtu.be/JQ2y7HGunNc",
            "percent": 100,
            "hz": 144
        },
        {
            "user": "h4tecr1me.",
            "link": "https://www.youtube.com/watch?v=ovJK5ZkeJtc",
            "percent": 100,
            "hz": 144
        },
        {
            "user": "gdXposed",
            "link": "https://youtu.be/7am7EPKr3Nk",
            "percent": 100,
            "hz": 240
        },
        {
            "user": "Keruo",
            "link": "https://youtu.be/I3aviS6TohU",
            "percent": 100,
            "hz": 144
        },
        {
            "user": "Kobra456",
            "link": "https://www.youtube.com/watch?v=eGZDTGUXodk",
            "percent": 100,
            "hz": 288
        },
        {
            "user": "ThirtyTwelve",
            "link": "https://youtu.be/_kQJ8ULhzsA",
            "percent": 100,
            "hz": 240
        },
        {
            "user": "IDeltaPhantomI",
            "link": "https://youtu.be/GZHxeG1KtD0",
            "percent": 100,
            "hz": 240
        },
        {
            "user": "SlimmeFelix",
            "link": "https://www.youtube.com/watch?v=D2dOm3xG7x8",
            "percent": 100,
            "hz": 300
        },
        {
            "user": "Weedeater69420",
            "link": "https://youtu.be/8Bkku2eG2fg",
            "percent": 100,
            "hz": 144
        },
        {
            "user": "jOnel",
            "link": "https://youtu.be/2rhvMV7YhSU",
            "percent": 100,
            "hz": 360
        },
        {
            "user": "Fh1r",
            "link": "https://www.youtube.com/watch?v=R6g_LCpjFIA",
            "percent": 100,
            "hz": 240
        },
        {
            "user": "Nuggels",
            "link": "https://www.youtube.com/watch?v=gOkQWGiLjUE",
            "percent": 100,
            "hz": 280
        },
        {
            "user": "iRaily",
            "link": "https://youtu.be/1lWTuCJewWg",
            "percent": 100,
            "hz": 288
        },
        {
            "user": "attrixia",
            "link": "https://youtu.be/LnDWlF4myYI",
            "percent": 100,
            "hz": 150
        },
        {
            "user": "Tai0",
            "link": "https://youtu.be/vTNO9EBUa-Y",
            "percent": 100,
            "hz": 144
        },
        {
            "user": "Riptide",
            "link": "https://youtu.be/xe-ps8A2CsU",
            "percent": 100,
            "hz": 60
        },
        {
            "user": "tuomaster",
            "link": "https://youtu.be/LE4yXim6t38",
            "percent": 100,
            "hz": 240
        },
        {
            "user": "Samuuu18",
            "link": "https://youtu.be/hk34jkDQ4g4",
            "percent": 100,
            "hz": 180
        },
        {
            "user": "SupaX_",
            "link": "https://youtu.be/rmG5HuC3QUQ",
            "percent": 100,
            "hz": 240
        },
        {
            "user": "Darklan04",
            "link": "https://www.youtube.com/watch?v=22mnFZKGv_M",
            "percent": 100,
            "hz": 60
        },
        {
            "user": "HypnoticalRico",
            "link": "https://youtu.be/-nZSfXpL0e4",
            "percent": 100,
            "hz": 120,
            "mobile": true
        },
        {
            "user": "Sushiboys",
            "link": "https://youtu.be/29VOPbHzbYw",
            "percent": 100,
            "hz": 300
        },
        {
            "user": "Delay",
            "link": "https://www.youtube.com/watch?v=0GzaHPke8_w",
            "percent": 100,
            "hz": 240
        },
        {
            "user": "TrueNirvana",
            "link": "https://youtu.be/kvyHHSQj42k",
            "percent": 100,
            "hz": 144
        },
        {
            "user": "PinkCotton",
            "link": "https://youtu.be/9ql-uliq2YM",
            "percent": 100,
            "hz": 240
        },
        {
            "user": "Dogeyboi",
            "link": "https://www.youtube.com/watch?v=ZvCWObIo8Y8",
            "percent": 100,
            "hz": 165
        },
        {
            "user": "deex3",
            "link": "https://youtu.be/54mJLzYH1NU",
            "percent": 100,
            "hz": 360
        },
        {
            "user": "WallyWalrus",
            "link": "https://www.youtube.com/watch?v=RRVhxp1xNAc",
            "percent": 100,
            "hz": 240
        },
        {
            "user": "6ixT6",
            "link": "https://www.youtube.com/watch?v=Q3AwpcXb-KA",
            "percent": 100,
            "hz": 144
        },
        {
            "user": "Pandaa",
            "link": "https://youtu.be/S2ar3fyRjXs",
            "percent": 100,
            "hz": 360
        },
        {
            "user": "Davine_007",
            "link": "https://youtu.be/P45mXc3ZZ-c",
            "percent": 100,
            "hz": 144
        },
        {
            "user": "Jef",
            "link": "https://www.youtube.com/watch?v=eHCNumBNa6I",
            "percent": 100,
            "hz": 360
        },
        {
            "user": "WilltheRen",
            "link": "https://www.youtube.com/watch?v=CU1NJ_SULv0",
            "percent": 100,
            "hz": 165
        },
        {
            "user": "Cuin",
            "link": "https://www.youtube.com/watch?v=QhwtykgUhuQ",
            "percent": 100,
            "hz": 240
        },
        {
            "user": "Snakez363",
            "link": "https://www.twitch.tv/videos/1204393319",
            "percent": 100,
            "hz": 144
        },
        {
            "user": "VenenoG",
            "link": "https://www.youtube.com/watch?v=Sly6ER1O-jw",
            "percent": 100,
            "hz": 288
        },
        {
            "user": "Acacia",
            "link": "https://youtu.be/6X77_O85A20",
            "percent": 100,
            "hz": 360
        },
        {
            "user": "chuleansauce",
            "link": "https://youtu.be/L2ZDzSb6BAc",
            "percent": 100,
            "hz": 360
        },
        {
            "user": "Skhinner13",
            "link": "https://www.youtube.com/watch?v=p24hiBM4NJU",
            "percent": 100,
            "hz": 144
        },
        {
            "user": "Andrew14916",
            "link": "https://www.youtube.com/watch?v=57Z-soyhGpc",
            "percent": 100,
            "hz": 288
        },
        {
            "user": "Korvak",
            "link": "https://youtu.be/xUzpSFG-FJ8",
            "percent": 100,
            "hz": 240
        },
        {
            "user": "T333",
            "link": "https://www.youtube.com/watch?v=d5ytk4uJErA&t=11s",
            "percent": 100,
            "hz": 240
        },
        {
            "user": "Shel",
            "link": "https://youtu.be/YmMCj8upRt8",
            "percent": 100,
            "hz": 144
        },
        {
            "user": "Kichat",
            "link": "https://www.youtube.com/watch?v=Wx4PWGepegg",
            "percent": 100,
            "hz": 360
        },
        {
            "user": "LexTank",
            "link": "https://youtu.be/j4y6ohYdsyw",
            "percent": 100,
            "hz": 360
        },
        {
            "user": "Dk",
            "link": "https://www.youtube.com/watch?v=hkW4jkcUAuQ",
            "percent": 100,
            "hz": 240
        },
        {
            "user": "cnea",
            "link": "https://www.youtube.com/watch?v=KNkh97TEmNM",
            "percent": 100,
            "hz": 360
        },
        {
            "user": "Chr8ts",
            "link": "https://youtu.be/4tMXZ3n7l_Q",
            "percent": 100,
            "hz": 240
        },
        {
            "user": "Certified Noob",
            "link": "https://youtu.be/koQhaeaeQxw",
            "percent": 100,
            "hz": 165
        },
        {
            "user": "NTB",
            "link": "https://www.youtube.com/watch?v=mZk6Z3Du8HY",
            "percent": 100,
            "hz": 300
        },
        {
            "user": "GlitchyGlotch",
            "link": "https://youtu.be/IAUwgJlhaEg",
            "percent": 100,
            "hz": 360
        },
        {
            "user": "Chronic",
            "link": "https://www.youtube.com/watch?v=KvDA60lwoqg",
            "percent": 100,
            "hz": 144
        },
        {
            "user": "r3lax",
            "link": "https://www.youtube.com/watch?v=VnmL3HVHqLc",
            "percent": 100,
            "hz": 292
        },
        {
            "user": "DelfunCzyCos",
            "link": "https://www.youtube.com/watch?v=1D0W9XuEsEs",
            "percent": 100,
            "hz": 144
        },
        {
            "user": "snickles",
            "link": "https://youtu.be/B-fjlEmMgvk",
            "percent": 100,
            "hz": 360
        },
        {
            "user": "skyyc",
            "link": "https://www.youtube.com/watch?v=85CxBCL8HJ0",
            "percent": 100,
            "hz": 144
        },
        {
            "user": "Janarik",
            "link": "https://www.youtube.com/watch?v=YIEDcH97b6o",
            "percent": 100,
            "hz": 60,
            "mobile": true
        },
        {
            "user": "NoumnoumGD",
            "link": "https://www.youtube.com/watch?v=TJSsWj92Ie4",
            "percent": 100,
            "hz": 240
        }, 
        {
            "user": "rikkocreativity",
            "link": "https://youtu.be/OsZ_cyFEv4E",
            "percent": 100,
            "hz": 240
        },
        {
            "user": "Charliventum",
            "link": "https://www.youtube.com/watch?v=Kv6PBH0F8kU",
            "percent": 100,
            "hz": 144
        },
        {
            "user": "woi",
            "link": "https://www.youtube.com/watch?v=5FRSeL7mpTs",
            "percent": 100,
            "hz": 360
        },
        {
            "user": "homegrowntag",
            "link": "https://youtu.be/Glrzk-oloVw",
            "percent": 100,
            "hz": 288
        },
        {
            "user": "kasiaUwU",
            "link": "https://youtu.be/qNNJwffXm2Q",
            "percent": 100,
            "hz": 240
        }
    ]
}
