{
    "id": 79255878,
    "name": "Shitty Stellaluna",
    "author": "Atotakai",
    "creators": [],
    "verifier": "LBoke",
    "verification": "https://www.youtube.com/watch?v=Ggn3wrOOOpg",
    "percentToQualify": 100,
    "records": [
        {
           "user": "iRaily",
           "link": "https://youtu.be/A4I6bGH9X4I",
           "percent": 100,
           "hz": 288
        },
        {
            "user": "JASM1818",
            "link": "https://youtu.be/2LuXS6azRwc",
            "percent": 100,
            "hz": 120
        },
        {
            "user": "fakeiwnl",
            "link": "https://www.youtube.com/watch?v=P6dWXbMdXsk",
            "percent": 100,
            "hz": 360
        },
        {
            "user": "Riptide",
            "link": "https://youtu.be/ZYmakV_ZJhg",
            "percent": 100,
            "hz": 120
        },
        {
            "user": "WaveWarrior",
            "link": "https://youtu.be/1Ih8LnTS36A",
            "percent": 100,
            "hz": 240
        }
    ]
}    
