{
    "id": 77655241,
    "name": "Shitty Stereo Demoness",
    "author": "Prometheus",
    "creators": [],
    "verifier": "Shel",
    "verification": "https://youtu.be/TJOyWdVd-sI",
    "percentToQualify": 100,
    "records": [
        {
            "user": "M1nYong",
            "link": "https://www.youtube.com/watch?v=kZjWXFymJtg",
            "percent": 100,
            "hz": 360
        },
        {
            "user": "LzKlauss",
            "link": "https://www.youtube.com/watch?v=OUlvyfpyRb0",
            "percent": 100,
            "hz": 360
        },
        {
            "user": "Prometheus",
            "link": "https://youtu.be/QQQiQxNc2wM",
            "percent": 100,
            "hz": 144
        },
        {
            "user": "KylashTheKiller",
            "link": "https://youtu.be/hlgG9R-S5qo",
            "percent": 100,
            "hz": 60
        }
    ]
}
