{
    "id": 68441538,
    "name": "Shitty SubSonic",
    "author": "GalaxyGaming",
    "creators": [],
    "verifier": "Dustik",
    "verification": "https://www.youtube.com/watch?v=dWbfubkPpQ8&ab_channel=Dustik",
    "percentToQualify": 100,
    "records": [
        {
            "user": "Riptide",
            "link": "https://youtu.be/C9cY94q7I4Q",
            "percent": 100,
            "hz": 120
        },
        {
            "user": "Rexall",
            "link": "https://youtu.be/LABB50hxuSM",
            "percent": 100,
            "hz": 60
        }
    ]
}
