{
    "id": 74988635,
    "name": "Shitty sunburn",
    "author": "Experience43",
    "creators": ["zFice", "qb1", "LCynox"],
    "verifier": "GD Crimsonking22",
    "verification": "https://youtu.be/4A5lYqH4eAU",
    "percentToQualify": 100,
    "password": "Not Copyable",
    "records": [
        {
            "user": "Shel",
            "link": "https://youtu.be/cbNEOfp_4Fc",
            "percent": 100,
            "hz": 144
        },
        {
            "user": "FallenToge",
            "link": "https://www.twitch.tv/dn_togexd/v/1193650444?sr=a&t=0s",
            "percent": 100,
            "hz": 60,
            "mobile": true
        },
        {
            "user": "iRaily",
            "link": "https://youtu.be/htsXYcn8_1I",
            "percent": 100,
            "hz": 288
        },
        {
            "user": "Nolife",
            "link": "https://www.youtube.com/watch?v=PKYiTAQVqO0",
            "percent": 100,
            "hz": 240
        },
        {
            "user": "Lyrian",
            "link": "https://www.youtube.com/watch?v=74q4y2hnve4",
            "percent": 100,
            "hz": 165
        },
        {
            "user": "GammaV",
            "link": "https://youtu.be/M2Rm-jM-vfI",
            "percent": 100,
            "hz": 240
        },
        {
            "user": "T333",
            "link": "https://www.youtube.com/watch?v=r03KEL2ZMgM",
            "percent": 100,
            "hz": 240
        },
        {
            "user": "exazurebe1L",
            "link": "https://www.youtube.com/watch?v=it4yqePTI1A",
            "percent": 100,
            "hz": 240
        },
        {
            "user": "zuva",
            "link": "https://www.youtube.com/watch?v=wrnplApQWCs&",
            "percent": 100,
            "hz": 165
        },
        {
            "user": "YinnYang",
            "link": "https://www.youtube.com/watch?v=Uvo9stI-480",
            "percent": 100,
            "hz": 360
        },
        {
            "user": "Xtyles",
            "link": "https://www.youtube.com/watch?v=ayDDepbCbaM",
            "percent": 100,
            "hz": 360
        },
        {
            "user": "IkuGD",
            "link": "https://www.youtube.com/watch?v=z3udu5Kwgfs",
            "percent": 100,
            "hz": 60,
            "mobile": true
        },
        {
            "user": "Doodle",
            "link": "https://www.youtube.com/watch?v=smXCr7v6fik",
            "percent": 100,
            "hz": 288
        },
        {
            "user": "LSeolha",
            "link": "https://www.youtube.com/watch?v=-aLe7tgpNNY",
            "percent": 100,
            "hz": 60,
            "mobile": true
        },
        {
            "user": "Troy3",
            "link": "https://youtu.be/_25S3pERras",
            "percent": 100,
            "hz": 180
        },
        {
            "user": "KasiaUwU",
            "link": "https://youtu.be/NRRggec3-24",
            "percent": 100,
            "hz": 120
        },
        {
            "user": "MushroomB0i",
            "link": "https://www.youtube.com/watch?v=LKyNXYgr7cs",
            "percent": 100,
            "hz": 360
        },
        {
            "user": "Tafters",
            "link": "https://youtu.be/yUftww5y1bk",
            "percent": 100,
            "hz": 360
        },
        {
            "user": "attrixia",
            "link": "https://youtu.be/e6gaZmH23OU",
            "percent": 100,
            "hz": 120
        }
    ]
}
