{
    "id": 81051306,
    "name": "Shitty Sunset Sandstorm",
    "author": "Lil_Creator",
    "creators": [],
    "verifier": "KylashTheKiller",
    "verification": "https://www.youtube.com/watch?v=j9QQEf6OlRQ&t=145s",
    "percentToQualify": 52,
    "records": [
        {
            "user": "Riptide",
            "link": "https://youtu.be/BHF_xnnO7Ew",
            "percent": 100,
            "hz": 120
        },
        {
            "user": "RazerJCZ",
            "link": "https://youtu.be/fGIX8kZvOtk",
            "percent": 100,
            "hz": 240
        },
        {
            "user": "biskit",
            "link": "https://www.youtube.com/watch?v=6SkJAuAhQUU",
            "percent": 100,
            "hz": 360
        },
        {
            "user": "Shel",
            "link": "https://youtu.be/7aI0V0SJJKs",
            "percent": 100,
            "hz": 144
        },
        {
            "user": "zCodeB0y",
            "link": "https://youtu.be/jnPHtDSIsrU",
            "percent": 100,
            "hz": 60
        }
    ]
}
