{
    "id": 73342773,
    "name": "Shitty super probably level",
    "author": "Kiwi1938",
    "creators": [],
    "verifier": "Kiwi1938",
    "verification": "https://youtu.be/spe7voVrG64",
    "percentToQualify": 61,
    "records": [
        {
            "user": "BlueTomcat",
            "link": "https://youtu.be/RjoHGW1pHjg",
            "percent": 100,
            "hz": 288
        },
        {
            "user": "iRaily",
            "link": "https://youtu.be/TUsjsSc7vTM",
            "percent": 100,
            "hz": 288
        },
        {
            "user": "Sushiboys",
            "link": "https://youtu.be/O0_hErFSOAo",
            "percent": 100,
            "hz": 300
        },
        {
            "user": "DingXD",
            "link": "https://www.youtube.com/watch?v=PQPtXCdaVI0",
            "percent": 100,
            "hz": 240
        },
        {
            "user": "Fh1r",
            "link": "https://www.youtube.com/watch?v=BTSLIvHqTCg",
            "percent": 100,
            "hz": 240
        },
        {
            "user": "Brinnn",
            "link": "https://youtu.be/7x2U6cvUNRE",
            "percent": 100,
            "hz": 120
        },
        {
            "user": "Zappiks",
            "link": "https://youtu.be/OFczKMmSrEo",
            "percent": 100,
            "hz": 240
        },
        {
            "user": "Nolife",
            "link": "https://www.youtube.com/watch?v=PXGpmqmn4V8",
            "percent": 100,
            "hz": 240
        },
        {
            "user": "Timéo",
            "link": "https://youtu.be/gJFxpOAANjQ",
            "percent": 100,
            "hz": 144
        },
        {
            "user": "attrixia",
            "link": "https://youtu.be/1YhdzBvuYec",
            "percent": 100,
            "hz": 150
        },
        {
            "user": "GD CrimsonKing22",
            "link": "https://www.youtube.com/watch?v=l3-kwudOJuc&ab_channel=GDCrimsonKing22",
            "percent": 100,
            "hz": 288
        },
        {
            "user": "HargChucu",
            "link": "https://youtu.be/zbO9yWOS7aE",
            "percent": 100,
            "hz": 240
        },
        {
            "user": "Micro",
            "link": "https://www.youtube.com/watch?v=wZ1OaE9GqFI",
            "percent": 100,
            "hz": 144
        },
        {
            "user": "Solid",
            "link": "https://www.youtube.com/watch?v=t1wkYdqKL-0",
            "percent": 100,
            "hz": 240
        },
        {
            "user": "Riptide",
            "link": "https://youtu.be/MK6pXZydLEA",
            "percent": 100,
            "hz": 60
        },
        {
            "user": "KylashTheKiller",
            "link": "https://youtu.be/MGV7RJIE0QY",
            "percent": 100,
            "hz": 60
        },
        {
            "user": "zuva",
            "link": "https://www.youtube.com/watch?v=vWIS2DNEzTg",
            "percent": 100,
            "hz": 165
        },
        {
            "user": "Kenos Song",
            "link": "https://www.youtube.com/watch?v=jY3xo4S_Os0",
            "percent": 100,
            "hz": 360
        },
        {
            "user": "BALL FONDLERS",
            "link": "https://www.youtube.com/watch?v=r_7DjZH1kzc&t=16s",
            "percent": 63,
            "hz": 120
        },
        {
            "user": "Gamez",
            "link": "https://www.youtube.com/watch?v=J3p_6Nz6b8Q",
            "percent": 100,
            "hz": 240
        },
        {
            "user": "PelaajaAika",
            "link": "https://youtu.be/EJK-epmpJhw",
            "percent": 100,
            "hz": 288
        },
        {
            "user": "SubStra",
            "link": "https://www.youtube.com/watch?v=pTuDjmozs4E",
            "percent": 100,
            "hz": 240
        },
        {
            "user": "Davine_007",
            "link": "https://youtu.be/_4BM-LXCLmA",
            "percent": 100,
            "hz": 144
        },
        {
            "user": "Shel",
            "link": "https://youtu.be/5YKS_PNrUQw",
            "percent": 100,
            "hz": 144
        },
        {
            "user": "Dandy Chiggins",
            "link": "https://youtu.be/_pMtRjPbZrQ",
            "percent": 100,
            "hz": 360
        },
        {
            "user": "FallenToge",
            "link": "https://www.twitch.tv/videos/1492447582?t=00h48m22s",
            "percent": 68,
            "hz": 60
        },
        {
            "user": "biskit",
            "link": "https://youtu.be/eEU9BVdJRcU",
            "percent": 100,
            "hz": 360
        },
        {
            "user": "FallenToge",
            "link": "https://www.twitch.tv/videos/1518263699?t=00h42m26s",
            "percent": 100,
            "hz": 60,
            "mobile": true
        },
        {
            "user": "WaveWarrior",
            "link": "https://youtu.be/dGnyL-SjRE8",
            "percent": 100,
            "hz": 240
        },
        {
            "user": "Dr4QuiTo",
            "link": "https://www.youtube.com/watch?v=-q7jF2BGy9Y&ab_channel=Dr4QuiTo",
            "percent": 100,
            "hz": 360
        }
    ]
}
