{
    "id": 79636008,
    "name": "Shitty SUPERHATEMEWORLD",
    "author": "vKaii",
    "creators": [],
    "verifier": "vKaii",
    "verification": "https://youtu.be/ISavfrDeGzA",
    "percentToQualify": 100,
    "records": [
        {
            "user": "Prometheus",
            "link": "https://youtu.be/cf78Bq2nkwY",
            "percent": 100,
            "hz": 144
        },
        {
            "user": "abx23",
            "link": "https://youtu.be/Ks_xjpR2pGc",
            "percent": 100,
            "hz": 360
        },
        {
            "user": "Freikz",
            "link": "https://youtu.be/hSdIGM1vJbA",
            "percent": 100,
            "hz": 360
        },
        {
            "user": "LzKlauss",
            "link": "https://youtu.be/RMzKSFH8s1Q",
            "percent": 100,
            "hz": 360
        },
        {
            "user": "biskit",
            "link": "https://youtu.be/paFXfsMN0xw",
            "percent": 100,
            "hz": 360
        },
        {
            "user": "NiXaNTy",
            "link": "https://www.youtube.com/watch?v=Wzqv5r4D2jQ",
            "percent": 100,
            "hz": 360
        },
        {
            "user": "Dueluxe",
            "link": "https://youtu.be/vBR48RwYz3U",
            "percent": 100,
            "hz": 144
        },
        {
            "user": "woi",
            "link": "https://www.youtube.com/watch?v=4p-6H3KXvwY",
            "percent": 100,
            "hz": 300
        },
        {
            "user": "ArsonFly25",
            "link": "https://youtu.be/GBMaHIUnHIU",
            "percent": 100,
            "hz": 360
        }
    ]
}
