{
    "id": 82480511,
    "name": "Shitty Tapwreck",
    "author": "Whitar",
    "creators": [],
    "verifier": "Davine_007",
    "verification": "https://youtu.be/kGzUeJ5Dfzk",
    "percentToQualify": 100,
    "records": [
        {
            "user": "KylashTheKiller",
            "link": "https://youtu.be/vUJ8sIUPIgA",
            "percent": 100,
            "hz": 60
        },
        {
            "user": "Samuuu18",
            "link": "https://youtu.be/1K1-kSr_2lY",
            "percent": 100,
            "hz": 360
        }
    ]
}
