{
    "id": 82420368,
    "name": "Shitty Tartarus",
    "author": "Prometheus",
    "creators": [
    "Sovola",
    "Liebe",
    "Ashton",
    "Carl",
    "chspchips",
    "Cyphe"
    ],
    "verifier": "Kenos Song",
    "verification": "https://youtu.be/4V-ljWgLtzI",
    "percentToQualify": 54,
    "records": [
        {    
            "user": "antisynth",
            "link": "https://www.youtube.com/watch?v=GFCob7lOz9k",
            "percent": 100,
            "hz": 330
        },
        {    
            "user": "KylashTheKiller",
            "link": "https://youtu.be/GhdLLfTGJM4",
            "percent": 100,
            "hz": 60
        },
        {    
            "user": "woi",
            "link": "https://www.youtube.com/watch?v=4p-6H3KXvwY",
            "percent": 100,
            "hz": 360
        }
    ]
}
