{
    "id": 81872820,
    "name": "Shitty The Hallucination",
    "author": "Whitar",
    "creators": [
    "chspchips",
    "iRaily"
    ],
    "verifier": "iRaily",
    "verification": "https://youtu.be/vV4KjSfWvAY",
    "percentToQualify": 61,
    "records": [
        {
            "user": "KylashTheKiller",
            "link": "https://www.youtube.com/watch?v=l9og2y2uH2E",
            "percent": 100,
            "hz": 60
        },
        {
            "user": "Samuuu18",
            "link": "https://youtu.be/LNWcmmW0ahA",
            "percent": 100,
            "hz": 360
        },
        {
            "user": "Andrew14916",
            "link": "https://www.youtube.com/watch?v=y6YHUPlKszQ",
            "percent": 100,
            "hz": 360
        },
        {
            "user": "skeeb",
            "link": "https://www.youtube.com/watch?v=SrBiE9PiDeg",
            "percent": 100,
            "hz": 288
        },
        {
            "user": "Dandy Chiggins",
            "link": "https://youtu.be/gGrSSEbWa-A",
            "percent": 100,
            "hz": 360
        },
        {
            "user": "FullyDiverse",
            "link": "https://youtu.be/ECW91aOHv3w",
            "percent": 100,
            "hz": 360
        },
        {
            "user": "HeartLess",
            "link": "https://youtu.be/D6B9IXpiBxU",
            "percent": 100,
            "hz": 360
        },
        {
            "user": "Shel",
            "link": "https://youtu.be/IP7x9avQey8",
            "percent": 100,
            "hz": 144
        }
    ]
}
