{
    "id": 65616890,
    "name": "Shitty The Yandere",
    "author": "Kobra456",
    "creators": [],
    "verifier": "Kobra456",
    "verification": "https://www.youtube.com/watch?v=W05vrUHH7gU",
    "percentToQualify": 63,
    "records": [
        {
            "user": "WhatsApp",
            "link": "https://youtu.be/cQoSiIH3nGE",
            "percent": 100,
            "hz": 288
        },
        {
            "user": "GDMeric",
            "link": "https://youtu.be/_C3JZQaWwio",
            "percent": 100,
            "hz": 288
        },
        {
            "user": "Sydney",
            "link": "https://www.youtube.com/watch?v=HR5smhX9nqY&feature=youtu.be",
            "percent": 100,
            "hz": 144
        },
        {
            "user": "klik21",
            "link": "https://www.youtube.com/watch?v=4LI2BHAH8_k&feature=youtu.be",
            "percent": 100,
            "hz": 240
        },
        {
            "user": "ImScoping",
            "link": "https://youtu.be/ns_qNzSojqQ",
            "percent": 100,
            "hz": 288
        },
        {
            "user": "ZerniasX",
            "link": "https://youtu.be/OGtlOWGbxWE",
            "percent": 100,
            "hz": 300
        },
        {
            "user": "GD CrimsonKing22",
            "link": "https://www.youtube.com/watch?v=zUqRuORQVTs&ab_channel=GDCrimsonKing22",
            "percent": 100,
            "hz": 288
        },
        {
            "user": "CobGD",
            "link": "https://youtu.be/HlUV-eXaabQ",
            "percent": 100,
            "hz": 144
        },
        {
            "user": "Magmeta",
            "link": "https://www.youtube.com/watch?v=mEiV3M-UAZ8",
            "percent": 100,
            "hz": 240
        },
        {
            "user": "SrGuillester",
            "link": "https://www.youtube.com/watch?v=fHqhy9bO00o",
            "percent": 100,
            "hz": 144
        },
        {
            "user": "BlueTomcat",
            "link": "https://youtu.be/bloLQ5nPJno",
            "percent": 100,
            "hz": 144
        },
        {
            "user": "Charlielance",
            "link": "https://www.youtube.com/watch?v=-0telF8oE8I&ab_channel=CharlieLance",
            "percent": 100,
            "hz": 280
        },
        {
            "user": "Dustik",
            "link": "https://www.youtube.com/watch?v=Xgtt-q6Z2oo&ab_channel=Dustik",
            "percent": 100,
            "hz": 144
        },
        {
            "user": "gdXposed",
            "link": "https://youtu.be/PI3Mat6Lm0U",
            "percent": 100,
            "hz": 240
        },
        {
            "user": "IDeltaPhantomI",
            "link": "https://youtu.be/_hTM-Ui-LGA",
            "percent": 100,
            "hz": 240
        },
        {
            "user": "WhiteGokey",
            "link": "https://www.youtube.com/watch?v=CCXI4fOxiyE",
            "percent": 100,
            "hz": 60
        },
        {
            "user": "Tai0",
            "link": "https://youtu.be/B2JB5fPmfLo",
            "percent": 100,
            "hz": 144
        },
        {
            "user": "Delay",
            "link": "https://www.youtube.com/watch?v=kuZgsfWtqcE&t=2s",
            "percent": 100,
            "hz": 240
        },
        {
            "user": "Shel",
            "link": "https://www.youtube.com/watch?v=OkIiFPDPAJk&ab_channel=Shel",
            "percent": 100,
            "hz": 144
        },
        {
            "user": "iRaily",
            "link": "https://youtu.be/GIAVzKEH1mQ",
            "percent": 100,
            "hz": 288
        },
        {
            "user": "fakeiwnl",
            "link": "https://www.youtube.com/watch?v=pHkss4vwU1k",
            "percent": 100,
            "hz": 360
        },
        {
            "user": "Nolife",
            "link": "https://www.youtube.com/watch?v=xFzdmgIWYu8",
            "percent": 100,
            "hz": 240
        },
        {
            "user": "WilltheRen",
            "link": "https://youtu.be/uP8KEYPPSF8",
            "percent": 100,
            "hz": 165
        },
        {
            "user": "Lyrian",
            "link": "https://www.youtube.com/watch?v=NsK2MMzA2mI",
            "percent": 100,
            "hz": 165
        },
        {
            "user": "MfoGaming1219",
            "link": "https://youtu.be/mRzoZZ9GivA",
            "percent": 100,
            "hz": 165
        },
        {
            "user": "Xenrik",
            "link": "https://www.youtube.com/watch?v=76tMP3hiqtU&ab_channel=Xenrik",
            "percent": 100,
            "hz": 165
        },
        {
            "user": "Riptide",
            "link": "https://youtu.be/JSLiOIwupsQ",
            "percent": 100,
            "hz": 120
        },
        {
            "user": "homegrowntag",
            "link": "https://youtu.be/OTiu3U4MsEY",
            "percent": 100,
            "hz": 240
        },
        {
            "user": "Vaoen",
            "link": "https://www.twitch.tv/videos/1310416512",
            "percent": 100,
            "hz": 288
        },
        {
            "user": "SubStra",
            "link": "https://www.youtube.com/watch?v=L_q7tQOJNP4",
            "percent": 100,
            "hz": 240
        },
        {
            "user": "sketch",
            "link": "https://youtu.be/rPQgKn-SLk4",
            "percent": 100,
            "hz": 360
        },
        {
            "user": "Samuuu18",
            "link": "https://www.twitch.tv/videos/1523090212",
            "percent": 100,
            "hz": 360
        },     
        {
            "user": "Michachel",
            "link": "https://www.youtube.com/watch?v=chGL9hxwmYw",
            "percent": 100,
            "hz": 360
        },
        {
            "user": "Shworp",
            "link": "https://youtu.be/s-5XXeCww3E",
            "percent": 76,
            "hz": 360
        }
    ]
}
