{
    "id": 78988601,
    "name": "Shitty The Hell World",
    "author": "Prometheus",
    "creators": [],
    "verifier": "TravelChimp",
    "verification": "https://www.youtube.com/watch?v=a_Z68z5AfGQ",
    "percentToQualify": 100,
    "password": "Free to Copy",
    "records": [
        {
            "user": "Shel",
            "link": "https://youtu.be/59zLthJ2NF8",
            "percent": 100,
            "hz": 144
        },
        {
            "user": "BlueTomcat",
            "link": "https://youtu.be/zY4CV3rpETE",
            "percent": 100,
            "hz": 288
        },
        {
            "user": "Prometheus",
            "link": "https://youtu.be/X7DjWHdhZqQ",
            "percent": 100,
            "hz": 144
        },
        {
            "user": "Alaniz004",
            "link": "https://youtu.be/7HexcwgCOaI",
            "percent": 100,
            "hz": 360
        },
        {
            "user": "biskit",
            "link": "https://www.youtube.com/watch?v=1P7rNiW9iNQ",
            "percent": 100,
            "hz": 360
        },
        {
            "user": "Riptide",
            "link": "https://youtu.be/8gityICManw",
            "percent": 100,
            "hz": 120
        },
        {
            "user": "WaveWarrior",
            "link": "https://youtu.be/1Ih8LnTS36A",
            "percent": 100,
            "hz": 240
        }
    ]
}
