{
    "id": 76973105,
    "name": "Shitty The Hell Dignity",
    "author": "Prometheus",
    "creators": ["whit", "Bluestone", "GameExplorers"],
    "verifier": "Prometheus",
    "verification": "https://youtu.be/1tKv0OxKKTM",
    "percentToQualify": 100,
    "password": "Not Copyable",
    "records": [
        {
            "user": "Shel",
            "link": "https://youtu.be/Q0uZ_ooxzJw",
            "percent": 100,
            "hz": 144
        },
        {
            "user": "T333",
            "link": "https://www.youtube.com/watch?v=NeaDoGZdXe0",
            "percent": 100,
            "hz": 240
        },
        {
            "user": "Brinnn",
            "link": "https://youtu.be/EXRGeu9vMn8",
            "percent": 100,
            "hz": 120
        },
        {
            "user": "Riptide",
            "link": "https://youtu.be/Mf7pAhfyUuQ",
            "percent": 100,
            "hz": 60
        },
        {
            "user": "IDeltaPhantomI",
            "link": "https://youtu.be/YvYIM7MsqfM",
            "percent": 100,
            "hz": 360
        },
        {
            "user": "Nontypical",
            "link": "https://youtu.be/wYzXgD7RrSs",
            "percent": 100,
            "hz": 165
        },
        {
            "user": "KylashTheKiller",
            "link": "https://youtu.be/hlgG9R-S5qo",
            "percent": 100,
            "hz": 60
        },
        {
            "user": "noxvera",
            "link": "https://www.youtube.com/watch?v=ceGwkHXW7OM",
            "percent": 100,
            "hz": 75
        },
        {
            "user": "iRaily",
            "link": "https://youtu.be/At4tmJnn8UI",
            "percent": 100,
            "hz": 288
        },
        {
            "user": "Alaniz004",
            "link": "https://youtu.be/UrYqZ78R48w?t=181",
            "percent": 100,
            "hz": 360
        },
        {
            "user": "biskit",
            "link": "https://www.youtube.com/watch?v=1P7rNiW9iNQ",
            "percent": 100,
            "hz": 360
        },
        {
            "user": "ImJotaGD",
            "link": "https://youtu.be/dglx6zg2L_M",
            "percent": 100,
            "hz": 144
        },
        {
            "user": "4Nan",
            "link": "https://youtu.be/oja2HFZSkxA",
            "percent": 100,
            "hz": 210
        }
    ]
}
