{
    "id": 76250887,
    "name": "Shitty The Hell Zone",
    "author": "Prometheus",
    "creators": ["SarcasticMuch", "Experience43", "fakeiwnl"],
    "verifier": "Prometheus",
    "verification": "https://www.youtube.com/watch?v=R71Gl-xjrQs",
    "percentToQualify": 100,
    "password": "Free to Copy",
    "records": [
        {
            "user": "Shel",
            "link": "https://www.youtube.com/watch?v=dL59JVXSUBQ",
            "percent": 100,
            "hz": 144
        },
        {
            "user": "iRaily",
            "link": "https://youtu.be/UGJKEthVWtQ",
            "percent": 100,
            "hz": 288
        },
        {
            "user": "T333",
            "link": "https://www.youtube.com/watch?v=l0U_ZqXS-WQ",
            "percent": 100,
            "hz": 240
        },
        {
            "user": "ObvSilver",
            "link": "https://youtu.be/qtm1U4ydMkk",
            "percent": 100,
            "hz": 165
        },
        {
            "user": "Brinnn",
            "link": "https://www.youtube.com/watch?v=0kKHIJCgOhc",
            "percent": 100,
            "hz": 120
        },
        {
            "user": "KylashTheKiller",
            "link": "https://youtu.be/hlgG9R-S5qo",
            "percent": 100,
            "hz": 60
        },
        {
            "user": "AzielGD",
            "link": "https://youtu.be/rOagdnVnef8",
            "percent": 100,
            "hz": 60,
            "mobile": true
        },
        {
            "user": "KasiaUwU",
            "link": "https://youtu.be/kwz6AjOvthg",
            "percent": 100,
            "hz": 240
        },
        {
            "user": "biskit",
            "link": "https://www.youtube.com/watch?v=1P7rNiW9iNQ",
            "percent": 100,
            "hz": 360
        },
        {
            "user": "Riptide",
            "link": "https://youtu.be/R_uW6xn_NYI",
            "percent": 100,
            "hz": 120
        }
    ]
}
