{
    "id": 77112114,
    "name": "Shitty The Silver",
    "author": "DeNora17",
    "creators": [],
    "verifier": "Fakerodri",
    "verification": "https://youtu.be/EbRyKOkRb1Q",
    "percentToQualify": 100,
    "password": "007363",
    "records": [
        {
            "user": "IkuGD",
            "link": "https://youtu.be/WMfthYOzwj0",
            "percent": 100,
            "hz": 60,
            "mobile": true
        },
        {
            "user": "Delinquenst",
            "link": "https://www.youtube.com/watch?v=KuMX3DIKZ3w",
            "percent": 100,
            "hz": 360
        },
        {
            "user": "DogeyBoi",
            "link": "https://www.youtube.com/watch?v=A275nMlLt3I",
            "percent": 100,
            "hz": 360
        },
        {
            "user": "shekyus",
            "link": "https://www.youtube.com/watch?v=hXrUMEXZH3k",
            "percent": 100,
            "hz": 300
        },
        {
            "user": "Riptide",
            "link": "https://youtu.be/eKOZOt93VX8",
            "percent": 100,
            "hz": 120
        },
        {
            "user": "xtyles",
            "link": "https://youtu.be/pYrbSCb4GZM",
            "percent": 100,
            "hz": 360
        }
    ]
}
