{
    "id": 69801213,
    "name": "Shitty The Hell Bird",
    "author": "fakeiwnl",
    "creators": ["hexuri", "Majesstic", "strix", "Lupe1204", "GabeLucario"],
    "verifier": "fakeiwnl",
    "verification": "https://www.youtube.com/watch?v=5bzUIhJU5k0",
    "percentToQualify": 100,
    "password": "Free to Copy",
    "records": [
        {
            "user": "Prometheus",
            "link": "https://youtu.be/DA7xUfCixiM",
            "percent": 100,
            "hz": 144
        },
        {
            "user": "iRaily",
            "link": "https://youtu.be/JvM7KTna4dk",
            "percent": 100,
            "hz": 288
        },
        {
            "user": "SupaX_",
            "link": "https://youtu.be/OJjviuA2m-g",
            "percent": 100,
            "hz": 240
        },
        {
            "user": "KylashTheKiller",
            "link": "https://youtu.be/S3JRUhy4-qw",
            "percent": 100,
            "hz": 60
        },
        {
            "user": "Delay",
            "link": "https://www.youtube.com/watch?v=xUGnpMRVz9o&t=2s",
            "percent": 100,
            "hz": 240
        },
        {
            "user": "attrixia",
            "link": "https://youtu.be/tQzoOc8pBHY",
            "percent": 100,
            "hz": 150
        },
        {
            "user": "zygimantux",
            "link": "https://www.youtube.com/watch?v=nL9U_BQ1ozs",
            "percent": 100,
            "hz": 144
        },
        {
            "user": "T333",
            "link": "https://www.youtube.com/watch?v=A52m38QCCGc",
            "percent": 100,
            "hz": 240
        },
        {
            "user": "biskit",
            "link": "https://www.youtube.com/watch?v=1P7rNiW9iNQ",
            "percent": 100,
            "hz": 360
        },
        {
            "user": "Riptide",
            "link": "https://youtu.be/WqxGKBSfGZY",
            "percent": 100,
            "hz": 120
        },
        {
            "user": "WaveWarrior",
            "link": "https://youtu.be/1Ih8LnTS36A",
            "percent": 100,
            "hz": 240
        }
    ]
}
