{
    "id": 79263290,
    "name": "Shitty The Hell Field",
    "author": "zFice7",
    "creators": ["Prometheus", "Luke", "Atotakai", "sarcasticmuch", "Chilly Willy"],
    "verifier": "Riptide",
    "verification": "https://www.youtube.com/watch?v=joM02MYDPWQ",
    "percentToQualify": 100,
    "password": "456456",
    "records": [
        {
            "user": "Prometheus",
            "link": "https://youtu.be/U29XqTz6Fb0",
            "percent": 100,
            "hz": 144
        },
        {
            "user": "biskit",
            "link": "https://www.youtube.com/watch?v=1P7rNiW9iNQ&t=223s",
            "percent": 100,
            "hz": 360
        },
        {
            "user": "woi",
            "link": "https://youtu.be/VM0-WN04mao",
            "percent": 100,
            "hz": 360
        }
    ]
}
