{
    "id": 65615555,
    "name": "Shitty The Bandere",
    "author": "DeadshotHD",
    "creators": [],
    "verifier": "DeadshotHD",
    "verification": "https://youtu.be/ZHrsGSV8hY4",
    "percentToQualify": 100,
    "password": "Free to Copy",
    "records": [
        {
            "user": "Starteccs",
            "link": "https://www.youtube.com/watch?v=OO_levwoUfU",
            "percent": 100,
            "hz": 60,
            "mobile": true
        },
        {
            "user": "iRaily",
            "link": "https://youtu.be/O0U3cJZv_ok",
            "percent": 100,
            "hz": 288
        },
        {
            "user": "Luke",
            "link": "https://youtu.be/xeqciQ9CqbY",
            "percent": 100,
            "hz": 60
        },
        {
            "user": "Bluuper",
            "link": "https://youtu.be/SvcCaHcjw6w",
            "percent": 100,
            "hz": 144
        },
        {
            "user": "70n0fh4y",
            "link": "https://youtu.be/7it1qddTTn0",
            "percent": 100,
            "hz": 60,
            "mobile": true
        },
        {
            "user": "Dougieman",
            "link": "https://www.youtube.com/watch?v=BSEOoCqdaA0",
            "percent": 100,
            "hz": 120,
            "mobile": true
        },
        {
            "user": "Kobra456",
            "link": "https://www.youtube.com/watch?v=Y9u4617m7JY",
            "percent": 100,
            "hz": 288
        },
        {
            "user": "vex",
            "link": "https://www.youtube.com/watch?v=vJJkX2Ftg2k",
            "percent": 100,
            "hz": 144
        },
        {
            "user": "SupaX_",
            "link": "https://youtu.be/JG5laauLUcc",
            "percent": 100,
            "hz": 240
        },
        {
            "user": "Brinnn",
            "link": "https://youtu.be/HYiQD1tGL8c",
            "percent": 100,
            "hz": 120
        },
        {
            "user": "obsi",
            "link": "https://youtu.be/qKY37GCxIdA",
            "percent": 100,
            "hz": 120
        },
        {
            "user": "GD CrimsonKing22",
            "link": "https://www.youtube.com/watch?v=imPB5-Xokao&ab_channel=GDCrimsonKing22",
            "percent": 100,
            "hz": 288
        },
        {
            "user": "DijonGD",
            "link": "https://www.youtube.com/watch?v=Rxlfs6tRHro",
            "percent": 100,
            "hz": 60,
            "mobile": true
        },
        {
            "user": "WilltheRen",
            "link": "https://www.youtube.com/watch?v=kmiNrhNdGbY",
            "percent": 100,
            "hz": 165
        },
        {
            "user": "Riptide",
            "link": "https://youtu.be/Uu3V0A-Tw7Q",
            "percent": 100,
            "hz": 60
        },
        {
            "user": "GlitchyGlotch",
            "link": "https://youtu.be/zPBwavQLJrY",
            "percent": 100,
            "hz": 360
        },
        {
            "user": "KasiaUwU",
            "link": "https://youtu.be/mrHTfB5KQUs",
            "percent": 100,
            "hz": 180
        }
    ]
}
