{
    "id": 78191749,
    "name": "Shitty Theory of Darkness",
    "author": "KylashTheKiller",
    "creators": ["Prometheus", "Razor", "Luke Quartez", "NourTheKing", "SorryM8"],
    "verifier": "LBoke",
    "verification": "https://www.youtube.com/watch?v=k1El97U6H3g",
    "percentToQualify": 100,
    "records": [
        {
            "user": "KylashTheKiller",
            "link": "https://youtu.be/S4M6ZGU-ZTU",
            "percent": 100,
            "hz": 60
        },
        {
            "user": "KasiaUwU",
            "link": "https://youtu.be/ACbAmoxkM4g",
            "percent": 100,
            "hz": 180
        }
    ]
}
