{
    "id": 69154220,
    "name": "Shitty ThunderZone",
    "author": "Pandaa",
    "creators": ["Spaace"],
    "verifier": "VenenoG",
    "verification": "https://www.youtube.com/watch?v=DymfvTNu7GI",
    "percentToQualify": 100,
    "password": "008310",
    "records": [
        {
            "user": "iRaily",
            "link": "https://youtu.be/YgK1Aq7NkOQ",
            "percent": 100,
            "hz": 288
        },
        {
            "user": "deex3",
            "link": "https://youtu.be/54mJLzYH1NU",
            "percent": 100,
            "hz": 360
        },
        {
            "user": "BlueTomcat",
            "link": "https://youtu.be/QSOddccL7H4",
            "percent": 100,
            "hz": 288
        },
        {
            "user": "Tai0",
            "link": "https://www.youtube.com/watch?v=B2JB5fPmfLo",
            "percent": 100,
            "hz": 144
        },
        {
            "user": "T333",
            "link": "https://youtu.be/qvGR_-PYfLc",
            "percent": 100,
            "hz": 240
        },
        {
            "user": "Delay",
            "link": "https://www.youtube.com/watch?v=9VBCBfsmfeg",
            "percent": 100,
            "hz": 240
        },
        {
            "user": "SupaX_",
            "link": "https://www.youtube.com/watch?v=lIsxuHMbHiY",
            "percent": 100,
            "hz": 240
        },
        {
            "user": "Andrew14916",
            "link": "https://www.youtube.com/watch?v=e35UH4FBIqI",
            "percent": 100,
            "hz": 240
        },
        {
            "user": "thirtytwelve",
            "link": "https://www.youtube.com/watch?v=Cm32RXl2-O8",
            "percent": 100,
            "hz": 240
        },
        {
            "user": "WilltheRen",
            "link": "https://www.youtube.com/watch?v=kmiNrhNdGbY",
            "percent": 100,
            "hz": 165
        },
        {
            "user": "Kanekigh",
            "link": "https://www.youtube.com/watch?v=pC5jsd1B7UQ",
            "percent": 100,
            "hz": 240
        },
        {
            "user": "Nolife",
            "link": "https://www.youtube.com/watch?v=9XGsbKctXsI",
            "percent": 100,
            "hz": 240
        },
        {
            "user": "Spaace",
            "link": "https://youtu.be/4XYrEU3DICE",
            "percent": 100,
            "hz": 144
        },
        {
            "user": "CuttNSee",
            "link": "https://www.youtube.com/watch?v=slWEXzJKK9U",
            "percent": 100,
            "hz": 240
        },
        {
            "user": "GDCade22",
            "link": "https://www.youtube.com/watch?v=lFg3Daty6H4",
            "percent": 100,
            "hz": 144
        },
        {
            "user": "Decin0",
            "link": "https://www.youtube.com/watch?v=NgQVNBeXc7k&t=6s",
            "percent": 100,
            "hz": 288
        },
        {
            "user": "LinedriveGD",
            "link": "https://www.youtube.com/watch?v=7L4AU88cZzs",
            "percent": 100,
            "hz": 300
        },
        {
            "user": "hEdit",
            "link": "https://www.youtube.com/watch?v=C6o7Xje_BU8",
            "percent": 100,
            "hz": 144
        },
        {
            "user": "LzKlauss",
            "link": "https://www.youtube.com/watch?v=vX8vAsWwvbc",
            "percent": 100,
            "hz": 360
        },
        {
            "user": "HxHx",
            "link": "https://www.youtube.com/watch?v=zs4zBMSs2CU",
            "percent": 100,
            "hz": 60
        },
        {
            "user": "Jordilo47",
            "link": "https://www.youtube.com/watch?v=j2y2A7lzuM8",
            "percent": 100,
            "hz": 144
        },
        {
            "user": "CrussoCode",
            "link": "https://www.youtube.com/watch?v=Ej0UNui2BBg",
            "percent": 100,
            "hz": 240
        },
        {
            "user": "GD leaf",
            "link": "https://youtu.be/A6SkUaWho7c",
            "percent": 100,
            "hz": 144
        },
        {
            "user": "Riptide",
            "link": "https://youtu.be/5gHIr5i-ZJA",
            "percent": 100,
            "hz": 120
        },
        {
            "user": "KasiaUwU",
            "link": "https://youtu.be/nXeAb5M7wrE",
            "percent": 100,
            "hz": 180
        },
        {
            "user": "xpyctal",
            "link": "https://youtu.be/qey5OBoZP6Q",
            "percent": 100,
            "hz": 144
        }
    ]
}
