{
    "id": 70966860,
    "name": "Shitty Timor",
    "author": "Kobra456",
    "creators": [],
    "verifier": "Kobra456",
    "verification": "https://www.youtube.com/watch?v=wMOdIxZv0h4",
    "percentToQualify": 58,
    "records": [
        {
            "user": "Tai0",
            "link": "https://youtu.be/B2JB5fPmfLo",
            "percent": 100,
            "hz": 144
        },
        {
            "user": "Delay",
            "link": "https://www.youtube.com/watch?v=MoumwBTqFlg",
            "percent": 100,
            "hz": 240
        },
        {
            "user": "Samuuu18",
            "link": "https://youtu.be/bGyvO1sL44k",
            "percent": 100,
            "hz": 180
        },
        {
            "user": "iRaily",
            "link": "https://youtu.be/5R1pDJE5xZs",
            "percent": 100,
            "hz": 288
        },
        {
            "user": "attrixia",
            "link": "https://www.youtube.com/watch?v=daHoEvxEZlM",
            "percent": 100,
            "hz": 150
        },
        {
            "user": "BlueTomcat",
            "link": "https://youtu.be/qQJmWt2ICEk",
            "percent": 100,
            "hz": 288
        },
        {
            "user": "deex3",
            "link": "https://youtu.be/Tc6N15SI1Rs?t=179",
            "percent": 100,
            "hz": 360
        },
        {
            "user": "Aber",
            "link": "https://www.youtube.com/watch?v=yrQcg4vjwJ4&ab_channel=Aber",
            "percent": 100,
            "hz": 360
        },
        {
            "user": "Sushiboys",
            "link": "https://youtu.be/6GWj5e5gj0Y",
            "percent": 100,
            "hz": 300
        },
        {
            "user": "Tases",
            "link": "https://www.youtube.com/watch?v=ND4zRg_CwWo",
            "percent": 100,
            "hz": 240
        },
        {
            "user": "Armani",
            "link": "https://www.youtube.com/watch?v=Y4k3FqSWOHo",
            "percent": 100,
            "hz": 360
        },
        {
            "user": "blessed",
            "link": "https://youtu.be/QDTkMIP8_mA",
            "percent": 100,
            "hz": 120
        },
        {
            "user": "GD CrimsonKing22",
            "link": "https://www.youtube.com/watch?v=xV_DGeqO7mE&ab_channel=GDCrimsonKing22",
            "percent": 100,
            "hz": 288
        },
        {
            "user": "Nolife",
            "link": "https://www.youtube.com/watch?v=GL22SpPPWXg",
            "percent": 100,
            "hz": 240
        },
        {
            "user": "h4tecr1me.",
            "link": "https://www.youtube.com/watch?v=T0TQZU1BuIc",
            "percent": 100,
            "hz": 144
        },
        {
            "user": "InferiorPatty",
            "link": "https://www.youtube.com/watch?v=tpLptw5CApk",
            "percent": 100,
            "hz": 360
        },
        {
            "user": "Holojen",
            "link": "https://www.youtube.com/watch?v=9BHTr-Kfjhs",
            "percent": 100,
            "hz": 288
        },
        {
            "user": "WilltheRen",
            "link": "https://youtu.be/oip9KjGR_cE",
            "percent": 100,
            "hz": 165
        },
        {
            "user": "gdXposed",
            "link": "https://www.youtube.com/watch?v=-vDV3ISjUoc",
            "percent": 100,
            "hz": 360
        },
        {
            "user": "Spinach",
            "link": "https://youtu.be/ZK4U4KTcy4M",
            "percent": 100,
            "hz": 288
        },
        {
            "user": "Decin0",
            "link": "https://youtu.be/PhFBPPo-2e8",
            "percent": 100,
            "hz": 288
        },
        {
            "user": "PatoQuack",
            "link": "https://www.youtube.com/watch?v=EW_vfOtFn04",
            "percent": 100,
            "hz": 357
        },
        {
            "user": "BrightBird",
            "link": "https://youtu.be/eDRITVllPP8",
            "percent": 100,
            "hz": 288
        },
        {
            "user": "Semperfusion",
            "link": "https://www.youtube.com/watch?v=nARiRVQOZvU",
            "percent": 100,
            "hz": 360
        },
        {
            "user": "ZerniasX",
            "link": "https://youtu.be/vhWospTPm9s",
            "percent": 100,
            "hz": 360
        },
        {
            "user": "IDeltaPhantomI",
            "link": "https://www.youtube.com/watch?v=y-PTIdb3xu0",
            "percent": 100,
            "hz": 360
        },
        {
            "user": "Gamez",
            "link": "https://www.youtube.com/watch?v=6w7fI6a_ZwU",
            "percent": 100,
            "hz": 240
        },
        {
            "user": "YinnYang",
            "link": "https://youtu.be/f-hCAMLEaKM",
            "percent": 100,
            "hz": 360
        },
        {
            "user": "MustafaAydin",
            "link": "https://youtu.be/oJrjMS0vOn8",
            "percent": 100,
            "hz": 120
        },
        {
            "user": "zQuamtic",
            "link": "https://youtu.be/5hMw9u1SvEE",
            "percent": 91,
            "hz": 225
        },
        {
            "user": "KylashTheKiller",
            "link": "https://youtu.be/sDuD8qNFOWE",
            "percent": 100,
            "hz": 60
        },
        {
            "user": "Riptide",
            "link": "https://youtu.be/tO72dMI7l-c",
            "percent": 100,
            "hz": 120
        },
        {
            "user": "Dandy Chiggins",
            "link": "https://youtu.be/0ooyQaFVhY4",
            "percent": 100,
            "hz": 360
        },
        {
            "user": "Snakez363",
            "link": "https://www.youtube.com/watch?v=5Yk3ysIrWxI",
            "percent": 100,
            "hz": 144
        },
        {
            "user": "biskit",
            "link": "https://www.youtube.com/watch?v=jTlK11KMlC4",
            "percent": 100,
            "hz": 360
        },
        {
            "user": "Matthlew",
            "link": "https://youtu.be/tMF48NriYIs",
            "percent": 100,
            "hz": 144
        },
        {
            "user": "HeartLess",
            "link": "https://youtu.be/GfDSEf6MKzE",
            "percent": 100,
            "hz": 360
        }
    ]
}
