{
    "id": 73504768,
    "name": "Shitty Toxic Core",
    "author": "chspchips",
    "creators": [],
    "verifier": "iRaily",
    "verification": "https://youtu.be/oPOolrq5XtY",
    "percentToQualify": 100,
    "records": [
        {
            "user": "BlueTomcat",
            "link": "https://youtu.be/2pjJX5BmUlA",
            "percent": 100,
            "hz": 288
        },
        {
            "user": "Tai0",
            "link": "https://youtu.be/YpvbCO-Blq4",
            "percent": 100,
            "hz": 144
        },
        {
            "user": "Delay",
            "link": "https://www.youtube.com/watch?v=AsMORgaYhjo",
            "percent": 100,
            "hz": 240
        },
        {
            "user": "WilltheRen",
            "link": "https://youtu.be/V2n9fkouBWQ",
            "percent": 100,
            "hz": 165
        },
        {
            "user": "Sushiboys",
            "link": "https://www.youtube.com/watch?v=00RmiPsrtIw",
            "percent": 100,
            "hz": 300
        },
        {
            "user": "BlackChaleur",
            "link": "https://www.youtube.com/watch?v=mLP0TidOsKM",
            "percent": 100,
            "hz": 240
        },
        {
            "user": "LzKlauss",
            "link": "https://www.youtube.com/watch?v=5cgnhjKdfsE",
            "percent": 100,
            "hz": 360
        },
        {
            "user": "Maesile",
            "link": "https://youtu.be/0j4zSf4FbgQ",
            "percent": 100,
            "hz": 144
        },
        {
            "user": "ObvSilver",
            "link": "https://youtu.be/dDtYm7EhMsI",
            "percent": 100,
            "hz": 165
        },
        {
            "user": "kacro",
            "link": "https://www.youtube.com/watch?v=qNAKJ6uqbpI",
            "percent": 100,
            "hz": 360
        },
        {
            "user": "MelonGL",
            "link": "https://www.youtube.com/watch?v=gmvYfAF4mw0",
            "percent": 100,
            "hz": 360
        }
    ]
}
