{
    "id": 78908225,
    "name": "Shitty Unnerfed Allegiance",
    "author": "Sovola",
    "creators": [],
    "verifier": "Magmeta",
    "verification": "https://www.youtube.com/watch?v=wQdVvRYvUkY",
    "percentToQualify": 100,
    "records": [
        {
            "user": "Sovola",
            "link": "https://www.youtube.com/watch?v=ZUupoXlljWM",
            "percent": 61,
            "hz": 144
        },
        {
            "user": "T333",
            "link": "https://www.youtube.com/watch?v=m_1tTvqeaI0",
            "percent": 100,
            "hz": 240
        },
        {
            "user": "biskit",
            "link": "https://www.youtube.com/watch?v=VJemNT3BSS0",
            "percent": 100,
            "hz": 360
        },
        {
            "user": "Dxst",
            "link": "https://www.youtube.com/watch?v=4EHdmoh8rUM",
            "percent": 100,
            "hz": 144
        }
    ]
}
