{
    "id": 69300911,
    "name": "Shitty Untitled",
    "author": "chspchips",
    "creators": [],
    "verifier": "PinkCotton",
    "verification": "https://www.youtube.com/watch?v=77pVia609eM",
    "percentToQualify": 100,
    "password": "Free to Copy",
    "records": [
        {
            "user": "BlueTomcat",
            "link": "https://youtu.be/0j3QP6yNodQ",
            "percent": 100,
            "hz": 144
        },
        {
            "user": "Kobra456",
            "link": "https://www.youtube.com/watch?v=gUnUWo1sf8Q",
            "percent": 100,
            "hz": 288
        },
        {
            "user": "DingXD",
            "link": "https://www.youtube.com/watch?v=0Cc5bejBJ04",
            "percent": 100,
            "hz": 240
        },
        {
            "user": "Brinnn",
            "link": "https://www.youtube.com/watch?v=Vgcfx0Z-sds",
            "percent": 100,
            "hz": 120
        },
        {
            "user": "Emonadeo",
            "link": "https://www.youtube.com/watch?v=qmVSbiSNgik",
            "percent": 100,
            "hz": 240
        },
        {
            "user": "Fh1r",
            "link": "https://www.youtube.com/watch?v=ED3EXjHbrz0",
            "percent": 100,
            "hz": 240
        },
        {
            "user": "SimpalGD",
            "link": "https://www.youtube.com/watch?v=05J7Os1ooro",
            "percent": 100,
            "hz": 288
        },
        {
            "user": "iRaily",
            "link": "https://youtu.be/JqzCf5QQksg",
            "percent": 100,
            "hz": 288
        },
        {
            "user": "StampZ",
            "link": "https://youtu.be/h31ZsuKNF08",
            "percent": 100,
            "hz": 144
        },
        {
            "user": "Lyrian",
            "link": "https://youtu.be/LJa-1C40g6Q",
            "percent": 100,
            "hz": 165
        },
        {
            "user": "Doodle",
            "link": "https://youtu.be/lV_2kt6Btsg",
            "percent": 100,
            "hz": 75
        },
        {
            "user": "Nolife",
            "link": "https://www.youtube.com/watch?v=KHUw60Ix-N4",
            "percent": 100,
            "hz": 165
        },
        {
            "user": "Tai0",
            "link": "https://www.youtube.com/watch?v=_WF5xfmtO8E",
            "percent": 100,
            "hz": 144
        },
        {
            "user": "Delay",
            "link": "https://youtu.be/N6oVYxQZhdo",
            "percent": 100,
            "hz": 240
        },
        {
            "user": "ZerniasX",
            "link": "https://youtu.be/7dV0Get-ubU",
            "percent": 100,
            "hz": 360
        },
        {
            "user": "zMultix",
            "link": "https://www.youtube.com/watch?v=rOZuKDrGGj0",
            "percent": 100,
            "hz": 60
        },
        {
            "user": "WilltheRen",
            "link": "https://www.youtube.com/watch?v=CU1NJ_SULv0",
            "percent": 100,
            "hz": 165
        },
        {
            "user": "Gadolithius",
            "link": "https://www.youtube.com/watch?v=tzQleFBRPI4",
            "percent": 100,
            "hz": 240
        },
        {
            "user": "kri1s5",
            "link": "https://www.youtube.com/watch?v=2DNs9vTSqXo",
            "percent": 100,
            "hz": 60
        },
        {
            "user": "LBoke",
            "link": "https://www.youtube.com/watch?v=MKnM2GloGek",
            "percent": 100,
            "hz": 240
        },
        {
            "user": "Leywin",
            "link": "https://youtu.be/q17DK_H0AlU",
            "percent": 100,
            "hz": 300
        },
        {
            "user": "Tases",
            "link": "https://www.youtube.com/watch?v=2CHgf2jtMoE",
            "percent": 100,
            "hz": 240
        },
        {
            "user": "ChspChips",
            "link": "https://www.youtube.com/watch?v=c16m7AaoPMc",
            "percent": 100,
            "hz": 144
        },
        {
            "user": "IxMatixI",
            "link": "https://youtu.be/sZv3v_JAimc",
            "percent": 100,
            "hz": 75
        },
        {
            "user": "funniestpro",
            "link": "https://www.youtube.com/watch?v=lXEhh6TZBuw",
            "percent": 100,
            "hz": 240
        },
        {
            "user": "T333",
            "link": "https://youtu.be/4FoyGG3eoro",
            "percent": 100,
            "hz": 240
        },
        {
            "user": "PatoQuack",
            "link": "https://www.youtube.com/watch?v=CSOioP7FuD4",
            "percent": 100,
            "hz": 357
        },
        {
            "user": "Patrick61804",
            "link": "https://www.youtube.com/watch?v=rBPS6k452BY",
            "percent": 100,
            "hz": 240
        },
        {
            "user": "Kr_Flame",
            "link": "https://youtu.be/XqF6S9v--0s",
            "percent": 100,
            "hz": 240
        },
        {
            "user": "zLunatiX",
            "link": "https://youtu.be/zmg_hC9MYbw",
            "percent": 100,
            "hz": 120
        },
        {
            "user": "Cric2",
            "link": "https://www.youtube.com/watch?v=cHR7tB49eMY",
            "percent": 100,
            "hz": 240
        },
        {
            "user": "chiken15",
            "link": "https://www.youtube.com/watch?v=ajftv6gji5c",
            "percent": 100,
            "hz": 288
        },
        {
            "user": "Robbgg05",
            "link": "https://www.youtube.com/watch?v=e_t7HDmLxSk",
            "percent": 100,
            "hz": 60
        },
        {
            "user": "DashTH",
            "link": "https://www.youtube.com/watch?v=6g6YLK7Aq-4",
            "percent": 100,
            "hz": 120
        },
        {
            "user": "Bibox",
            "link": "https://youtu.be/2tWNx429Zow",
            "percent": 100,
            "hz": 360
        },
        {
            "user": "Riptide",
            "link": "https://youtu.be/pXpjeJQN2FQ",
            "percent": 100,
            "hz": 120
        },
        {
            "user": "LKuteshi",
            "link": "https://youtu.be/E8r6EeV7z_s",
            "percent": 100,
            "hz": 60,
            "mobile": true
        },
        {
            "user": "Alaniz004",
            "link": "https://youtu.be/GWNdUsmq15k",
            "percent": 100,
            "hz": 360
        },
        {
            "user": "Jimbe",
            "link": "https://www.youtube.com/watch?v=xqihYFWK49I",
            "percent": 100,
            "hz": 165
        },
        {
            "user": "Finnynenisses",
            "link": "https://youtu.be/M5unbvQsi7M",
            "percent": 100,
            "hz": 144
        },
        {
            "user": "Leywin",
            "link": "https://youtu.be/q17DK_H0AlU",
            "percent": 100,
            "hz": 300
        },
        {
            "user": "CaraAlmendra",
            "link": "https://youtu.be/bqjZAxcncr4",
            "percent": 100,
            "hz": 360
        }
    ]
}
