{
    "id": 77989546,
    "name": "Shitty Verdant Landscape",
    "author": "iRaily",
    "creators": ["MamaMauve", "R1fleRob0tz", "AcropolisBoy", "Whitar", "Bluestone", "chspchips", "Kiwi1938", "SupaX_"],
    "verifier": "iRaily",
    "verification": "https://youtu.be/knWvX2Eheg0",
    "percentToQualify": 60,
    "records": [
        {
            "user": "Maesile",
            "link": "https://youtu.be/CLk5eyGrhcc",
            "percent": 100,
            "hz": 144
        },
        {
            "user": "KylashTheKiller",
            "link": "https://youtu.be/5uSNj_PCCqs",
            "percent": 100,
            "hz": 60
        },
        {
            "user": "Kenos Song",
            "link": "https://www.youtube.com/watch?v=aNFbAU6FU4s",
            "percent": 100,
            "hz": 360
        },
        {
            "user": "GD CrimsonKing22",
            "link": "https://www.youtube.com/watch?v=TEYiw0cpvXc&ab_channel=GDCrimsonKing22",
            "percent": 100,
            "hz": 360
        },
        {
            "user": "Vaoen",
            "link": "https://www.twitch.tv/videos/1482148809",
            "percent": 100,
            "hz": 288
        },
        {
            "user": "Dandy Chiggins",
            "link": "https://youtu.be/BYp-CekMzHw",
            "percent": 100,
            "hz": 360
        },
        {
            "user": "Zeta Veblen",
            "link": "https://www.youtube.com/watch?v=DjOzkkeq9hs",
            "percent": 62,
            "hz": 240
        },
        {
            "user": "attrixia",
            "link": "https://youtu.be/EdgRJeRb1gA",
            "percent": 100,
            "hz": 120
        },
        {
            "user": "Galaxyx",
            "link": "https://youtu.be/iSK5DR-WqXI",
            "percent": 100,
            "hz": 360
        },
        {
            "user": "Kobra456",
            "link": "https://www.youtube.com/watch?v=pNRcarmw_Zg",
            "percent": 100,
            "hz": 288
        },
        {
            "user": "kacro",
            "link": "https://www.youtube.com/watch?v=4ewhaJf6nyg",
            "percent": 100,
            "hz": 360
        },
        {
            "user": "Nexor_r",
            "link": "https://www.youtube.com/watch?v=g0UK8U_3NQo",
            "percent": 100,
            "hz": 165
        },
        {
            "user": "Samuuu18",
            "link": "https://youtu.be/QWNT-lOnANU",
            "percent": 100,
            "hz": 360
        },
        {
            "user": "BrightBird",
            "link": "https://www.youtube.com/watch?v=Prrwbc5dhjo",
            "percent": 100,
            "hz": 288
        },
        {
            "user": "Киря",
            "link": "https://www.youtube.com/watch?v=szRGjzOSOOQ",
            "percent": 100,
            "hz": 144
        },
        {
            "user": "HargChucu",
            "link": "https://youtu.be/zXoZD1aUXrA",
            "percent": 100,
            "hz": 240
        },
        {
            "user": "xdgamer",
            "link": "https://youtu.be/cFKJ9IplWro",
            "percent": 100,
            "hz": 288
        },
        {
            "user": "SuseJRG",
            "link": "https://youtu.be/6l_jeEYrRGU",
            "percent": 100,
            "hz": 240
        },
        {
            "user": "Marke",
            "link": "https://youtu.be/OrranzatyxE",
            "percent": 100,
            "hz": 288
        },
        {
            "user": "biskit",
            "link": "https://youtu.be/qENzhlgifwg",
            "percent": 100,
            "hz": 360
        },
        {
            "user": "homegrowntag",
            "link": "https://youtu.be/55RkdyVh7yY",
            "percent": 100,
            "hz": 240
        },
        {
            "user": "Alaniz004",
            "link": "https://youtu.be/iJPd11d3zig?t=187",
            "percent": 100,
            "hz": 360
        },
        {
            "user": "ShadowNevio",
            "link": "https://youtu.be/uGjGcmjetdM",
            "percent": 100,
            "hz": 360
        },
        {
            "user": "SILVER062",
            "link": "https://youtu.be/eB9tvTj2ujs",
            "percent": 100,
            "hz": 144,
            "mobile": true
        },
        {
            "user": "GD Leaf",
            "link": "https://www.youtube.com/watch?v=-tPTzr7Hal4",
            "percent": 100,
            "hz": 144
        },
        {
            "user": "artlessartichoke",
            "link": "https://youtu.be/zfB0EbtMXUo",
            "percent": 100,
            "hz": 144
        },
        {
            "user": "FullyDiverse",
            "link": "https://youtu.be/iWR4lRYzLgI",
            "percent": 100,
            "hz": 360
        },
        {
            "user": "zplops",
            "link": "https://youtu.be/hSU156Kyu5Y",
            "percent": 100,
            "hz": 360
        },
        {
            "user": "AzielGD",
            "link": "https://youtu.be/El4jGoawQ74",
            "percent": 100,
            "hz": 120,
            "mobile": true
        },
        {
            "user": "Riptide",
            "link": "https://youtu.be/8lxitjZaOfI",
            "percent": 100,
            "hz": 120
        }
    ]
}
