{
    "id": 69249589,
    "name": "Shitty Vertigo",
    "author": "hexuri",
    "creators": [],
    "verifier": "Nolife",
    "verification": "https://youtu.be/mfyaYVjv2Y4",
    "percentToQualify": 100,
    "password": "Free to Copy",
    "records": [
        {
            "user": "T333",
            "link": "https://www.youtube.com/watch?v=d0yn4oorF50",
            "percent": 100,
            "hz": 240
        },
        {
            "user": "iRaily",
            "link": "https://youtu.be/oUmGKSklPYE",
            "percent": 100,
            "hz": 288
        },
        {
            "user": "KasiaUwU",
            "link": "https://youtu.be/Mi3Kmn0TJZk",
            "percent": 100,
            "hz": 120
        }
    ]
}
