{
    "id": 79209711,
    "name": "Shitty Wasureta",
    "author": "MamaMauve",
    "creators": [],
    "verifier": "iRaily",
    "verification": "https://www.youtube.com/watch?v=LVPpeJs_fCA",
    "percentToQualify": 58,
    "records": [
        {
            "user": "BlueTomcat",
            "link": "https://www.youtube.com/watch?v=VyK0_ue6YT8",
            "percent": 100,
            "hz": 288
        },
        {
            "user": "Decin0",
            "link": "https://youtu.be/WhPhCKNKyeE",
            "percent": 100,
            "hz": 360
        },
        {
            "user": "xdgamer",
            "link": "https://youtu.be/kimraXfhSi0",
            "percent": 100,
            "hz": 288
        },
        {
            "user": "Gamez",
            "link": "https://www.youtube.com/watch?v=94ex5j9n04s",
            "percent": 100,
            "hz": 144
        },
        {
            "user": "CookieGMD",
            "link": "https://www.youtube.com/watch?v=hCrTG0fdH_M",
            "percent": 100,
            "hz": 360
        },
        {
            "user": "ZawyGD",
            "link": "https://www.youtube.com/watch?v=2SjoDAw1lwk",
            "percent": 100,
            "hz": 144
        },
        {
            "user": "Armani",
            "link": "https://youtu.be/spDHcn9JT5Q",
            "percent": 100,
            "hz": 360
        },
        {
            "user": "attrixia",
            "link": "https://www.youtube.com/watch?v=FCNOlROKpO0",
            "percent": 100,
            "hz": 150
        },
        {
            "user": "WilltheRen",
            "link": "https://www.youtube.com/watch?v=agOhDLTus9Q",
            "percent": 100,
            "hz": 280
        },
        {
            "user": "Tai0",
            "link": "https://youtu.be/gJNlsblNIPA",
            "percent": 100,
            "hz": 144
        },
        {
            "user": "Matthlew",
            "link": "https://youtu.be/imlarj4HLO0",
            "percent": 100,
            "hz": 144
        },
        {
            "user": "StarXV",
            "link": "https://youtu.be/hqZkqzn5JVk",
            "percent": 100,
            "hz": 240
        },
        {
            "user": "Andrxw",
            "link": "https://www.youtube.com/watch?v=DYrl061aVK0",
            "percent": 100,
            "hz": 144
        },
        {
            "user": "DogeyBoi",
            "link": "https://www.youtube.com/watch?v=3vgqsofjPKk&ab_channel=MrDogeyBoi",
            "percent": 100,
            "hz": 360
        },
        {
            "user": "KylashTheKiller",
            "link": "https://youtu.be/0wzvX162LUU",
            "percent": 100,
            "hz": 60
        },
        {
            "user": "KowoT",
            "link": "https://youtu.be/yz8UdiIFfVU",
            "percent": 100,
            "hz": 144
        },
        {
            "user": "FakeRodri",
            "link": "https://youtu.be/jW1sQBdv22k",
            "percent": 100,
            "hz": 360
        },
        {
            "user": "adrian",
            "link": "https://www.youtube.com/watch?v=-TidfRafBCY&ab_channel=bliss",
            "percent": 100,
            "hz": 360
        },
        {
            "user": "AntonioGMD",
            "link": "https://www.youtube.com/watch?v=xLyKLtTwAAk",
            "percent": 100,
            "hz": 240
        },
        {
            "user": "DehydratedMoron",
            "link": "https://youtu.be/dm9wCptVebs",
            "percent": 67,
            "hz": 144
        },
        {
            "user": "Chr8ts",
            "link": "https://youtu.be/KBY_YVom98g",
            "percent": 100,
            "hz": 240
        },
        {
            "user": "gonza",
            "link": "https://youtu.be/YTtXCaglLOs",
            "percent": 100,
            "hz": 240
        },
        {
            "user": "TurtleER",
            "link": "https://www.youtube.com/watch?v=RLt4C1cQSYo",
            "percent": 71,
            "hz": 240
        },
        {
            "user": "Galaxyx",
            "link": "https://www.youtube.com/watch?v=rtSrHncjBaw",
            "percent": 100,
            "hz": 360
        },
        {
            "user": "GD CrimsonKing22",
            "link": "https://www.youtube.com/watch?v=3KT1JrxyXvY&t=2s&ab_channel=GDCrimsonKing22",
            "percent": 100,
            "hz": 360
        },
        {
            "user": "Samuuu18",
            "link": "https://youtu.be/4MgAfCM-4gM",
            "percent": 100,
            "hz": 360
        },
        {
            "user": "RocketVrl",
            "link": "https://www.youtube.com/watch?v=Wq_NUWOg2V4",
            "percent": 100,
            "hz": 360
        },
        {
            "user": "zygimantux",
            "link": "https://www.youtube.com/watch?v=11YAfObhnLo",
            "percent": 100,
            "hz": 360
        },
        {
            "user": "Rixen Ace",
            "link": "https://www.youtube.com/watch?v=1vMwlFwO2QU",
            "percent": 100,
            "hz": 165
        },
        {
            "user": "AndUhHalf",
            "link": "https://cdn.medal.tv/25202542/share-330634255.mp4",
            "percent": 100,
            "hz": 144
        },
        {
            "user": "biskit",
            "link": "https://youtu.be/1a67doWXniA?t=301",
            "percent": 100,
            "hz": 360
        },
        {
            "user": "MelonGL",
            "link": "https://www.youtube.com/watch?v=yzYgl7umrdU",
            "percent": 100,
            "hz": 360
        },
        {
            "user": "WauksGD",
            "link": "https://www.youtube.com/watch?v=g8HSVanQpwc",
            "percent": 100,
            "hz": 144
        },
        {
            "user": "TheDerpShark",
            "link": "https://www.youtube.com/watch?v=81GuPQk9Go0&ab_channel=TheDerpShark",
            "percent": 100,
            "hz": 180
        },
        {
            "user": "Fusion425",
            "link": "https://youtu.be/rXDljl3LCr0",
            "percent": 100,
            "hz": 360
        },
        {
            "user": "ItzMira",
            "link": "https://www.youtube.com/watch?v=SMl4OsGwhIo",
            "percent": 100,
            "hz": 180
        },
        {
            "user": "Wygv",
            "link": "https://www.youtube.com/watch?v=K61MU4oUZPo",
            "percent": 100,
            "hz": 240
        },
        {
            "user": "Cuin",
            "link": "https://youtu.be/tNKDhXRkwxA",
            "percent": 100,
            "hz": 240
        },
        {
            "user": "thisisfcp",
            "link": "https://www.youtube.com/watch?v=JfoCOzOqql8",
            "percent": 100,
            "hz": 360
        },
        {
            "user": "soon",
            "link": "https://youtu.be/Z0zgM1kCCCU",
            "percent": 100,
            "hz": 360
        },
        {
            "user": "HzAlula",
            "link": "https://youtu.be/20S7xoF26yA",
            "percent": 100,
            "hz": 240
        },
        {
            "user": "Shel",
            "link": "https://youtu.be/Yl2wVapq0C8",
            "percent": 100,
            "hz": 144
        },
        {
            "user": "ItsDTD",
            "link": "https://youtu.be/ULtPDYj1DoY",
            "percent": 100,
            "hz": 360
        },
        {
            "user": "BrightBird",
            "link": "https://youtu.be/8WE4VwehU3U",
            "percent": 100,
            "hz": 288
        },
        {
            "user": "MenDozA",
            "link": "https://youtu.be/dxaQdLbSv1A",
            "percent": 100,
            "hz": 120
        },
        {
            "user": "Spaace",
            "link": "https://youtu.be/RPjbNGpBE_M",
            "percent": 100,
            "hz": 120
        },
        {
            "user": "UniGMD",
            "link": "https://youtu.be/okSAWjp3dyI",
            "percent": 100,
            "hz": 240
        },
        {
            "user": "ObvSilver",
            "link": "https://youtu.be/Eww6yVBQ53Y",
            "percent": 100,
            "hz": 165
        },
        {
            "user": "Kenos Song",
            "link": "https://youtu.be/8yOgKVDgcPo",
            "percent": 100,
            "hz": 360
        },
        {
            "user": "Snakez363",
            "link": "https://youtu.be/e0-RCiGgUic",
            "percent": 100,
            "hz": 144
        },
        {
            "user": "ImCrisGD",
            "link": "https://www.youtube.com/watch?v=nHUAVJk33JE",
            "percent": 100,
            "hz": 300
        },
        {
            "user": "Frozono",
            "link": "https://youtu.be/oTOwuzOsxPI",
            "percent": 100,
            "hz": 240
        },
        {
            "user": "moab",
            "link": "https://youtu.be/zXiptsreQJk",
            "percent": 100,
            "hz": 240
        },
        {
            "user": "Dr4QuiTo",
            "link": "https://www.youtube.com/watch?v=pUtuT_cHRr0&ab_channel=Dr4QuiTo",
            "percent": 100,
            "hz": 360
        },
        {
            "user": "SoWOW",
            "link": "https://youtu.be/ja6lNEA6uFo",
            "percent": 100,
            "hz": 120,
            "mobile": true
        },
        {
            "user": "ItsMeAlex25",
            "link": "https://www.youtube.com/watch?v=ukEloas4gns",
            "percent": 100,
            "hz": 240
        },
        {
            "user": "WaveWarrior",
            "link": "https://youtu.be/307_FV0ILkI",
            "percent": 100,
            "hz": 240
        },
        {
            "user": "Nekss2137",
            "link": "https://youtu.be/YW1ERS4zLzA",
            "percent": 72,
            "hz": 288
        },
        {
            "user": "asdsdvb",
            "link": "https://www.youtube.com/watch?v=qrE35WIsxuI",
            "percent": 100,
            "hz": 240
        },
        {
            "user": "IRJBoss",
            "link": "https://youtu.be/yI5a1M72O3I",
            "percent": 100,
            "hz": 360
        },
        {
            "user": "HeartLess",
            "link": "https://youtu.be/2GCxscqsG-A?t=210",
            "percent": 100,
            "hz": 360
        },
        {
            "user": "Owlyy83",
            "link": "https://youtu.be/0nUGStxVkvE",
            "percent": 100,
            "hz": 240
        }
    ]
}
