{
    "id": 80485353,
    "name": "Shitty Worse Trip",
    "author": "FireRift",
    "creators": [],
    "verifier": "Luke",
    "verification": "https://www.youtube.com/watch?v=NGssw3D4yMI",
    "percentToQualify": 100,
    "records": [
        {
            "user": "Riptide",
            "link": "https://youtu.be/xCzaU9nWTsI",
            "percent": 100,
            "hz": 120
        },
        {
            "user": "Samuuu18",
            "link": "https://www.twitch.tv/videos/1528399906",
            "percent": 100,
            "hz": 360
        },
        {
            "user": "biskit",
            "link": "https://youtu.be/ZGwjZrSAaVw",
            "percent": 100,
            "hz": 360
        }
    ]
}
