{
    "id": 67158594,
    "name": "Shitty xo",
    "author": "iRaily",
    "creators": ["HargChucu", "GDClutter", "chspchips"],
    "verifier": "iRaily",
    "verification": "https://youtu.be/NdsrWfTZXOE",
    "percentToQualify": 62,
    "password": "003240",
    "records": [
        {
            "user": "Fh1r",
            "link": "https://www.youtube.com/watch?v=Smsuh2i5nIM",
            "percent": 100,
            "hz": 240
        },
        {
            "user": "Jandlust",
            "link": "https://youtu.be/RmU5yP7jTek",
            "percent": 100,
            "hz": 288
        },
        {
            "user": "ZerniasX",
            "link": "https://youtu.be/68PoPj4IDWc",
            "percent": 100,
            "hz": 288
        },
        {
            "user": "klik21",
            "link": "https://www.youtube.com/watch?v=4KEsCL_ZKU0",
            "percent": 100,
            "hz": 165
        },
        {
            "user": "Kobra456",
            "link": "https://www.youtube.com/watch?v=sahElOpSwos",
            "percent": 100,
            "hz": 288
        },
        {
            "user": "WhatsApp",
            "link": "https://youtu.be/iuyksjVNkPk",
            "percent": 100,
            "hz": 240
        },
        {
            "user": "Forensic54",
            "link": "https://youtu.be/-OHnyUOIgY8",
            "percent": 100,
            "hz": 165
        },
        {
            "user": "SrGuillester",
            "link": "https://www.youtube.com/watch?v=fHqhy9bO00o",
            "percent": 100,
            "hz": 144
        },
        {
            "user": "Dustik",
            "link": "https://www.youtube.com/watch?v=xKevZJdTkrE&ab_channel=Dustik",
            "percent": 100,
            "hz": 144
        },
        {
            "user": "GDTeabag",
            "link": "https://www.youtube.com/watch?v=GjIPcbPsMbs&t",
            "percent": 100,
            "hz": 240
        },
        {
            "user": "gdXposed",
            "link": "https://www.youtube.com/watch?v=CTQnLtK4SeE",
            "percent": 100,
            "hz": 240
        },
        {
            "user": "Alphii",
            "link": "https://www.youtube.com/watch?v=oaVktYRk0ec",
            "percent": 100,
            "hz": 300
        },
        {
            "user": "LHenrique",
            "link": "https://youtu.be/iX-O6-6am-8",
            "percent": 100,
            "hz": 240
        },
        {
            "user": "BlueTomcat",
            "link": "https://youtu.be/4uDhu-KOizU",
            "percent": 100,
            "hz": 144
        },
        {
            "user": "RafaUwU",
            "link": "https://youtu.be/gmKuLgZy8A4",
            "percent": 100,
            "hz": 120
        },
        {
            "user": "Ablixaa",
            "link": "https://www.youtube.com/watch?v=5KYXtHT-U6k",
            "percent": 100,
            "hz": 144
        },
        {
            "user": "Hulunn",
            "link": "https://www.youtube.com/watch?v=34gHiJRxqa4",
            "percent": 100,
            "hz": 288
        },
        {
            "user": "danialves555",
            "link": "https://youtu.be/K6EqWZ4Oe8U",
            "percent": 100,
            "hz": 240
        },
        {
            "user": "Airi~",
            "link": "https://www.youtube.com/watch?v=Dmjf3WB16yA",
            "percent": 100,
            "hz": 60
        },
        {
            "user": "IDeltaPhantomI",
            "link": "https://youtu.be/R57JwRyXpI4",
            "percent": 100,
            "hz": 240
        },
        {
            "user": "Realiosteelio",
            "link": "https://youtu.be/bjfX6KA9-88",
            "percent": 100,
            "hz": 360
        },
        {
            "user": "necreiP",
            "link": "https://youtu.be/RusGTqCtXbk",
            "percent": 100,
            "hz": 360
        },
        {
            "user": "Tango",
            "link": "https://www.youtube.com/watch?v=Zyrljh36a2w",
            "percent": 100,
            "hz": 144
        },
        {
            "user": "medamaude",
            "link": "https://www.youtube.com/watch?v=E4nILRuicu8",
            "percent": 100,
            "hz": 144
        },
        {
            "user": "itsmegadash",
            "link": "https://www.youtube.com/watch?v=E6fR1wTvdCM",
            "percent": 100,
            "hz": 150
        },
        {
            "user": "Delay",
            "link": "https://youtu.be/Pk0viHJnrdY",
            "percent": 100,
            "hz": 240
        },
        {
            "user": "Shock0811",
            "link": "https://youtu.be/qontrj7IHmc",
            "percent": 82,
            "hz": 120
        },
        {
            "user": "shinon",
            "link": "https://www.youtube.com/watch?v=OxatqBDxXys",
            "percent": 82,
            "hz": 120
        },
        {
            "user": "Pouche",
            "link": "https://www.youtube.com/watch?v=kALE4y51c-Q",
            "percent": 100,
            "hz": 144
        },
        {
            "user": "JustCrust",
            "link": "https://youtu.be/7KGrwRB7Q2A",
            "percent": 100,
            "hz": 240
        },
        {
            "user": "KandyMan",
            "link": "https://youtu.be/IA1d7VFG5HA",
            "percent": 100,
            "hz": 288
        },
        {
            "user": "Clpz",
            "link": "https://youtu.be/HJ5TVjUM_Gc",
            "percent": 100,
            "hz": 150
        },
        {
            "user": "Sushiboys",
            "link": "https://youtu.be/0UQcs7oAERs",
            "percent": 100,
            "hz": 300
        },
        {
            "user": "M4aximus",
            "link": "https://youtu.be/2jcOVkWJSDg",
            "percent": 100,
            "hz": 144
        },
        {
            "user": "DuckMoment",
            "link": "https://www.youtube.com/watch?v=dMSRbfoZ6Eg&t=5s",
            "percent": 62,
            "hz": 144
        },
        {
            "user": "GD CrimsonKing22",
            "link": "https://www.youtube.com/watch?v=ruHI6wSWxDA&ab_channel=GDCrimsonKing22",
            "percent": 100,
            "hz": 288
        },
        {
            "user": "Tai0",
            "link": "https://www.youtube.com/watch?v=qW0ny4Ws0tc",
            "percent": 100,
            "hz": 144
        },
        {
            "user": "NateFH",
            "link": "https://www.youtube.com/watch?v=QI0H52iQAQ4",
            "percent": 78,
            "hz": 60
        },
        {
            "user": "Charlielance",
            "link": "https://www.youtube.com/watch?v=Hj2X1WwXWZM",
            "percent": 78,
            "hz": 360
        },
        {
            "user": "LexTank",
            "link": "https://www.youtube.com/watch?v=9TlepMD_ckw",
            "percent": 100,
            "hz": 360
        },
        {
            "user": "Nolife",
            "link": "https://www.youtube.com/watch?v=xFzdmgIWYu8",
            "percent": 100,
            "hz": 240
        },
        {
            "user": "Acacia",
            "link": "https://www.youtube.com/watch?v=kxFXp1SKyLA",
            "percent": 100,
            "hz": 360
        },
        {
            "user": "Holojen",
            "link": "https://youtu.be/hll9NQypUAg",
            "percent": 100,
            "hz": 288
        },
        {
            "user": "Armani",
            "link": "https://www.youtube.com/watch?v=n_1u1i2tCxc",
            "percent": 100,
            "hz": 360
        },
        {
            "user": "WilltheRen",
            "link": "https://youtu.be/uP8KEYPPSF8",
            "percent": 100,
            "hz": 165
        },
        {
            "user": "AzielGD",
            "link": "https://www.youtube.com/watch?v=Uqui9REmqAA",
            "percent": 100,
            "hz": 60,
            "mobile": true
        },
        {
            "user": "Rixen Ace",
            "link": "https://www.youtube.com/watch?v=2JhbBUUNUU4",
            "percent": 100,
            "hz": 165
        },
        {
            "user": "GD Catalyst",
            "link": "https://youtu.be/ErYaty3zsFg",
            "percent": 100,
            "hz": 144
        },
        {
            "user": "Floomer",
            "link": "https://www.youtube.com/watch?v=qmDPucPwCb8&t=9s",
            "percent": 100,
            "hz": 360
        },
        {
            "user": "Snakez363",
            "link": "https://www.youtube.com/watch?v=zEZ4vGER1TQ",
            "percent": 100,
            "hz": 144
        },
        {
            "user": "H3lpFul",
            "link": "https://www.youtube.com/watch?v=huaA_xb6AWM",
            "percent": 100,
            "hz": 288
        },
        {
            "user": "MfoGaming1219",
            "link": "https://youtu.be/AXKP8GsXYd8",
            "percent": 100,
            "hz": 165
        },
        {
            "user": "Cooliguess",
            "link": "https://www.youtube.com/watch?v=TrKT8kqhjTA&ab_channel=yesno",
            "percent": 100,
            "hz": 360
        },
        {
            "user": "Dandy Chiggins",
            "link": "https://youtu.be/rviUBey3De8",
            "percent": 100,
            "hz": 240
        },
        {
            "user": "ItsMarcosGMD",
            "link": "https://www.youtube.com/watch?v=6ZdZAFsmVU8",
            "percent": 73,
            "hz": 240
        },
        {
            "user": "Shel",
            "link": "https://youtu.be/ezDr64ltze8",
            "percent": 100,
            "hz": 144
        },
        {
            "user": "M1nYong",
            "link": "https://youtu.be/7KVt8KhUNAg",
            "percent": 100,
            "hz": 360
        },
        {
            "user": "anay",
            "link": "https://www.youtube.com/watch?v=tILd696zhz4&t=26s",
            "percent": 86,
            "hz": 144
        },
        {
            "user": "LzKlauss",
            "link": "https://www.youtube.com/watch?v=ct-EyaIoiVg",
            "percent": 100,
            "hz": 360
        },
        {
            "user": "Juanjoim2007",
            "link": "https://www.youtube.com/watch?v=A8z842nAuiw",
            "percent": 100,
            "hz": 144
        },
        {
            "user": "ShyGamesGD",
            "link": "https://www.youtube.com/watch?v=v1dKNtAXAjk",
            "percent": 100,
            "hz": 240
        },
        {
            "user": "Alvarito =)",
            "link": "https://www.youtube.com/watch?v=Lk5PE1Kavak",
            "percent": 100,
            "hz": 165
        },
        {
            "user": "ImCrisGD",
            "link": "https://youtu.be/KrDcmuqCuPo",
            "percent": 100,
            "hz": 360
        },
        {
            "user": "MysthleGD",
            "link": "https://www.youtube.com/watch?v=jP-C5pg6n6g",
            "percent": 100,
            "hz": 360
        },
        {
            "user": "Papote Malote",
            "link": "https://www.youtube.com/watch?v=Ys65xKrHSu4",
            "percent": 100,
            "hz": 240
        },
        {
            "user": "tinnerhippo30",
            "link": "https://www.youtube.com/watch?v=fX2vbrQEUhk&ab_channel=TinnerHippo",
            "percent": 100,
            "hz": 144
        },
        {
            "user": "Saurix",
            "link": "https://youtu.be/7sP63alXLoI",
            "percent": 100,
            "hz": 240
        },
        {
            "user": "WilzX",
            "link": "https://www.youtube.com/watch?v=CVBZhIiCnAE",
            "percent": 62,
            "hz": 180
        },
        {
            "user": "francom17",
            "link": "https://youtu.be/Jj6d2sCErAk",
            "percent": 100,
            "hz": 120
        },
        {
            "user": "mustosk8",
            "link": "https://www.youtube.com/watch?v=UN0D9Kp9-xE&t=4s",
            "percent": 62,
            "hz": 360
        },
        {
            "user": "JuanGDMC",
            "link": "https://youtu.be/BJu4uea8fps",
            "percent": 100,
            "hz": 200
        },
        {
            "user": "kri1s5",
            "link": "https://youtu.be/4dvOLSr-uHE",
            "percent": 100,
            "hz": 60
        },
        {
            "user": "ZerokGT",
            "link": "https://www.youtube.com/watch?v=mQbcgQx6C1A",
            "percent": 62,
            "hz": 75
        },
        {
            "user": "GDYuna",
            "link": "https://www.youtube.com/watch?v=aAZupXbdBos",
            "percent": 100,
            "hz": 360
        },
        {
            "user": "JASM1818",
            "link": "https://youtu.be/QMdgDFe_-7w",
            "percent": 100,
            "hz": 120
        },
        {
            "user": "Sense.",
            "link": "https://youtu.be/7XBai4UasCQ",
            "percent": 100,
            "hz": 360
        },
        {
            "user": "Dusty175",
            "link": "https://youtu.be/eMF6gtVpE94",
            "percent": 91,
            "hz": 120
        },
        {
            "user": "KLOID",
            "link": "https://www.youtube.com/watch?v=mxnID98pdrg",
            "percent": 100,
            "hz": 144
        },
        {
            "user": "T333",
            "link": "https://youtu.be/whK_cCeVQVo",
            "percent": 100,
            "hz": 240
        },
        {
            "user": "RAFFOX",
            "link": "https://www.youtube.com/watch?v=pNrstmTRlrI",
            "percent": 100,
            "hz": 280
        },
        {
            "user": "homegrowntag",
            "link": "https://youtu.be/k0knRU1sRQM",
            "percent": 100,
            "hz": 144
        },
        {
            "user": "Renger Alpha",
            "link": "https://www.youtube.com/watch?v=TQpZJaxggnE&t=37s",
            "percent": 100,
            "hz": 120
        },
        {
            "user": "RealRylan",
            "link": "https://youtu.be/eiDn-PILwy4",
            "percent": 100,
            "hz": 360
        },
        {
            "user": "LKuteshi",
            "link": "https://youtu.be/3lok_bVdv28",
            "percent": 100,
            "hz": 120,
            "mobile": true
        },
        {
            "user": "Lerlas",
            "link": "https://youtu.be/LRZUB62Ig9k",
            "percent": 100,
            "hz": 240
        },
        {
            "user": "IELREXI",
            "link": "https://www.youtube.com/watch?v=9kL7WP9Akzg",
            "percent": 100,
            "hz": 144
        },
        {
            "user": "Flan",
            "link": "https://www.youtube.com/watch?v=ALM6crM7wQI",
            "percent": 100,
            "hz": 240
        },
        {
            "user": "TravelChimp",
            "link": "https://youtu.be/uHhLVIKy_Pk",
            "percent": 100,
            "hz": 288
        },
        {
            "user": "biskit",
            "link": "https://youtu.be/a624bTWq1FI",
            "percent": 100,
            "hz": 360
        },
        {
            "user": ".com",
            "link": "https://www.youtube.com/watch?v=HNPrd15RncY",
            "percent": 100,
            "hz": 120
        },
        {
            "user": "BlackAlex077",
            "link": "https://www.youtube.com/watch?v=A_Ezo-IJjqY",
            "percent": 100,
            "hz": 120
        },
        {
            "user": "Jimbe",
            "link": "https://www.youtube.com/watch?v=bfCSi4V40RQ",
            "percent": 100,
            "hz": 165
        },
        {
            "user": "GlitchyGlotch",
            "link": "https://www.youtube.com/watch?v=Kvhphco5zfA",
            "percent": 100,
            "hz": 360
        },
        {
            "user": "KroniteGD",
            "link": "https://www.youtube.com/watch?v=Aq684tdEyIg",
            "percent": 100,
            "hz": 144
        },
        {
            "user": "Mikatito",
            "link": "https://www.youtube.com/watch?v=_JdL7ZSoDsM",
            "percent": 100,
            "hz": 60
        },
        {
            "user": "Aneks",
            "link": "https://youtu.be/EuenRjYzkYQ",
            "percent": 100,
            "hz": 75
        },
        {
            "user": "ElBrocasYT",
            "link": "https://www.youtube.com/watch?v=XX1Gn_Xh1I8&t=16s",
            "percent": 100,
            "hz": 60
        }
    ]  
}
