{
    "id": 81848970,
    "name": "Shitty Yatagarasu",
    "author": "SupaX_",
    "creators": [
    "HdLink13",
    "fice",
    "iRaily",
    "Fishyyy",
    "Whitar",
    "Whitar",
    "SkyStorm",
    "R1fleRob0tz",
    "NourTheKing",
    "TheRealAiden",
    "Whiliams",
    "Waaab",
    "AlexFiter",
    "Prometheus",
    "DoubleSsymbol",
    "chspchips"
    ],
    "verifier": "TravelChimp",
    "verification": "https://youtu.be/eLDuFOzTebI",
    "percentToQualify": 58,
    "password": 696969,
    "records": [
        {
            "user": "KylashTheKiller",
            "link": "https://youtu.be/t4YrsndJKNQ",
            "percent": 100,                                   
            "hz": 60
        }
    ]
}
