{
    "id": 60976052,
    "name": "Shitty ZAPHKIEL",
    "author": "Serpyy",
    "creators": [],
    "verifier": "LLunaa",
    "verification": "https://www.youtube.com/watch?v=nDgBwccdbwk",
    "percentToQualify": 100,
    "password": "Free to Copy",
    "records": [
        {
            "user": "Fh1r",
            "link": "https://www.youtube.com/watch?v=nDgBwccdbwk",
            "percent": 100,
            "hz": 240
        },
        {
            "user": "Vink",
            "link": "https://youtu.be/SySShiQWDJA",
            "percent": 100,
            "hz": 120
        },
        {
            "user": "RG",
            "link": "https://www.youtube.com/watch?v=BxaadTZkpS8",
            "percent": 100,
            "hz": 240
        },
        {
            "user": "WhatsApp",
            "link": "https://youtu.be/I0ZkTmg1MYU",
            "percent": 100,
            "hz": 240
        },
        {
            "user": "GDMeric",
            "link": "https://www.youtube.com/watch?v=VLOHaT0GLHo&feature=youtu.be",
            "percent": 100,
            "hz": 144
        },
        {
            "user": "Moosh",
            "link": "https://www.youtube.com/watch?v=MAfShe_Y1qU",
            "percent": 100,
            "hz": 240
        },
        {
            "user": "crumche",
            "link": "https://cdn.discordapp.com/attachments/737134935881809963/737135132728623144/shitty_zaphkiel.mp4",
            "percent": 100,
            "hz": 120
        },
        {
            "user": "Wyaaronpc",
            "link": "https://youtu.be/MHWTGEgeuEo",
            "percent": 100,
            "hz": 240
        },
        {
            "user": "HamburgerMan",
            "link": "https://www.youtube.com/watch?v=6hr-BW8wVi4",
            "percent": 100,
            "hz": 240
        },
        {
            "user": "Hixobit",
            "link": "https://www.youtube.com/watch?v=VxfW19iNr88&feature=youtu.be",
            "percent": 100,
            "hz": 300
        },
        {
            "user": "Magma",
            "link": "https://www.youtube.com/watch?v=hSV2erBIcdw",
            "percent": 100,
            "hz": 300
        },
        {
            "user": "Renar333",
            "link": "https://youtu.be/P8RlkDbb2HM",
            "percent": 100,
            "hz": 120
        },
        {
            "user": "Hulunn",
            "link": "https://www.youtube.com/watch?v=Dbmnczb7Dus&lc=Ugzvpcwm6QUeW5-nOAl4AaABAg",
            "percent": 100,
            "hz": 300
        },
        {
            "user": "Th13teen",
            "link": "https://www.youtube.com/watch?v=3Tktx5VyZFI&feature=youtu.be",
            "percent": 100,
            "hz": 240
        },
        {
            "user": "TFIBB",
            "link": "https://www.youtube.com/watch?v=thTsf5Wuico",
            "percent": 100,
            "hz": 144
        },
        {
            "user": "Migel",
            "link": "https://youtu.be/P2jtZjKyZwY",
            "percent": 100,
            "hz": 240
        },
        {
            "user": "Bleamer",
            "link": "https://www.youtube.com/watch?v=9P_PZhQP2Es",
            "percent": 100,
            "hz": 300
        },
        {
            "user": "YemenHD",
            "link": "https://youtu.be/05peU8nj2PA",
            "percent": 100,
            "hz": 144
        },
        {
            "user": "Sydney",
            "link": "https://youtu.be/w1-D6-pPEF4",
            "percent": 100,
            "hz": 144
        },
        {
            "user": "Ryth",
            "link": "https://youtu.be/NvSbanfvN6w?t=1054",
            "percent": 100,
            "hz": 288
        },
        {
            "user": "xRiver007",
            "link": "https://www.youtube.com/watch?v=q_4OrZCVFrE",
            "percent": 100,
            "hz": 240
        },
        {
            "user": "MacJubber",
            "link": "https://youtu.be/YxL7lIDPDGI?t=84",
            "percent": 100,
            "hz": 300
        },
        {
            "user": "nng12",
            "link": "https://www.youtube.com/watch?v=QWWJ2BN4kD4",
            "percent": 100,
            "hz": 240
        },
        {
            "user": "StatiicBluey",
            "link": "https://youtu.be/5vDkH3Fe7oc",
            "percent": 100,
            "hz": 144
        },
        {
            "user": "zGod",
            "link": "https://youtu.be/t21s1shFXeY",
            "percent": 100,
            "hz": 240
        },
        {
            "user": "zMarc",
            "link": "https://youtu.be/JufIBdLxZIw",
            "percent": 100,
            "hz": 288
        },
        {
            "user": "Kobra456",
            "link": "https://www.youtube.com/watch?v=c8Qgyp_5k40",
            "percent": 100,
            "hz": 144
        },
        {
            "user": "Praerius",
            "link": "https://www.youtube.com/watch?v=hC6-DB-OySo&feature=youtu.be",
            "percent": 100,
            "hz": 288
        },
        {
            "user": "orizu",
            "link": "https://youtu.be/9_XvplWWuJA",
            "percent": 100,
            "hz": 240
        },
        {
            "user": "Tai0",
            "link": "https://youtu.be/Ddcwsp9sjEc",
            "percent": 100,
            "hz": 120
        },
        {
            "user": "ddddr",
            "link": "https://www.youtube.com/watch?v=IGcFujUq3Jo",
            "percent": 100,
            "hz": 144
        },
        {
            "user": "Depi YDN",
            "link": "https://www.youtube.com/watch?v=uC7Qy2L1jGE",
            "percent": 100,
            "hz": 240
        },
        {
            "user": "TzAnder",
            "link": "https://youtu.be/zGboTqD5waY",
            "percent": 100,
            "hz": 75
        },
        {
            "user": "FrostBurn",
            "link": "https://youtu.be/uhtsab27X-I",
            "percent": 100,
            "hz": 144
        },
        {
            "user": "WowoGD",
            "link": "https://youtu.be/LzTk5OaGDy0",
            "percent": 100,
            "hz": 240
        },
        {
            "user": "Aber",
            "link": "https://www.youtube.com/watch?v=wS1BgPK5E3I&ab_channel=Aber",
            "percent": 100,
            "hz": 144
        },
        {
            "user": "Alphanetic",
            "link": "https://www.twitch.tv/videos/750083147",
            "percent": 100,
            "hz": 165
        },
        {
            "user": "Fulva",
            "link": "https://youtu.be/Z4iCBuWUDoI",
            "percent": 100,
            "hz": 288
        },
        {
            "user": "Kapinapi",
            "link": "https://www.youtube.com/watch?v=N_eeMPD7o3k&t=422",
            "percent": 100,
            "hz": 144
        },
        {
            "user": "Ryclix",
            "link": "https://www.youtube.com/watch?v=Lt3lbnuNKHM&t=352s",
            "percent": 100,
            "hz": 288
        },
        {
            "user": "Velorum",
            "link": "https://www.youtube.com/watch?v=XHXf49iBb_g",
            "percent": 100,
            "hz": 240
        },
        {
            "user": "fakeiwnl",
            "link": "https://www.youtube.com/watch?v=fdmq3ciS99M&feature=youtu.be",
            "percent": 100,
            "hz": 288
        },
        {
            "user": "Weedeater69420",
            "link": "https://www.youtube.com/watch?v=Vgsak5dardU",
            "percent": 100,
            "hz": 280
        },
        {
            "user": "Franzy",
            "link": "https://youtu.be/a-KcNFhJhDE",
            "percent": 100,
            "hz": 120
        },
        {
            "user": "DingXD",
            "link": "https://youtu.be/gbJ20XLDt68",
            "percent": 100,
            "hz": 225
        },
        {
            "user": "ElijahJordan2",
            "link": "https://www.youtube.com/watch?v=Qn0vB1IEXGs",
            "percent": 100,
            "hz": 144
        },
        {
            "user": "DibiiziCookie",
            "link": "https://youtu.be/Rv6AaBwPK14",
            "percent": 100,
            "hz": 300
        },
        {
            "user": "jah",
            "link": "https://www.youtube.com/watch?v=dXHyzbqbf3o&feature=youtu.be",
            "percent": 100,
            "hz": 288
        },
        {
            "user": "ImScoping",
            "link": "https://youtu.be/WYEtdO5Qw9o",
            "percent": 100,
            "hz": 288
        },
        {
            "user": "Derek46",
            "link": "https://www.youtube.com/watch?v=T349nmyeZPA&feature=youtu.be",
            "percent": 100,
            "hz": 240
        },
        {
            "user": "ZerniasX",
            "link": "https://youtu.be/IBT51VvGfCM",
            "percent": 100,
            "hz": 144
        },
        {
            "user": "Peachy",
            "link": "https://youtu.be/GImzAR3iG-Y",
            "percent": 100,
            "hz": 144
        },
        {
            "user": "shekyus",
            "link": "https://www.youtube.com/watch?v=rtuhhiNrDmE",
            "percent": 100,
            "hz": 300
        },
        {
            "user": "anefu",
            "link": "https://www.youtube.com/watch?v=qXZpvm2zdv8",
            "percent": 100,
            "hz": 240
        },
        {
            "user": "Abdul Kareem",
            "link": "https://youtu.be/CDE5-24xOB0",
            "percent": 100,
            "hz": 144
        },
        {
            "user": "GabeLucario",
            "link": "https://www.youtube.com/watch?v=90-q28qjQeE&ab_channel=GabeLucario",
            "percent": 100,
            "hz": 240
        },
        {
            "user": "IDeltaPhantomI",
            "link": "https://youtu.be/6nKX1L5IApc",
            "percent": 100,
            "hz": 240
        },
        {
            "user": "idiotdash",
            "link": "https://youtu.be/gjexFdHWLJA",
            "percent": 100,
            "hz": 144
        },
        {
            "user": "iRaily",
            "link": "https://youtu.be/mfHn66ka7gg?t=198",
            "percent": 100,
            "hz": 288
        },
        {
            "user": "Zombieland",
            "link": "https://www.youtube.com/watch?v=6Tm_S16foG4&feature=youtu.be",
            "percent": 100,
            "hz": 288
        },
        {
            "user": "SuPPerBBoy [GD]",
            "link": "https://www.youtube.com/watch?v=6LuIKSheXLE",
            "percent": 100,
            "hz": 300
        },
        {
            "user": "RafaUwU",
            "link": "https://youtu.be/GWJitRoTl8g",
            "percent": 100,
            "hz": 120
        },
        {
            "user": "Marteh",
            "link": "https://youtu.be/y8DhLVaCPMY",
            "percent": 100,
            "hz": 144
        },
        {
            "user": "Lelzi",
            "link": "https://youtu.be/_iDE7lGoRSg",
            "percent": 100,
            "hz": 144
        },
        {
            "user": "Zan",
            "link": "https://www.youtube.com/watch?v=5ZEERm9II_I",
            "percent": 100,
            "hz": 144
        },
        {
            "user": "Dustik",
            "link": "https://www.youtube.com/watch?v=W19WTgtM07g&ab_channel=Dustik",
            "percent": 100,
            "hz": 144
        },
        {
            "user": "Nix3l",
            "link": "https://youtu.be/2Bn0DBcsodU",
            "percent": 100,
            "hz": 240
        },
        {
            "user": "YT kerfuffles",
            "link": "https://youtu.be/DBm1LBoA_AU",
            "percent": 100,
            "hz": 288
        },
        {
            "user": "Creatormichaelr",
            "link": "https://youtu.be/pVKf9qZF_Ac",
            "percent": 100,
            "hz": 288
        },
        {
            "user": "Consuno",
            "link": "https://www.youtube.com/watch?v=8nhM9brXgp4&feature=youtu.be",
            "percent": 100,
            "hz": 144
        },
        {
            "user": "KowoT",
            "link": "https://youtu.be/9J3hBRF9ICw",
            "percent": 100,
            "hz": 200
        },
        {
            "user": "PatoQuack",
            "link": "https://www.youtube.com/watch?v=THzWQ0LFgvU",
            "percent": 100,
            "hz": 144
        },
        {
            "user": "tuomaster",
            "link": "https://youtu.be/qypYNCGpfec",
            "percent": 100,
            "hz": 240
        },
        {
            "user": "Delphin",
            "link": "https://youtu.be/3-DnvefPr3k",
            "percent": 100,
            "hz": 75
        },
        {
            "user": "Emonadeo",
            "link": "https://www.youtube.com/watch?v=L1jSKkPP65c",
            "percent": 100,
            "hz": 240
        },
        {
            "user": "juuted",
            "link": "https://youtu.be/3WgwOAY93JU",
            "percent": 100,
            "hz": 240
        },
        {
            "user": "yonggal",
            "link": "https://youtu.be/wAJoCCwL86c",
            "percent": 100,
            "hz": 144
        },
        {
            "user": "SrGuillester",
            "link": "https://www.youtube.com/watch?v=fHqhy9bO00o",
            "percent": 100,
            "hz": 144
        },
        {
            "user": "attrixia",
            "link": "https://youtu.be/dIqijn-r4X0",
            "percent": 100,
            "hz": 240
        },
        {
            "user": "SuseJRG",
            "link": "https://youtu.be/aVNVNy9VaNU",
            "percent": 100,
            "hz": 120
        },
        {
            "user": "WauksGD",
            "link": "https://www.youtube.com/watch?v=mX_Jp1ZSoIM",
            "percent": 100,
            "hz": 144
        },
        {
            "user": "StampZ",
            "link": "https://youtu.be/e_t-cVucIvI",
            "percent": 100,
            "hz": 144
        },
        {
            "user": "InferiorPatty",
            "link": "https://www.youtube.com/watch?v=hGXegW2wEQw&ab_channel=InferiorPatty",
            "percent": 100,
            "hz": 300
        },
        {
            "user": "ItzElectrix",
            "link": "https://www.youtube.com/watch?v=uXUyRRBcy-M&t=663s",
            "percent": 100,
            "hz": 165
        },
        {
            "user": "GDTeabag",
            "link": "https://www.youtube.com/watch?v=yZvQpjC3nKM",
            "percent": 100,
            "hz": 240
        },
        {
            "user": "GD Darky",
            "link": "https://youtu.be/DITQo2HUeLM",
            "percent": 100,
            "hz": 240
        },
        {
            "user": "BlueTomcat",
            "link": "https://youtu.be/aYEFDi2jSGE",
            "percent": 100,
            "hz": 144
        },
        {
            "user": "ItzQuster",
            "link": "https://youtu.be/YbjL6sYtGfo",
            "percent": 100,
            "hz": 120
        },
        {
            "user": "Finki",
            "link": "https://www.youtube.com/watch?v=tJv1b15Ohtc",
            "percent": 100,
            "hz": 360
        },
        {
            "user": "danialves555",
            "link": "https://youtu.be/l7QB9i5i5YE",
            "percent": 100,
            "hz": 240
        },
        {
            "user": "Juan_7542",
            "link": "https://youtu.be/BmrxeaqIkEg",
            "percent": 100,
            "hz": 360
        },
        {
            "user": "SupaX_",
            "link": "https://youtu.be/sXir3_8MLZU",
            "percent": 100,
            "hz": 240
        },
        {
            "user": "Realiosteelio",
            "link": "https://youtu.be/mmKFZq8imOE",
            "percent": 100,
            "hz": 360
        },
        {
            "user": "TravelChimp",
            "link": "https://youtu.be/GfKz4UWylFA",
            "percent": 100,
            "hz": 288
        },
        {
            "user": "LHenrique",
            "link": "https://youtu.be/bgR2lNgjQCU",
            "percent": 100,
            "hz": 240
        },
        {
            "user": "Baconelsker",
            "link": "https://youtu.be/LELP0SiwCTg",
            "percent": 100,
            "hz": 240
        },
        {
            "user": "GD Catalyst",
            "link": "https://youtu.be/k8aLYT8iktg",
            "percent": 100,
            "hz": 144
        },
        {
            "user": "Patrick61804",
            "link": "https://www.youtube.com/watch?v=rNaM0_GdgBE",
            "percent": 100,
            "hz": 240
        },
        {
            "user": "CorpludGMD",
            "link": "https://youtu.be/_bDcuByhmmI",
            "percent": 100,
            "hz": 144
        },
        {
            "user": "deex3",
            "link": "https://www.youtube.com/watch?v=0YRlK58qAPE",
            "percent": 100,
            "hz": 360
        },
        {
            "user": "Frozono",
            "link": "https://youtu.be/rmtlue2Dd8g",
            "percent": 100,
            "hz": 60
        },
        {
            "user": "nayf",
            "link": "https://youtu.be/G9cDnlvMzK8",
            "percent": 100,
            "hz": 240
        },
        {
            "user": "MushroomB0i",
            "link": "https://www.youtube.com/watch?v=xOF1rhLYKC4",
            "percent": 100,
            "hz": 360
        },
        {
            "user": "Xenrik",
            "link": "https://www.youtube.com/watch?v=ERq7PX78QeY",
            "percent": 100,
            "hz": 144
        },
        {
            "user": "Sushiboys",
            "link": "https://youtu.be/_h8Vj6OlNs8",
            "percent": 100,
            "hz": 300
        },
        {
            "user": "Shel",
            "link": "https://www.youtube.com/watch?v=NLobxx4CysI",
            "percent": 100,
            "hz": 144
        },
        {
            "user": "ThirtyTwelve",
            "link": "https://www.youtube.com/watch?v=gFXMNpfXnC0",
            "percent": 100,
            "hz": 240
        },
        {
            "user": "Delay",
            "link": "https://www.youtube.com/watch?v=PPr17a8EK0U",
            "percent": 100,
            "hz": 240
        },
        {
            "user": "LzKlauss",
            "link": "https://www.youtube.com/watch?v=bGcvdbHQRlE",
            "percent": 100,
            "hz": 360
        },
        {
            "user": "BrightBird",
            "link": "https://www.youtube.com/watch?v=xtLJmBN5_ZM",
            "percent": 100,
            "hz": 60
        },
        {
            "user": "GD CrimsonKing22",
            "link": "https://www.youtube.com/watch?v=lftw_IGvlZA&ab_channel=GDCrimsonKing22",
            "percent": 100,
            "hz": 288
        },
        {
            "user": "MfoGaming1219",
            "link": "https://www.youtube.com/watch?v=2oCAFxsN9io",
            "percent": 100,
            "hz": 120
        },
        {
            "user": "Brinnn",
            "link": "https://youtu.be/gtJnZw_bYUw",
            "percent": 100,
            "hz": 120
        },
        {
            "user": "obsi",
            "link": "https://youtu.be/fxjiftLL-Mg",
            "percent": 100,
            "hz": 120
        },
        {
            "user": "shreksdonk",
            "link": "https://youtu.be/mBkWncMSfNE",
            "percent": 100,
            "hz": 144
        },
        {
            "user": "Davine_007",
            "link": "https://youtu.be/2WCKwEV1W0s",
            "percent": 100,
            "hz": 144
        },
        {
            "user": "Hasik",
            "link": "https://www.youtube.com/watch?v=Qk4fOpR0kXk&lc=UgxUA5fTiRPSfGUzC_J4AaABAg",
            "percent": 100,
            "hz": 165
        },
        {
            "user": "Decin0",
            "link": "https://youtu.be/Vnph2aB1gkw?t=175",
            "percent": 100,
            "hz": 288
        },
        {
            "user": "WilltheRen",
            "link": "https://www.youtube.com/watch?v=CU1NJ_SULv0",
            "percent": 100,
            "hz": 165
        },
        {
            "user": "spcreat",
            "link": "https://www.youtube.com/watch?v=aWIUgexBOYs",
            "percent": 100,
            "hz": 360
        },
        {
            "user": "Melcon",
            "link": "https://www.youtube.com/watch?v=VsKJtW-tuU0",
            "percent": 100,
            "hz": 360
        },
        {
            "user": "zygimantux",
            "link": "https://www.youtube.com/watch?v=Zvc55I_RaWI",
            "percent": 100,
            "hz": 144
        },
        {
            "user": "Chr8ts",
            "link": "https://www.youtube.com/watch?v=qH8NBJR4n64",
            "percent": 100,
            "hz": 240
        },
        {
            "user": "Chee2y",
            "link": "https://www.youtube.com/watch?v=uQ-AAFqQU-g",
            "percent": 100,
            "hz": 240
        },
        {
            "user": "zuva",
            "link": "https://www.youtube.com/watch?v=wrnplApQWCs&",
            "percent": 100,
            "hz": 165
        },
        {
            "user": "snakez363",
            "link": "https://www.youtube.com/watch?v=419qLaIHo-M",
            "percent": 100,
            "hz": 144
        },
        {
            "user": "Spinach",
            "link": "https://youtu.be/ZK4U4KTcy4M",
            "percent": 100,
            "hz": 288
        },
        {
            "user": "ItsMeAlex25",
            "link": "https://www.youtube.com/watch?v=WrQxKxJNhCc",
            "percent": 100,
            "hz": 280
        },
        {
            "user": "PinkCotton",
            "link": "https://youtu.be/WzjJ0cir3cQ",
            "percent": 100,
            "hz": 240
        },
        {
            "user": "Riptide",
            "link": "https://youtu.be/h02a2mPG0jc",
            "percent": 100,
            "hz": 120
        },
        {
            "user": "KasiaUwU",
            "link": "https://youtu.be/L8jlZyEqIoA",
            "percent": 100,
            "hz": 180
        },
        {
            "user": "Unacow",
            "link": "https://www.youtube.com/watch?v=SBqT_7S6sj4&list=PLVubV1vSd81q0A_93Nl0_hyk20gmQtoP3&index=14",
            "percent": 100,
            "hz": 240
        }
    ]
}
