{
    "id": 68458627,
    "name": "Shitty Ziroikabi",
    "author": "Qb1",
    "creators": [],
    "verifier": "Qb1",
    "verification": "https://youtu.be/AkqyDsHuM1A",
    "percentToQualify": 100,
    "password": "010101",
    "records": [
        {
            "user": "RedCraft",
            "link": "https://youtu.be/NDzwXy7R7Sc",
            "percent": 100,
            "hz": 288
        },
        {
            "user": "LinedriveGD",
            "link": "https://www.youtube.com/watch?v=0_37Z0Ne3vI",
            "percent": 100,
            "hz": 288
        },
        {
            "user": "ZerniasX",
            "link": "https://youtu.be/E09RiqIZPIQ",
            "percent": 100,
            "hz": 360
        },
        {
            "user": "ItzElectrix",
            "link": "https://www.youtube.com/watch?v=uXUyRRBcy-M&t=578s",
            "percent": 100,
            "hz": 165
        },
        {
            "user": "Kobra456",
            "link": "https://www.youtube.com/watch?v=VuPYfBseVXI",
            "percent": 100,
            "hz": 288
        },
        {
            "user": "attrixia",
            "link": "https://youtu.be/USKegrjux58",
            "percent": 100,
            "hz": 150
        },
        {
            "user": "klik21",
            "link": "https://www.youtube.com/watch?v=pXB4fOeJFMY",
            "percent": 100,
            "hz": 165
        },
        {
            "user": "iRaily",
            "link": "https://youtu.be/fmZ1fs-6MsI?t=105",
            "percent": 100,
            "hz": 288
        },
        {
            "user": "danialves555",
            "link": "https://www.youtube.com/watch?v=JQw4q3_puTM",
            "percent": 100,
            "hz": 240
        },
        {
            "user": "IDeltaPhantomI",
            "link": "https://youtu.be/vGEnl3HlAAA",
            "percent": 100,
            "hz": 240
        },
        {
            "user": "InferiorPatty",
            "link": "https://www.youtube.com/watch?v=IKzPOrD-NG8",
            "percent": 100,
            "hz": 360
        },
        {
            "user": "YemenHD",
            "link": "https://www.youtube.com/watch?v=SL6a9kW0SR0",
            "percent": 100,
            "hz": 144
        },
        {
            "user": "blessed",
            "link": "https://youtu.be/CGB0efTc6K8",
            "percent": 100,
            "hz": 60
        },
        {
            "user": "medamaude",
            "link": "https://youtu.be/rq87YaGB_0o",
            "percent": 100,
            "hz": 144
        },
        {
            "user": "Juan_7542",
            "link": "https://youtu.be/P8d3Aj4VlNQ",
            "percent": 100,
            "hz": 360
        },
        {
            "user": "SupaX_",
            "link": "https://youtu.be/OJjviuA2m-g",
            "percent": 100,
            "hz": 240
        },
        {
            "user": "Kanekigh",
            "link": "https://youtu.be/PlM_Jc3AxZo",
            "percent": 100,
            "hz": 360
        },
        {
            "user": "Zan",
            "link": "https://www.youtube.com/watch?v=jcCeYqpdVlQ",
            "percent": 100,
            "hz": 288
        },
        {
            "user": "Nolife",
            "link": "https://www.youtube.com/watch?v=UugQ8U0FbT4",
            "percent": 100,
            "hz": 240
        },
        {
            "user": "Sushiboys",
            "link": "https://www.youtube.com/watch?v=00RmiPsrtIw",
            "percent": 100,
            "hz": 300
        },
        {
            "user": "Cuin",
            "link": "https://youtu.be/gcXndyRHPyg",
            "percent": 100,
            "hz": 240
        },
        {
            "user": "Riptide",
            "link": "https://youtu.be/R0fmJZmxLwc",
            "percent": 100,
            "hz": 120
        },
        {
            "user": "J",
            "link": "https://youtu.be/W8cisfkBj9I",
            "percent": 100,
            "hz": 360
        }
    ]
}
